Workbook

Sheet LE11_BEHE_HO_P1toP2
S1: Strain and Stress Ranges | U1: BE-HE | AA1: Strain and Stress Ranges | AC1: BE-HE | AI1: Strain and Stress Ranges | AK1: BE-HE
R2: 10in | S2: Max. Axial Mechanical Tensile Strain OD (Hydrotest) | U2: 0.00176536 | V2: checked | W2: x | Z2: 10in | AA2: Max. Axial Mechanical Tensile Strain OD (Hydrotest) | AC2: 0.00106216 | AD2: checked | AE2: x | AH2: 10in | AI2: Max. Axial Mechanical Tensile Strain OD (Hydrotest) | AK2: 0.00029 | AL2: checked | AM2: x
R3: Sleeper | S3: Max. Axial Total Tensile Strain OD (Hydrotest) | U3: 0.00176536 | V3: checked | W3: x | Z3: Structure | AA3: Max. Axial Total Tensile Strain OD (Hydrotest) | AC3: 0.00106216 | AD3: checked | AE3: x | AH3: Other | AI3: Max. Axial Total Tensile Strain OD (Hydrotest) | AK3: 0.00029 | AL3: checked | AM3: x
S4: Max. Axial Mechanical Tensile Strain Midwall (Hydrotest) | U4: 0.00156892 | V4: checked | W4: x | AA4: Max. Axial Mechanical Tensile Strain Midwall (Hydrotest) | AC4: 0.000944744 | AD4: checked | AE4: x | AI4: Max. Axial Mechanical Tensile Strain Midwall (Hydrotest) | AK4: 0.00028 | AL4: checked | AM4: x
S5: Max. Axial Total Tensile Strain Midwall (Hydrotest) | U5: 0.00156892 | V5: checked | W5: x | AA5: Max. Axial Total Tensile Strain Midwall (Hydrotest) | AC5: 0.000944744 | AD5: checked | AE5: x | AI5: Max. Axial Total Tensile Strain Midwall (Hydrotest) | AK5: 0.00028 | AL5: checked | AM5: x
S6: Max. Axial Mechanical Tensile Strain OD (Design) | U6: 0.002417301 | V6: checked | W6: x | AA6: Max. Axial Mechanical Tensile Strain OD (Design) | AC6: 0.001117512 | AD6: checked | AE6: x | AI6: Max. Axial Mechanical Tensile Strain OD (Design) | AK6: 0.00073 | AL6: checked | AM6: x
S7: Max. Axial Total Tensile Strain OD (Design) | U7: 0.00344893 | V7: checked | W7: x | AA7: Max. Axial Total Tensile Strain OD (Design) | AC7: 0.00214876 | AD7: checked | AE7: x | AI7: Max. Axial Total Tensile Strain OD (Design) | AK7: 0.00172 | AL7: checked | AM7: x
S8: Max. Axial Mechanical Tensile Strain Midwall (Design) | U8: 0.002130451 | V8: checked | W8: x | AA8: Max. Axial Mechanical Tensile Strain Midwall (Design) | AC8: 0.000982982 | AD8: checked | AE8: x | AI8: Max. Axial Mechanical Tensile Strain Midwall (Design) | AK8: 0.00065 | AL8: checked | AM8: x
S9: Max. Axial Total Tensile Strain Midwall (Design) | U9: 0.00318003 | V9: checked | W9: x | AA9: Max. Axial Total Tensile Strain Midwall (Design) | AC9: 0.00204296 | AD9: checked | AE9: x | AI9: Max. Axial Total Tensile Strain Midwall (Design) | AK9: 0.00167 | AL9: checked | AM9: x
S10: Max. Axial Mechanical Tensile Strain OD (Early Life) | U10: 0.00211 | V10: checked | W10: x | AA10: Max. Axial Mechanical Tensile Strain OD (Early Life) | AC10: 0.00072 | AD10: checked | AE10: x | AI10: Max. Axial Mechanical Tensile Strain OD (Early Life) | AK10: 0.00018 | AL10: checked | AM10: x
S11: Max. Axial Total Tensile Strain OD (Early Life) | U11: 0.003 | V11: checked | W11: x | AA11: Max. Axial Total Tensile Strain OD (Early Life) | AC11: 0.00113 | AD11: checked | AE11: x | AI11: Max. Axial Total Tensile Strain OD (Early Life) | AK11: 0.001 | AL11: checked | AM11: x
S12: Max. Axial Mechanical Tensile Strain Midwall (Early Life) | U12: 0.00185 | V12: checked | W12: x | AA12: Max. Axial Mechanical Tensile Strain Midwall (Early Life) | AC12: 0.00063 | AD12: checked | AE12: x | AI12: Max. Axial Mechanical Tensile Strain Midwall (Early Life) | AK12: 0.00017 | AL12: checked | AM12: x
S13: Max. Axial Total Tensile Strain Midwall (Early Life) | U13: 0.00274 | V13: checked | W13: x | AA13: Max. Axial Total Tensile Strain Midwall (Early Life) | AC13: 0.00105 | AD13: checked | AE13: x | AI13: Max. Axial Total Tensile Strain Midwall (Early Life) | AK13: 0.00098 | AL13: checked | AM13: x
S14: Max. Axial Mechanical Tensile Strain OD (Mid Life) | U14: 0.00181 | AA14: Max. Axial Mechanical Tensile Strain OD (Mid Life) | AC14: 0.00072 | AI14: Max. Axial Mechanical Tensile Strain OD (Mid Life) | AK14: 0.00018
S15: Max. Axial Total Tensile Strain OD (Mid Life) | U15: 0.00268 | AA15: Max. Axial Total Tensile Strain OD (Mid Life) | AC15: 0.00113 | AI15: Max. Axial Total Tensile Strain OD (Mid Life) | AK15: 0.00099
S16: Max. Axial Mechanical Tensile Strain Midwall (Mid Life) | U16: 0.00158 | AA16: Max. Axial Mechanical Tensile Strain Midwall (Mid Life) | AC16: 0.00064 | AI16: Max. Axial Mechanical Tensile Strain Midwall (Mid Life) | AK16: 0.00016
S17: Max. Axial Total Tensile Strain Midwall (Mid Life) | U17: 0.00245 | AA17: Max. Axial Total Tensile Strain Midwall (Mid Life) | AC17: 0.00105 | AI17: Max. Axial Total Tensile Strain Midwall (Mid Life) | AK17: 0.00097
S18: Max. Axial Mechanical Tensile Strain OD (Late Life) | U18: 0.0018 | V18: checked | W18: x | AA18: Max. Axial Mechanical Tensile Strain OD (Late Life) | AC18: 0.00072 | AD18: checked | AE18: x | AI18: Max. Axial Mechanical Tensile Strain OD (Late Life) | AK18: 0.00018 | AL18: checked | AM18: x
S19: Max. Axial Total Tensile Strain OD (Late Life) | U19: 0.00268 | V19: checked | W19: x | AA19: Max. Axial Total Tensile Strain OD (Late Life) | AC19: 0.00113 | AD19: checked | AE19: x | AI19: Max. Axial Total Tensile Strain OD (Late Life) | AK19: 0.00098 | AL19: checked | AM19: x
S20: Max. Axial Mechanical Tensile Strain Midwall (Late Life) | U20: 0.00157 | V20: checked | W20: x | AA20: Max. Axial Mechanical Tensile Strain Midwall (Late Life) | AC20: 0.00064 | AD20: checked | AE20: x | AI20: Max. Axial Mechanical Tensile Strain Midwall (Late Life) | AK20: 0.00016 | AL20: checked | AM20: x
S21: Max. Axial Total Tensile Strain Midwall (Late Life) | U21: 0.00246 | V21: checked | W21: x | AA21: Max. Axial Total Tensile Strain Midwall (Late Life) | AC21: 0.00105 | AD21: checked | AE21: x | AI21: Max. Axial Total Tensile Strain Midwall (Late Life) | AK21: 0.00096 | AL21: checked | AM21: x
S22: Longitudinal Stress Range at Root, MPa (FCD) | T22: Early Life (1 to 15 yr) | AA22: Longitudinal Stress Range at Root, MPa (FCD) | AB22: Early Life (1 to 15 yr) | AI22: Longitudinal Stress Range at Root, MPa (FCD) | AJ22: Early Life (1 to 15 yr)
T24: Late Life (16 to 25 yr) | AB24: Late Life (16 to 25 yr) | AJ24: Late Life (16 to 25 yr)
S25: Longitudinal Stress Range at Root, MPa (PCD) | T25: Early Life (1 to 15 yr) | AA25: Longitudinal Stress Range at Root, MPa (PCD) | AB25: Early Life (1 to 15 yr) | AI25: Longitudinal Stress Range at Root, MPa (PCD) | AJ25: Early Life (1 to 15 yr)
T27: Late Life (16 to 25 yr) | AB27: Late Life (16 to 25 yr) | AJ27: Late Life (16 to 25 yr)
S28: Longitudinal Stress Range at Root, MPa (Between Hot Oiling) | T28: Early Life (1 to 15 yr) | AA28: Longitudinal Stress Range at Root, MPa (Between Hot Oiling) | AB28: Early Life (1 to 15 yr) | AI28: Longitudinal Stress Range at Root, MPa (Between Hot Oiling) | AJ28: Early Life (1 to 15 yr)
T30: Late Life (16 to 25 yr) | AB30: Late Life (16 to 25 yr) | AJ30: Late Life (16 to 25 yr)
S31: Longitudinal Stress Range at Root (Hydrotest), MPa | AA31: Longitudinal Stress Range at Root (Hydrotest), MPa | AI31: Longitudinal Stress Range at Root (Hydrotest), MPa
S32: Longitudinal Stress Range at Cap, MPa (FCD) | T32: Early Life (1 to 15 yr) | AA32: Longitudinal Stress Range at Cap, MPa (FCD) | AB32: Early Life (1 to 15 yr) | AI32: Longitudinal Stress Range at Cap, MPa (FCD) | AJ32: Early Life (1 to 15 yr)
T34: Late Life (16 to 25 yr) | AB34: Late Life (16 to 25 yr) | AJ34: Late Life (16 to 25 yr)
S35: Longitudinal Stress Range at Cap, MPa (PCD) | T35: Early Life (1 to 15 yr) | AA35: Longitudinal Stress Range at Cap, MPa (PCD) | AB35: Early Life (1 to 15 yr) | AI35: Longitudinal Stress Range at Cap, MPa (PCD) | AJ35: Early Life (1 to 15 yr)
T37: Late Life (16 to 25 yr) | AB37: Late Life (16 to 25 yr) | AJ37: Late Life (16 to 25 yr)
S38: Longitudinal Stress Range at Root, MPa (Between Hot Oiling) | T38: Early Life (1 to 15 yr) | AA38: Longitudinal Stress Range at Root, MPa (Between Hot Oiling) | AB38: Early Life (1 to 15 yr) | AI38: Longitudinal Stress Range at Root, MPa (Between Hot Oiling) | AJ38: Early Life (1 to 15 yr)
T40: Late Life (16 to 25 yr) | AB40: Late Life (16 to 25 yr) | AJ40: Late Life (16 to 25 yr)
S41: Longitudinal Stress Range at CAP (Hydrotest), MPa | AA41: Longitudinal Stress Range at CAP (Hydrotest), MPa | AI41: Longitudinal Stress Range at CAP (Hydrotest), MPa
S44: Strain and Stress Ranges | U44: BE-HE | V44: LE-BE | W44: BE-BE | X44: HE-BE | Y44: Input for ECA | AA44: Strain and Stress Ranges | AC44: BE-HE | AD44: LE-BE | AE44: BE-BE | AF44: HE-BE | AG44: Input for ECA | AI44: Strain and Stress Ranges | AK44: BE-HE | AL44: LE-BE | AM44: BE-BE | AN44: HE-BE | AO44: Input for ECA
R45: 12in | S45: Max. Axial Mechanical Tensile Strain OD (Hydrotest) | U45: 0.00187113 | V45: checked | W45: x | Z45: 12in | AA45: Max. Axial Mechanical Tensile Strain OD (Hydrotest) | AC45: 0.0013 | AD45: checked | AE45: x | AH45: 12in | AI45: Max. Axial Mechanical Tensile Strain OD (Hydrotest) | AK45: 0.00041 | AL45: checked | AM45: x
R46: Sleerper | S46: Max. Axial Total Tensile Strain OD (Hydrotest) | U46: 0.00187113 | V46: checked | W46: x | Z46: Structure | AA46: Max. Axial Total Tensile Strain OD (Hydrotest) | AC46: 0.0013 | AD46: checked | AE46: x | AH46: Other | AI46: Max. Axial Total Tensile Strain OD (Hydrotest) | AK46: 0.00041 | AL46: checked | AM46: x
S47: Max. Axial Mechanical Tensile Strain Midwall (Hydrotest) | U47: 0.00168138 | V47: checked | W47: x | AA47: Max. Axial Mechanical Tensile Strain Midwall (Hydrotest) | AC47: 0.0011 | AD47: checked | AE47: x | AI47: Max. Axial Mechanical Tensile Strain Midwall (Hydrotest) | AK47: 0.00038 | AL47: checked | AM47: x
S48: Max. Axial Total Tensile Strain Midwall (Hydrotest) | U48: 0.00168138 | V48: checked | W48: x | AA48: Max. Axial Total Tensile Strain Midwall (Hydrotest) | AC48: 0.0011 | AD48: checked | AE48: x | AI48: Max. Axial Total Tensile Strain Midwall (Hydrotest) | AK48: 0.00038 | AL48: checked | AM48: x
S49: Max. Axial Mechanical Tensile Strain OD (Design) | U49: 0.00289603 | V49: checked | W49: x | AA49: Max. Axial Mechanical Tensile Strain OD (Design) | AC49: 0.00125372 | AD49: checked | AE49: x | AI49: Max. Axial Mechanical Tensile Strain OD (Design) | AK49: 0.00055 | AL49: checked | AM49: x
S50: Max. Axial Total Tensile Strain OD (Design) | U50: 0.00406589 | V50: checked | W50: x | AA50: Max. Axial Total Tensile Strain OD (Design) | AC50: 0.00242358 | AD50: checked | AE50: x | AI50: Max. Axial Total Tensile Strain OD (Design) | AK50: 0.00172 | AL50: checked | AM50: x
S51: Max. Axial Mechanical Tensile Strain Midwall (Design) | U51: 0.00257853 | V51: checked | W51: x | AA51: Max. Axial Mechanical Tensile Strain Midwall (Design) | AC51: 0.00111888 | AD51: checked | AE51: x | AI51: Max. Axial Mechanical Tensile Strain Midwall (Design) | AK51: 0.0005 | AL51: checked | AM51: x
S52: Max. Axial Total Tensile Strain Midwall (Design) | U52: 0.00374839 | V52: checked | W52: x | AA52: Max. Axial Total Tensile Strain Midwall (Design) | AC52: 0.00228874 | AD52: checked | AE52: x | AI52: Max. Axial Total Tensile Strain Midwall (Design) | AK52: 0.00167 | AL52: checked | AM52: x
S53: Max. Axial Mechanical Tensile Strain OD (Early Life) | U53: 0.00212 | V53: checked | W53: x | AA53: Max. Axial Mechanical Tensile Strain OD (Early Life) | AC53: 0.00078 | AD53: checked | AE53: x | AI53: Max. Axial Mechanical Tensile Strain OD (Early Life) | AK53: 0.00027 | AL53: checked | AM53: x
S54: Max. Axial Total Tensile Strain OD (Early Life) | U54: 0.00299 | V54: checked | W54: x | AA54: Max. Axial Total Tensile Strain OD (Early Life) | AC54: 0.0015 | AD54: checked | AE54: x | AI54: Max. Axial Total Tensile Strain OD (Early Life) | AK54: 0.00097 | AL54: checked | AM54: x
S55: Max. Axial Mechanical Tensile Strain Midwall (Early Life) | U55: 0.00188 | V55: checked | W55: x | AA55: Max. Axial Mechanical Tensile Strain Midwall (Early Life) | AC55: 0.0007 | AD55: checked | AE55: x | AI55: Max. Axial Mechanical Tensile Strain Midwall (Early Life) | AK55: 0.00026 | AL55: checked | AM55: x
S56: Max. Axial Total Tensile Strain Midwall (Early Life) | U56: 0.00271 | V56: checked | W56: x | AA56: Max. Axial Total Tensile Strain Midwall (Early Life) | AC56: 0.00142 | AD56: checked | AE56: x | AI56: Max. Axial Total Tensile Strain Midwall (Early Life) | AK56: 0.00095 | AL56: checked | AM56: x
S57: Max. Axial Mechanical Tensile Strain OD (Mid Life) | U57: 0.002 | AA57: Max. Axial Mechanical Tensile Strain OD (Mid Life) | AC57: 0.0008 | AI57: Max. Axial Mechanical Tensile Strain OD (Mid Life) | AK57: 0.00026
S58: Max. Axial Total Tensile Strain OD (Mid Life) | U58: 0.00279 | AA58: Max. Axial Total Tensile Strain OD (Mid Life) | AC58: 0.00149 | AI58: Max. Axial Total Tensile Strain OD (Mid Life) | AK58: 0.00098
S59: Max. Axial Mechanical Tensile Strain Midwall (Mid Life) | U59: 0.00177 | AA59: Max. Axial Mechanical Tensile Strain Midwall (Mid Life) | AC59: 0.00072 | AI59: Max. Axial Mechanical Tensile Strain Midwall (Mid Life) | AK59: 0.00025
S60: Max. Axial Total Tensile Strain Midwall (Mid Life) | U60: 0.00256 | AA60: Max. Axial Total Tensile Strain Midwall (Mid Life) | AC60: 0.00142 | AI60: Max. Axial Total Tensile Strain Midwall (Mid Life) | AK60: 0.00096
S61: Max. Axial Mechanical Tensile Strain OD (Late Life) | U61: 0.00199 | V61: checked | W61: x | AA61: Max. Axial Mechanical Tensile Strain OD (Late Life) | AC61: 0.0008 | AD61: checked | AE61: x | AI61: Max. Axial Mechanical Tensile Strain OD (Late Life) | AK61: 0.00026 | AL61: checked | AM61: x
S62: Max. Axial Total Tensile Strain OD (Late Life) | U62: 0.00281 | V62: checked | W62: x | AA62: Max. Axial Total Tensile Strain OD (Late Life) | AC62: 0.0015 | AD62: checked | AE62: x | AI62: Max. Axial Total Tensile Strain OD (Late Life) | AK62: 0.00099 | AL62: checked | AM62: x
S63: Max. Axial Mechanical Tensile Strain Midwall (Late Life) | U63: 0.00176 | V63: checked | W63: x | AA63: Max. Axial Mechanical Tensile Strain Midwall (Late Life) | AC63: 0.00072 | AD63: checked | AE63: x | AI63: Max. Axial Mechanical Tensile Strain Midwall (Late Life) | AK63: 0.00025 | AL63: checked | AM63: x
S64: Max. Axial Total Tensile Strain Midwall (Late Life) | U64: 0.00258 | V64: checked | W64: x | AA64: Max. Axial Total Tensile Strain Midwall (Late Life) | AC64: 0.00142 | AD64: checked | AE64: x | AI64: Max. Axial Total Tensile Strain Midwall (Late Life) | AK64: 0.00097 | AL64: checked | AM64: x
S65: Longitudinal Stress Range at Root, MPa (FCD) | T65: Early Life (1 to 15 yr) | AA65: Longitudinal Stress Range at Root, MPa (FCD) | AB65: Early Life (1 to 15 yr) | AI65: Longitudinal Stress Range at Root, MPa (FCD) | AJ65: Early Life (1 to 15 yr)
T67: Late Life (16 to 25 yr) | AB67: Late Life (16 to 25 yr) | AJ67: Late Life (16 to 25 yr)
S68: Longitudinal Stress Range at Root, MPa (PCD) | T68: Early Life (1 to 15 yr) | AA68: Longitudinal Stress Range at Root, MPa (PCD) | AB68: Early Life (1 to 15 yr) | AI68: Longitudinal Stress Range at Root, MPa (PCD) | AJ68: Early Life (1 to 15 yr)
T70: Late Life (16 to 25 yr) | AB70: Late Life (16 to 25 yr) | AJ70: Late Life (16 to 25 yr)
S71: Longitudinal Stress Range at Root, MPa (Between Hot Oiling) | T71: Early Life (1 to 15 yr) | AA71: Longitudinal Stress Range at Root, MPa (Between Hot Oiling) | AB71: Early Life (1 to 15 yr) | AI71: Longitudinal Stress Range at Root, MPa (Between Hot Oiling) | AJ71: Early Life (1 to 15 yr)
T73: Late Life (16 to 25 yr) | AB73: Late Life (16 to 25 yr) | AJ73: Late Life (16 to 25 yr)
S74: Longitudinal Stress Range at Root (Hydrotest), MPa | AA74: Longitudinal Stress Range at Root (Hydrotest), MPa | AI74: Longitudinal Stress Range at Root (Hydrotest), MPa
S75: Longitudinal Stress Range at Cap, MPa (FCD) | T75: Early Life (1 to 15 yr) | AA75: Longitudinal Stress Range at Cap, MPa (FCD) | AB75: Early Life (1 to 15 yr) | AI75: Longitudinal Stress Range at Cap, MPa (FCD) | AJ75: Early Life (1 to 15 yr)
T77: Late Life (16 to 25 yr) | AB77: Late Life (16 to 25 yr) | AJ77: Late Life (16 to 25 yr)
S78: Longitudinal Stress Range at Cap, MPa (PCD) | T78: Early Life (1 to 15 yr) | AA78: Longitudinal Stress Range at Cap, MPa (PCD) | AB78: Early Life (1 to 15 yr) | AI78: Longitudinal Stress Range at Cap, MPa (PCD) | AJ78: Early Life (1 to 15 yr)
T80: Late Life (16 to 25 yr) | AB80: Late Life (16 to 25 yr) | AJ80: Late Life (16 to 25 yr)
S81: Longitudinal Stress Range at Root, MPa (Between Hot Oiling) | T81: Early Life (1 to 15 yr) | AA81: Longitudinal Stress Range at Root, MPa (Between Hot Oiling) | AB81: Early Life (1 to 15 yr) | AI81: Longitudinal Stress Range at Root, MPa (Between Hot Oiling) | AJ81: Early Life (1 to 15 yr)
T83: Late Life (16 to 25 yr) | AB83: Late Life (16 to 25 yr) | AJ83: Late Life (16 to 25 yr)
S84: Longitudinal Stress Range at CAP (Hydrotest), MPa | AA84: Longitudinal Stress Range at CAP (Hydrotest), MPa | AI84: Longitudinal Stress Range at CAP (Hydrotest), MPa

Sheet LE11_BEHE_HO_P2toP1
S1: Strain and Stress Ranges | U1: BE-HE | AA1: Strain and Stress Ranges | AC1: BE-HE | AI1: Strain and Stress Ranges | AK1: BE-HE
R2: 10in | S2: Max. Axial Mechanical Tensile Strain OD (Hydrotest) | U2: 0.00176536 | V2: checked | W2: x | Z2: 10in | AA2: Max. Axial Mechanical Tensile Strain OD (Hydrotest) | AC2: 0.00106216 | AD2: checked | AE2: x | AH2: 10in | AI2: Max. Axial Mechanical Tensile Strain OD (Hydrotest) | AK2: 0.00029 | AL2: checked | AM2: x
R3: Sleeper | S3: Max. Axial Total Tensile Strain OD (Hydrotest) | U3: 0.00176536 | V3: checked | W3: x | Z3: Structure | AA3: Max. Axial Total Tensile Strain OD (Hydrotest) | AC3: 0.00106216 | AD3: checked | AE3: x | AH3: Other | AI3: Max. Axial Total Tensile Strain OD (Hydrotest) | AK3: 0.00029 | AL3: checked | AM3: x
S4: Max. Axial Mechanical Tensile Strain Midwall (Hydrotest) | U4: 0.00156892 | V4: checked | W4: x | AA4: Max. Axial Mechanical Tensile Strain Midwall (Hydrotest) | AC4: 0.000944744 | AD4: checked | AE4: x | AI4: Max. Axial Mechanical Tensile Strain Midwall (Hydrotest) | AK4: 0.00028 | AL4: checked | AM4: x
S5: Max. Axial Total Tensile Strain Midwall (Hydrotest) | U5: 0.00156892 | V5: checked | W5: x | AA5: Max. Axial Total Tensile Strain Midwall (Hydrotest) | AC5: 0.000944744 | AD5: checked | AE5: x | AI5: Max. Axial Total Tensile Strain Midwall (Hydrotest) | AK5: 0.00028 | AL5: checked | AM5: x
S6: Max. Axial Mechanical Tensile Strain OD (Design) | U6: 0.002417301 | V6: checked | W6: x | AA6: Max. Axial Mechanical Tensile Strain OD (Design) | AC6: 0.001117512 | AD6: checked | AE6: x | AI6: Max. Axial Mechanical Tensile Strain OD (Design) | AK6: 0.00073 | AL6: checked | AM6: x
S7: Max. Axial Total Tensile Strain OD (Design) | U7: 0.00344893 | V7: checked | W7: x | AA7: Max. Axial Total Tensile Strain OD (Design) | AC7: 0.00214876 | AD7: checked | AE7: x | AI7: Max. Axial Total Tensile Strain OD (Design) | AK7: 0.00172 | AL7: checked | AM7: x
S8: Max. Axial Mechanical Tensile Strain Midwall (Design) | U8: 0.002130451 | V8: checked | W8: x | AA8: Max. Axial Mechanical Tensile Strain Midwall (Design) | AC8: 0.000982982 | AD8: checked | AE8: x | AI8: Max. Axial Mechanical Tensile Strain Midwall (Design) | AK8: 0.00065 | AL8: checked | AM8: x
S9: Max. Axial Total Tensile Strain Midwall (Design) | U9: 0.00318003 | V9: checked | W9: x | AA9: Max. Axial Total Tensile Strain Midwall (Design) | AC9: 0.00204296 | AD9: checked | AE9: x | AI9: Max. Axial Total Tensile Strain Midwall (Design) | AK9: 0.00167 | AL9: checked | AM9: x
S10: Max. Axial Mechanical Tensile Strain OD (Early Life) | U10: 0.00211 | V10: checked | W10: x | AA10: Max. Axial Mechanical Tensile Strain OD (Early Life) | AC10: 0.00072 | AD10: checked | AE10: x | AI10: Max. Axial Mechanical Tensile Strain OD (Early Life) | AK10: 0.00019 | AL10: checked | AM10: x
S11: Max. Axial Total Tensile Strain OD (Early Life) | U11: 0.003 | V11: checked | W11: x | AA11: Max. Axial Total Tensile Strain OD (Early Life) | AC11: 0.00122 | AD11: checked | AE11: x | AI11: Max. Axial Total Tensile Strain OD (Early Life) | AK11: 0.001 | AL11: checked | AM11: x
S12: Max. Axial Mechanical Tensile Strain Midwall (Early Life) | U12: 0.00185 | V12: checked | W12: x | AA12: Max. Axial Mechanical Tensile Strain Midwall (Early Life) | AC12: 0.00064 | AD12: checked | AE12: x | AI12: Max. Axial Mechanical Tensile Strain Midwall (Early Life) | AK12: 0.00017 | AL12: checked | AM12: x
S13: Max. Axial Total Tensile Strain Midwall (Early Life) | U13: 0.00274 | V13: checked | W13: x | AA13: Max. Axial Total Tensile Strain Midwall (Early Life) | AC13: 0.00114 | AD13: checked | AE13: x | AI13: Max. Axial Total Tensile Strain Midwall (Early Life) | AK13: 0.00098 | AL13: checked | AM13: x
S14: Max. Axial Mechanical Tensile Strain OD (Mid Life) | U14: 0.00184 | V14: checked | W14: x | AA14: Max. Axial Mechanical Tensile Strain OD (Mid Life) | AC14: 0.00072 | AD14: checked | AE14: x | AI14: Max. Axial Mechanical Tensile Strain OD (Mid Life) | AK14: 0.00019 | AL14: checked | AM14: x
S15: Max. Axial Total Tensile Strain OD (Mid Life) | U15: 0.00267 | V15: checked | AA15: Max. Axial Total Tensile Strain OD (Mid Life) | AC15: 0.00121 | AD15: checked | AI15: Max. Axial Total Tensile Strain OD (Mid Life) | AK15: 0.00099 | AL15: checked
S16: Max. Axial Mechanical Tensile Strain Midwall (Mid Life) | U16: 0.00162 | V16: checked | W16: x | AA16: Max. Axial Mechanical Tensile Strain Midwall (Mid Life) | AC16: 0.00064 | AD16: checked | AE16: x | AI16: Max. Axial Mechanical Tensile Strain Midwall (Mid Life) | AK16: 0.00017 | AL16: checked | AM16: x
S17: Max. Axial Total Tensile Strain Midwall (Mid Life) | U17: 0.00245 | V17: checked | AA17: Max. Axial Total Tensile Strain Midwall (Mid Life) | AC17: 0.00113 | AD17: checked | AI17: Max. Axial Total Tensile Strain Midwall (Mid Life) | AK17: 0.00097 | AL17: checked
S18: Max. Axial Mechanical Tensile Strain OD (Late Life) | U18: 0.00181 | V18: checked | W18: x | AA18: Max. Axial Mechanical Tensile Strain OD (Late Life) | AC18: 0.00072 | AD18: checked | AE18: x | AI18: Max. Axial Mechanical Tensile Strain OD (Late Life) | AK18: 0.0002 | AL18: checked | AM18: x
S19: Max. Axial Total Tensile Strain OD (Late Life) | U19: 0.00269 | V19: checked | W19: x | AA19: Max. Axial Total Tensile Strain OD (Late Life) | AC19: 0.00121 | AD19: checked | AE19: x | AI19: Max. Axial Total Tensile Strain OD (Late Life) | AK19: 0.001 | AL19: checked | AM19: x
S20: Max. Axial Mechanical Tensile Strain Midwall (Late Life) | U20: 0.00159 | V20: checked | W20: x | AA20: Max. Axial Mechanical Tensile Strain Midwall (Late Life) | AC20: 0.00064 | AD20: checked | AE20: x | AI20: Max. Axial Mechanical Tensile Strain Midwall (Late Life) | AK20: 0.0002 | AL20: checked | AM20: x
S21: Max. Axial Total Tensile Strain Midwall (Late Life) | U21: 0.00247 | V21: checked | W21: x | AA21: Max. Axial Total Tensile Strain Midwall (Late Life) | AC21: 0.00113 | AD21: checked | AE21: x | AI21: Max. Axial Total Tensile Strain Midwall (Late Life) | AK21: 0.001 | AL21: checked | AM21: x
S22: Longitudinal Stress Range at Root, MPa (FCD) | T22: Early Life (1 to 15 yr) | AA22: Longitudinal Stress Range at Root, MPa (FCD) | AB22: Early Life (1 to 15 yr) | AI22: Longitudinal Stress Range at Root, MPa (FCD) | AJ22: Early Life (1 to 15 yr)
T24: Late Life (16 to 25 yr) | AB24: Late Life (16 to 25 yr) | AJ24: Late Life (16 to 25 yr)
S25: Longitudinal Stress Range at Root, MPa (PCD) | T25: Early Life (1 to 15 yr) | AA25: Longitudinal Stress Range at Root, MPa (PCD) | AB25: Early Life (1 to 15 yr) | AI25: Longitudinal Stress Range at Root, MPa (PCD) | AJ25: Early Life (1 to 15 yr)
T27: Late Life (16 to 25 yr) | AB27: Late Life (16 to 25 yr) | AJ27: Late Life (16 to 25 yr)
S28: Longitudinal Stress Range at Root, MPa (Between Hot Oiling) | T28: Early Life (1 to 15 yr) | AA28: Longitudinal Stress Range at Root, MPa (Between Hot Oiling) | AB28: Early Life (1 to 15 yr) | AI28: Longitudinal Stress Range at Root, MPa (Between Hot Oiling) | AJ28: Early Life (1 to 15 yr)
T30: Late Life (16 to 25 yr) | AB30: Late Life (16 to 25 yr) | AJ30: Late Life (16 to 25 yr)
S31: Longitudinal Stress Range at Root (Hydrotest), MPa | AA31: Longitudinal Stress Range at Root (Hydrotest), MPa | AI31: Longitudinal Stress Range at Root (Hydrotest), MPa
S32: Longitudinal Stress Range at Cap, MPa (FCD) | T32: Early Life (1 to 15 yr) | AA32: Longitudinal Stress Range at Cap, MPa (FCD) | AB32: Early Life (1 to 15 yr) | AI32: Longitudinal Stress Range at Cap, MPa (FCD) | AJ32: Early Life (1 to 15 yr)
T34: Late Life (16 to 25 yr) | AB34: Late Life (16 to 25 yr) | AJ34: Late Life (16 to 25 yr)
S35: Longitudinal Stress Range at Cap, MPa (PCD) | T35: Early Life (1 to 15 yr) | AA35: Longitudinal Stress Range at Cap, MPa (PCD) | AB35: Early Life (1 to 15 yr) | AI35: Longitudinal Stress Range at Cap, MPa (PCD) | AJ35: Early Life (1 to 15 yr)
T37: Late Life (16 to 25 yr) | AB37: Late Life (16 to 25 yr) | AJ37: Late Life (16 to 25 yr)
S38: Longitudinal Stress Range at Root, MPa (Between Hot Oiling) | T38: Early Life (1 to 15 yr) | AA38: Longitudinal Stress Range at Root, MPa (Between Hot Oiling) | AB38: Early Life (1 to 15 yr) | AI38: Longitudinal Stress Range at Root, MPa (Between Hot Oiling) | AJ38: Early Life (1 to 15 yr)
T40: Late Life (16 to 25 yr) | AB40: Late Life (16 to 25 yr) | AJ40: Late Life (16 to 25 yr)
S41: Longitudinal Stress Range at CAP (Hydrotest), MPa | AA41: Longitudinal Stress Range at CAP (Hydrotest), MPa | AI41: Longitudinal Stress Range at CAP (Hydrotest), MPa
S44: Strain and Stress Ranges | U44: BE-HE | V44: LE-BE | W44: BE-BE | X44: HE-BE | Y44: Input for ECA | AA44: Strain and Stress Ranges | AC44: BE-HE | AD44: LE-BE | AE44: BE-BE | AF44: HE-BE | AG44: Input for ECA | AI44: Strain and Stress Ranges | AK44: BE-HE | AL44: LE-BE | AM44: BE-BE | AN44: HE-BE | AO44: Input for ECA
R45: 12in | S45: Max. Axial Mechanical Tensile Strain OD (Hydrotest) | U45: 0.00187113 | V45: checked | W45: x | Z45: 12in | AA45: Max. Axial Mechanical Tensile Strain OD (Hydrotest) | AC45: 0.0013 | AD45: checked | AE45: x | AH45: 12in | AI45: Max. Axial Mechanical Tensile Strain OD (Hydrotest) | AK45: 0.00041 | AL45: checked | AM45: x
R46: Sleerper | S46: Max. Axial Total Tensile Strain OD (Hydrotest) | U46: 0.00187113 | V46: checked | W46: x | Z46: Structure | AA46: Max. Axial Total Tensile Strain OD (Hydrotest) | AC46: 0.0013 | AD46: checked | AE46: x | AH46: Other | AI46: Max. Axial Total Tensile Strain OD (Hydrotest) | AK46: 0.00041 | AL46: checked | AM46: x
S47: Max. Axial Mechanical Tensile Strain Midwall (Hydrotest) | U47: 0.00168138 | V47: checked | W47: x | AA47: Max. Axial Mechanical Tensile Strain Midwall (Hydrotest) | AC47: 0.0011 | AD47: checked | AE47: x | AI47: Max. Axial Mechanical Tensile Strain Midwall (Hydrotest) | AK47: 0.00038 | AL47: checked | AM47: x
S48: Max. Axial Total Tensile Strain Midwall (Hydrotest) | U48: 0.00168138 | V48: checked | W48: x | AA48: Max. Axial Total Tensile Strain Midwall (Hydrotest) | AC48: 0.0011 | AD48: checked | AE48: x | AI48: Max. Axial Total Tensile Strain Midwall (Hydrotest) | AK48: 0.00038 | AL48: checked | AM48: x
S49: Max. Axial Mechanical Tensile Strain OD (Design) | U49: 0.00289603 | V49: checked | W49: x | AA49: Max. Axial Mechanical Tensile Strain OD (Design) | AC49: 0.00125372 | AD49: checked | AE49: x | AI49: Max. Axial Mechanical Tensile Strain OD (Design) | AK49: 0.00055 | AL49: checked | AM49: x
S50: Max. Axial Total Tensile Strain OD (Design) | U50: 0.00406589 | V50: checked | W50: x | AA50: Max. Axial Total Tensile Strain OD (Design) | AC50: 0.00242358 | AD50: checked | AE50: x | AI50: Max. Axial Total Tensile Strain OD (Design) | AK50: 0.00172 | AL50: checked | AM50: x
S51: Max. Axial Mechanical Tensile Strain Midwall (Design) | U51: 0.00257853 | V51: checked | W51: x | AA51: Max. Axial Mechanical Tensile Strain Midwall (Design) | AC51: 0.00111888 | AD51: checked | AE51: x | AI51: Max. Axial Mechanical Tensile Strain Midwall (Design) | AK51: 0.0005 | AL51: checked | AM51: x
S52: Max. Axial Total Tensile Strain Midwall (Design) | U52: 0.00374839 | V52: checked | W52: x | AA52: Max. Axial Total Tensile Strain Midwall (Design) | AC52: 0.00228874 | AD52: checked | AE52: x | AI52: Max. Axial Total Tensile Strain Midwall (Design) | AK52: 0.00167 | AL52: checked | AM52: x
S53: Max. Axial Mechanical Tensile Strain OD (Early Life) | U53: 0.00215 | V53: checked | W53: x | AA53: Max. Axial Mechanical Tensile Strain OD (Early Life) | AC53: 0.00078 | AD53: checked | AE53: x | AI53: Max. Axial Mechanical Tensile Strain OD (Early Life) | AK53: 0.00024 | AL53: checked | AM53: x
S54: Max. Axial Total Tensile Strain OD (Early Life) | U54: 0.00299 | V54: checked | W54: x | AA54: Max. Axial Total Tensile Strain OD (Early Life) | AC54: 0.0015 | AD54: checked | AE54: x | AI54: Max. Axial Total Tensile Strain OD (Early Life) | AK54: 0.00102 | AL54: checked | AM54: x
S55: Max. Axial Mechanical Tensile Strain Midwall (Early Life) | U55: 0.00191 | V55: checked | W55: x | AA55: Max. Axial Mechanical Tensile Strain Midwall (Early Life) | AC55: 0.0007 | AD55: checked | AE55: x | AI55: Max. Axial Mechanical Tensile Strain Midwall (Early Life) | AK55: 0.00023 | AL55: checked | AM55: x
S56: Max. Axial Total Tensile Strain Midwall (Early Life) | U56: 0.00272 | V56: checked | W56: x | AA56: Max. Axial Total Tensile Strain Midwall (Early Life) | AC56: 0.00142 | AD56: checked | AE56: x | AI56: Max. Axial Total Tensile Strain Midwall (Early Life) | AK56: 0.00101 | AL56: checked | AM56: x
S57: Max. Axial Mechanical Tensile Strain OD (Mid Life) | U57: 0.002 | V57: checked | W57: x | AA57: Max. Axial Mechanical Tensile Strain OD (Mid Life) | AC57: 0.00079 | AD57: checked | AE57: x | AI57: Max. Axial Mechanical Tensile Strain OD (Mid Life) | AK57: 0.00024 | AL57: checked | AM57: x
S58: Max. Axial Total Tensile Strain OD (Mid Life) | U58: 0.00278 | V58: checked | AA58: Max. Axial Total Tensile Strain OD (Mid Life) | AC58: 0.00149 | AD58: checked | AI58: Max. Axial Total Tensile Strain OD (Mid Life) | AK58: 0.00102 | AL58: checked
S59: Max. Axial Mechanical Tensile Strain Midwall (Mid Life) | U59: 0.00177 | V59: checked | W59: x | AA59: Max. Axial Mechanical Tensile Strain Midwall (Mid Life) | AC59: 0.00071 | AD59: checked | AE59: x | AI59: Max. Axial Mechanical Tensile Strain Midwall (Mid Life) | AK59: 0.00023 | AL59: checked | AM59: x
S60: Max. Axial Total Tensile Strain Midwall (Mid Life) | U60: 0.00256 | V60: checked | AA60: Max. Axial Total Tensile Strain Midwall (Mid Life) | AC60: 0.00142 | AD60: checked | AI60: Max. Axial Total Tensile Strain Midwall (Mid Life) | AK60: 0.001 | AL60: checked
S61: Max. Axial Mechanical Tensile Strain OD (Late Life) | U61: 0.002 | V61: checked | W61: x | AA61: Max. Axial Mechanical Tensile Strain OD (Late Life) | AC61: 0.00079 | AD61: checked | AE61: x | AI61: Max. Axial Mechanical Tensile Strain OD (Late Life) | AK61: 0.00024 | AL61: checked | AM61: x
S62: Max. Axial Total Tensile Strain OD (Late Life) | U62: 0.00277 | V62: checked | W62: x | AA62: Max. Axial Total Tensile Strain OD (Late Life) | AC62: 0.0015 | AD62: checked | AE62: x | AI62: Max. Axial Total Tensile Strain OD (Late Life) | AK62: 0.00102 | AL62: checked | AM62: x
S63: Max. Axial Mechanical Tensile Strain Midwall (Late Life) | U63: 0.0018 | V63: checked | W63: x | AA63: Max. Axial Mechanical Tensile Strain Midwall (Late Life) | AC63: 0.00071 | AD63: checked | AE63: x | AI63: Max. Axial Mechanical Tensile Strain Midwall (Late Life) | AK63: 0.00023 | AL63: checked | AM63: x
S64: Max. Axial Total Tensile Strain Midwall (Late Life) | U64: 0.00255 | V64: checked | W64: x | AA64: Max. Axial Total Tensile Strain Midwall (Late Life) | AC64: 0.00142 | AD64: checked | AE64: x | AI64: Max. Axial Total Tensile Strain Midwall (Late Life) | AK64: 0.001 | AL64: checked | AM64: x
S65: Longitudinal Stress Range at Root, MPa (FCD) | T65: Early Life (1 to 15 yr) | AA65: Longitudinal Stress Range at Root, MPa (FCD) | AB65: Early Life (1 to 15 yr) | AI65: Longitudinal Stress Range at Root, MPa (FCD) | AJ65: Early Life (1 to 15 yr)
T67: Late Life (16 to 25 yr) | AB67: Late Life (16 to 25 yr) | AJ67: Late Life (16 to 25 yr)
S68: Longitudinal Stress Range at Root, MPa (PCD) | T68: Early Life (1 to 15 yr) | AA68: Longitudinal Stress Range at Root, MPa (PCD) | AB68: Early Life (1 to 15 yr) | AI68: Longitudinal Stress Range at Root, MPa (PCD) | AJ68: Early Life (1 to 15 yr)
T70: Late Life (16 to 25 yr) | AB70: Late Life (16 to 25 yr) | AJ70: Late Life (16 to 25 yr)
S71: Longitudinal Stress Range at Root, MPa (Between Hot Oiling) | T71: Early Life (1 to 15 yr) | AA71: Longitudinal Stress Range at Root, MPa (Between Hot Oiling) | AB71: Early Life (1 to 15 yr) | AI71: Longitudinal Stress Range at Root, MPa (Between Hot Oiling) | AJ71: Early Life (1 to 15 yr)
T73: Late Life (16 to 25 yr) | AB73: Late Life (16 to 25 yr) | AJ73: Late Life (16 to 25 yr)
S74: Longitudinal Stress Range at Root (Hydrotest), MPa | AA74: Longitudinal Stress Range at Root (Hydrotest), MPa | AI74: Longitudinal Stress Range at Root (Hydrotest), MPa
S75: Longitudinal Stress Range at Cap, MPa (FCD) | T75: Early Life (1 to 15 yr) | AA75: Longitudinal Stress Range at Cap, MPa (FCD) | AB75: Early Life (1 to 15 yr) | AI75: Longitudinal Stress Range at Cap, MPa (FCD) | AJ75: Early Life (1 to 15 yr)
T77: Late Life (16 to 25 yr) | AB77: Late Life (16 to 25 yr) | AJ77: Late Life (16 to 25 yr)
S78: Longitudinal Stress Range at Cap, MPa (PCD) | T78: Early Life (1 to 15 yr) | AA78: Longitudinal Stress Range at Cap, MPa (PCD) | AB78: Early Life (1 to 15 yr) | AI78: Longitudinal Stress Range at Cap, MPa (PCD) | AJ78: Early Life (1 to 15 yr)
T80: Late Life (16 to 25 yr) | AB80: Late Life (16 to 25 yr) | AJ80: Late Life (16 to 25 yr)
S81: Longitudinal Stress Range at Root, MPa (Between Hot Oiling) | T81: Early Life (1 to 15 yr) | AA81: Longitudinal Stress Range at Root, MPa (Between Hot Oiling) | AB81: Early Life (1 to 15 yr) | AI81: Longitudinal Stress Range at Root, MPa (Between Hot Oiling) | AJ81: Early Life (1 to 15 yr)
T83: Late Life (16 to 25 yr) | AB83: Late Life (16 to 25 yr) | AJ83: Late Life (16 to 25 yr)
S84: Longitudinal Stress Range at CAP (Hydrotest), MPa | AA84: Longitudinal Stress Range at CAP (Hydrotest), MPa | AI84: Longitudinal Stress Range at CAP (Hydrotest), MPa

Sheet LE11_LEBE_HO_P1toP2
S1: Strain and Stress Ranges | U1: LE-BE | AA1: Strain and Stress Ranges | AC1: LE-BE | AI1: Strain and Stress Ranges | AK1: LE-BE
R2: 10in | S2: Max. Axial Mechanical Tensile Strain OD (Hydrotest) | U2: 0.00177298 | V2: checked | W2: x | Z2: 10in | AA2: Max. Axial Mechanical Tensile Strain OD (Hydrotest) | AC2: 0.00110818 | AD2: checked | AE2: x | AH2: 10in | AI2: Max. Axial Mechanical Tensile Strain OD (Hydrotest) | AK2: 0.00110818 | AL2: checked | AM2: x
R3: Sleeper | S3: Max. Axial Total Tensile Strain OD (Hydrotest) | U3: 0.00177298 | V3: checked | W3: x | Z3: Structure | AA3: Max. Axial Total Tensile Strain OD (Hydrotest) | AC3: 0.00110818 | AD3: checked | AE3: x | AH3: Other | AI3: Max. Axial Total Tensile Strain OD (Hydrotest) | AK3: 0.00110818 | AL3: checked | AM3: x
S4: Max. Axial Mechanical Tensile Strain Midwall (Hydrotest) | U4: 0.00163656 | V4: checked | W4: x | AA4: Max. Axial Mechanical Tensile Strain Midwall (Hydrotest) | AC4: 0.000987333 | AD4: checked | AE4: x | AI4: Max. Axial Mechanical Tensile Strain Midwall (Hydrotest) | AK4: 0.000987333 | AL4: checked | AM4: x
S5: Max. Axial Total Tensile Strain Midwall (Hydrotest) | U5: 0.00157642 | V5: checked | W5: x | AA5: Max. Axial Total Tensile Strain Midwall (Hydrotest) | AC5: 0.000987333 | AD5: checked | AE5: x | AI5: Max. Axial Total Tensile Strain Midwall (Hydrotest) | AK5: 0.000987333 | AL5: checked | AM5: x
S6: Max. Axial Mechanical Tensile Strain OD (Design) | U6: 0.00219046 | V6: checked | W6: x | AA6: Max. Axial Mechanical Tensile Strain OD (Design) | AC6: 0.00116062 | AD6: checked | AE6: x | AI6: Max. Axial Mechanical Tensile Strain OD (Design) | AK6: 0.00116062 | AL6: checked | AM6: x
S7: Max. Axial Total Tensile Strain OD (Design) | U7: 0.00323953 | V7: checked | W7: x | AA7: Max. Axial Total Tensile Strain OD (Design) | AC7: 0.00217093 | AD7: checked | AE7: x | AI7: Max. Axial Total Tensile Strain OD (Design) | AK7: 0.00217093 | AL7: checked | AM7: x
S8: Max. Axial Mechanical Tensile Strain Midwall (Design) | U8: 0.00193278 | V8: checked | W8: x | AA8: Max. Axial Mechanical Tensile Strain Midwall (Design) | AC8: 0.00102296 | AD8: checked | AE8: x | AI8: Max. Axial Mechanical Tensile Strain Midwall (Design) | AK8: 0.00102296 | AL8: checked | AM8: x
S9: Max. Axial Total Tensile Strain Midwall (Design) | U9: 0.00299725 | V9: checked | W9: x | AA9: Max. Axial Total Tensile Strain Midwall (Design) | AC9: 0.00206439 | AD9: checked | AE9: x | AI9: Max. Axial Total Tensile Strain Midwall (Design) | AK9: 0.00206439 | AL9: checked | AM9: x
S10: Max. Axial Mechanical Tensile Strain OD (Early Life) | U10: 0.00215 | V10: checked | W10: x | AA10: Max. Axial Mechanical Tensile Strain OD (Early Life) | AC10: 0.0007 | AD10: checked | AE10: x | AI10: Max. Axial Mechanical Tensile Strain OD (Early Life) | AK10: 0.00018 | AL10: checked | AM10: x
S11: Max. Axial Total Tensile Strain OD (Early Life) | U11: 0.00305 | V11: checked | W11: x | AA11: Max. Axial Total Tensile Strain OD (Early Life) | AC11: 0.00114 | AD11: checked | AE11: x | AI11: Max. Axial Total Tensile Strain OD (Early Life) | AK11: 0.001 | AL11: checked | AM11: x
S12: Max. Axial Mechanical Tensile Strain Midwall (Early Life) | U12: 0.00188 | V12: checked | W12: x | AA12: Max. Axial Mechanical Tensile Strain Midwall (Early Life) | AC12: 0.00062 | AD12: checked | AE12: x | AI12: Max. Axial Mechanical Tensile Strain Midwall (Early Life) | AK12: 0.00016 | AL12: checked | AM12: x
S13: Max. Axial Total Tensile Strain Midwall (Early Life) | U13: 0.00278 | V13: checked | W13: x | AA13: Max. Axial Total Tensile Strain Midwall (Early Life) | AC13: 0.00141 | AD13: checked | AE13: x | AI13: Max. Axial Total Tensile Strain Midwall (Early Life) | AK13: 0.00098 | AL13: checked | AM13: x
S14: Max. Axial Mechanical Tensile Strain OD (Mid Life) | U14: 0.00178 | V14: checked | W14: x | AA14: Max. Axial Mechanical Tensile Strain OD (Mid Life) | AC14: 0.0007 | AD14: checked | AE14: x | AI14: Max. Axial Mechanical Tensile Strain OD (Mid Life) | AK14: 0.00018 | AL14: checked | AM14: x
S15: Max. Axial Total Tensile Strain OD (Mid Life) | U15: 0.00265 | V15: checked | W15: x | AA15: Max. Axial Total Tensile Strain OD (Mid Life) | AC15: 0.00114 | AD15: checked | AE15: x | AI15: Max. Axial Total Tensile Strain OD (Mid Life) | AK15: 0.00098 | AL15: checked | AM15: x
... S21: Max. Axial Total Tensile Strain Midwall (Late Life) | U21: 0.00242 | V21: checked | W21: x | AA21: Max. Axial Total Tensile Strain Midwall (Late Life) | AC21: 0.00106 | AD21: checked | AE21: x | AI21: Max. Axial Total Tensile Strain Midwall (Late Life) | AK21: 0.00095 | AL21: checked | AM21: x
S22: Longitudinal Stress Range at Root, MPa (FCD) | T22: Early Life (1 to 15 yr) | AA22: Longitudinal Stress Range at Root, MPa (FCD) | AB22: Early Life (1 to 15 yr) | AI22: Longitudinal Stress Range at Root, MPa (FCD) | AJ22: Early Life (1 to 15 yr)
T24: Late Life (16 to 25 yr) | AB24: Late Life (16 to 25 yr) | AJ24: Late Life (16 to 25 yr)
S25: Longitudinal Stress Range at Root, MPa (PCD) | T25: Early Life (1 to 15 yr) | AA25: Longitudinal Stress Range at Root, MPa (PCD) | AB25: Early Life (1 to 15 yr) | AI25: Longitudinal Stress Range at Root, MPa (PCD) | AJ25: Early Life (1 to 15 yr)
T27: Late Life (16 to 25 yr) | AB27: Late Life (16 to 25 yr) | AJ27: Late Life (16 to 25 yr)
S28: Longitudinal Stress Range at Root, MPa (Between Hot Oiling) | T28: Early Life (1 to 15 yr) | AA28: Longitudinal Stress Range at Root, MPa (Between Hot Oiling) | AB28: Early Life (1 to 15 yr) | AI28: Longitudinal Stress Range at Root, MPa (Between Hot Oiling) | AJ28: Early Life (1 to 15 yr)
T30: Late Life (16 to 25 yr) | AB30: Late Life (16 to 25 yr) | AJ30: Late Life (16 to 25 yr)
S31: Longitudinal Stress Range at Root (Hydrotest), MPa | AA31: Longitudinal Stress Range at Root (Hydrotest), MPa | AI31: Longitudinal Stress Range at Root (Hydrotest), MPa
S32: Longitudinal Stress Range at Cap, MPa (FCD) | T32: Early Life (1 to 15 yr) | AA32: Longitudinal Stress Range at Cap, MPa (FCD) | AB32: Early Life (1 to 15 yr) | AI32: Longitudinal Stress Range at Cap, MPa (FCD) | AJ32: Early Life (1 to 15 yr)
T34: Late Life (16 to 25 yr) | AB34: Late Life (16 to 25 yr) | AJ34: Late Life (16 to 25 yr)
S35: Longitudinal Stress Range at Cap, MPa (PCD) | T35: Early Life (1 to 15 yr) | AA35: Longitudinal Stress Range at Cap, MPa (PCD) | AB35: Early Life (1 to 15 yr) | AI35: Longitudinal Stress Range at Cap, MPa (PCD) | AJ35: Early Life (1 to 15 yr)
T37: Late Life (16 to 25 yr) | AB37: Late Life (16 to 25 yr) | AJ37: Late Life (16 to 25 yr)
S38: Longitudinal Stress Range at Root, MPa (Between Hot Oiling) | T38: Early Life (1 to 15 yr) | AA38: Longitudinal Stress Range at Root, MPa (Between Hot Oiling) | AB38: Early Life (1 to 15 yr) | AI38: Longitudinal Stress Range at Root, MPa (Between Hot Oiling) | AJ38: Early Life (1 to 15 yr)
T40: Late Life (16 to 25 yr) | AB40: Late Life (16 to 25 yr) | AJ40: Late Life (16 to 25 yr)
S41: Longitudinal Stress Range at CAP (Hydrotest), MPa | AA41: Longitudinal Stress Range at CAP (Hydrotest), MPa | AI41: Longitudinal Stress Range at CAP (Hydrotest), MPa
S44: Strain and Stress Ranges | U44: LE-BE | V44: LE-BE | W44: BE-BE | X44: HE-BE | Y44: Input for ECA | AA44: Strain and Stress Ranges | AC44: LE-BE | AD44: LE-BE | AE44: BE-BE | AF44: HE-BE | AG44: Input for ECA | AI44: Strain and Stress Ranges | AK44: LE-BE | AL44: LE-BE | AM44: BE-BE | AN44: HE-BE | AO44: Input for ECA
R45: 12in | S45: Max. Axial Mechanical Tensile Strain OD (Hydrotest) | U45: 0.00182003 | V45: checked | W45: x | Z45: 12in | AA45: Max. Axial Mechanical Tensile Strain OD (Hydrotest) | AC45: 0.00130132 | AD45: checked | AE45: x | AH45: 12in | AI45: Max. Axial Mechanical Tensile Strain OD (Hydrotest) | AK45: 0.00130132 | AL45: checked | AM45: x
R46: Sleeper | S46: Max. Axial Total Tensile Strain OD (Hydrotest) | U46: 0.00182003 | V46: checked | W46: x | Z46: Structure | AA46: Max. Axial Total Tensile Strain OD (Hydrotest) | AC46: 0.00130132 | AD46: checked | AE46: x | AH46: Other | AI46: Max. Axial Total Tensile Strain OD (Hydrotest) | AK46: 0.00130132 | AL46: checked | AM46: x
S47: Max. Axial Mechanical Tensile Strain Midwall (Hydrotest) | U47: 0.00163656 | V47: checked | W47: x | AA47: Max. Axial Mechanical Tensile Strain Midwall (Hydrotest) | AC47: 0.00117225 | AD47: checked | AE47: x | AI47: Max. Axial Mechanical Tensile Strain Midwall (Hydrotest) | AK47: 0.00117225 | AL47: checked | AM47: x
S48: Max. Axial Total Tensile Strain Midwall (Hydrotest) | U48: 0.00163656 | V48: checked | W48: x | AA48: Max. Axial Total Tensile Strain Midwall (Hydrotest) | AC48: 0.00117225 | AD48: checked | AE48: x | AI48: Max. Axial Total Tensile Strain Midwall (Hydrotest) | AK48: 0.00117225 | AL48: checked | AM48: x
S49: Max. Axial Mechanical Tensile Strain OD (Design) | U49: 0.00224924 | V49: checked | W49: x | AA49: Max. Axial Mechanical Tensile Strain OD (Design) | AC49: 0.00129924 | AD49: checked | AE49: x | AI49: Max. Axial Mechanical Tensile Strain OD (Design) | AK49: 0.00129924 | AL49: checked | AM49: x
S50: Max. Axial Total Tensile Strain OD (Design) | U50: 0.0034191 | V50: checked | W50: x | AA50: Max. Axial Total Tensile Strain OD (Design) | AC50: 0.0024691 | AD50: checked | AE50: x | AI50: Max. Axial Total Tensile Strain OD (Design) | AK50: 0.0024691 | AL50: checked | AM50: x
S51: Max. Axial Mechanical Tensile Strain Midwall (Design) | U51: 0.00200698 | V51: checked | W51: x | AA51: Max. Axial Mechanical Tensile Strain Midwall (Design) | AC51: 0.00116091 | AD51: checked | AE51: x | AI51: Max. Axial Mechanical Tensile Strain Midwall (Design) | AK51: 0.00116091 | AL51: checked | AM51: x
S52: Max. Axial Total Tensile Strain Midwall (Design) | U52: 0.00317684 | V52: checked | W52: x | AA52: Max. Axial Total Tensile Strain Midwall (Design) | AC52: 0.00233077 | AD52: checked | AE52: x | AI52: Max. Axial Total Tensile Strain Midwall (Design) | AK52: 0.00233077 | AL52: checked | AM52: x
S53: Max. Axial Mechanical Tensile Strain OD (Early Life) | U53: 0.0023 | V53: checked | W53: x | AA53: Max. Axial Mechanical Tensile Strain OD (Early Life) | AC53: 0.00077 | AD53: checked | AE53: x | AI53: Max. Axial Mechanical Tensile Strain OD (Early Life) | AK53: 0.00024 | AL53: checked | AM53: x
S54: Max. Axial Total Tensile Strain OD (Early Life) | U54: 0.00308 | V54: checked | W54: x | AA54: Max. Axial Total Tensile Strain OD (Early Life) | AC54: 0.00151 | AD54: checked | AE54: x | AI54: Max. Axial Total Tensile Strain OD (Early Life) | AK54: 0.00097 | AL54: checked | AM54: x
S55: Max. Axial Mechanical Tensile Strain Midwall (Early Life) | U55: 0.002 | V55: checked | W55: x | AA55: Max. Axial Mechanical Tensile Strain Midwall (Early Life) | AC55: 0.00069 | AD55: checked | AE55: x | AI55: Max. Axial Mechanical Tensile Strain Midwall (Early Life) | AK55: 0.00022 | AL55: checked | AM55: x
S56: Max. Axial Total Tensile Strain Midwall (Early Life) | U56: 0.00283 | V56: checked | W56: x | AA56: Max. Axial Total Tensile Strain Midwall (Early Life) | AC56: 0.00143 | AD56: checked | AE56: x | AI56: Max. Axial Total Tensile Strain Midwall (Early Life) | AK56: 0.00095 | AL56: checked | AM56: x
S57: Max. Axial Mechanical Tensile Strain OD (Mid Life) | U57: 0.0019 | V57: checked | W57: x | AA57: Max. Axial Mechanical Tensile Strain OD (Mid Life) | AC57: 0.00079 | AD57: checked | AE57: x | AI57: Max. Axial Mechanical Tensile Strain OD (Mid Life) | AK57: 0.00023 | AL57: checked | AM57: x
S58: Max. Axial Total Tensile Strain OD (Mid Life) | U58: 0.00269 | V58: checked | W58: x | AA58: Max. Axial Total Tensile Strain OD (Mid Life) | AC58: 0.00151 | AD58: checked | AE58: x | AI58: Max. Axial Total Tensile Strain OD (Mid Life) | AK58: 0.00098 | AL58: checked | AM58: x
... S64: Max. Axial Total Tensile Strain Midwall (Late Life) | U64: 0.00248 | V64: checked | W64: x | AA64: Max. Axial Total Tensile Strain Midwall (Late Life) | AC64: 0.00144 | AD64: checked | AE64: x | AI64: Max. Axial Total Tensile Strain Midwall (Late Life) | AK64: 0.00097 | AL64: checked | AM64: x
S65: Longitudinal Stress Range at Root, MPa (FCD) | T65: Early Life (1 to 15 yr) | AA65: Longitudinal Stress Range at Root, MPa (FCD) | AB65: Early Life (1 to 15 yr) | AI65: Longitudinal Stress Range at Root, MPa (FCD) | AJ65: Early Life (1 to 15 yr)
T67: Late Life (16 to 25 yr) | AB67: Late Life (16 to 25 yr) | AJ67: Late Life (16 to 25 yr)
S68: Longitudinal Stress Range at Root, MPa (PCD) | T68: Early Life (1 to 15 yr) | AA68: Longitudinal Stress Range at Root, MPa (PCD) | AB68: Early Life (1 to 15 yr) | AI68: Longitudinal Stress Range at Root, MPa (PCD) | AJ68: Early Life (1 to 15 yr)
T70: Late Life (16 to 25 yr) | AB70: Late Life (16 to 25 yr) | AJ70: Late Life (16 to 25 yr)
S71: Longitudinal Stress Range at Root, MPa (Between Hot Oiling) | T71: Early Life (1 to 15 yr) | AA71: Longitudinal Stress Range at Root, MPa (Between Hot Oiling) | AB71: Early Life (1 to 15 yr) | AI71: Longitudinal Stress Range at Root, MPa (Between Hot Oiling) | AJ71: Early Life (1 to 15 yr)
T73: Late Life (16 to 25 yr) | AB73: Late Life (16 to 25 yr) | AJ73: Late Life (16 to 25 yr)
S74: Longitudinal Stress Range at Root (Hydrotest), MPa | AA74: Longitudinal Stress Range at Root (Hydrotest), MPa | AI74: Longitudinal Stress Range at Root (Hydrotest), MPa
S75: Longitudinal Stress Range at Cap, MPa (FCD) | T75: Early Life (1 to 15 yr) | AA75: Longitudinal Stress Range at Cap, MPa (FCD) | AB75: Early Life (1 to 15 yr) | AI75: Longitudinal Stress Range at Cap, MPa (FCD) | AJ75: Early Life (1 to 15 yr)
T77: Late Life (16 to 25 yr) | AB77: Late Life (16 to 25 yr) | AJ77: Late Life (16 to 25 yr)
S78: Longitudinal Stress Range at Cap, MPa (PCD) | T78: Early Life (1 to 15 yr) | AA78: Longitudinal Stress Range at Cap, MPa (PCD) | AB78: Early Life (1 to 15 yr) | AI78: Longitudinal Stress Range at Cap, MPa (PCD) | AJ78: Early Life (1 to 15 yr)
T80: Late Life (16 to 25 yr) | AB80: Late Life (16 to 25 yr) | AJ80: Late Life (16 to 25 yr)
S81: Longitudinal Stress Range at Root, MPa (Between Hot Oiling) | T81: Early Life (1 to 15 yr) | AA81: Longitudinal Stress Range at Root, MPa (Between Hot Oiling) | AB81: Early Life (1 to 15 yr) | AI81: Longitudinal Stress Range at Root, MPa (Between Hot Oiling) | AJ81: Early Life (1 to 15 yr)
T83: Late Life (16 to 25 yr) | AB83: Late Life (16 to 25 yr) | AJ83: Late Life (16 to 25 yr)
S84: Longitudinal Stress Range at CAP (Hydrotest), MPa | AA84: Longitudinal Stress Range at CAP (Hydrotest), MPa | AI84: Longitudinal Stress Range at CAP (Hydrotest), MPa

Sheet LE11_LEBE_HO_P2toP1
S1: Strain and Stress Ranges | U1: LE-BE | AA1: Strain and Stress Ranges | AC1: LE-BE | AI1: Strain and Stress Ranges | AK1: LE-BE
R2: 10in | S2: Max. Axial Mechanical Tensile Strain OD (Hydrotest) | U2: 0.00177298 | V2: checked | W2: x | Z2: 10in | AA2: Max. Axial Mechanical Tensile Strain OD (Hydrotest) | AC2: 0.00110818 | AD2: checked | AE2: x | AH2: 10in | AI2: Max. Axial Mechanical Tensile Strain OD (Hydrotest) | AK2: 0.00110818 | AL2: checked | AM2: x
R3: Sleeper | S3: Max. Axial Total Tensile Strain OD (Hydrotest) | U3: 0.00177298 | V3: checked | W3: x | Z3: Structure | AA3: Max. Axial Total Tensile Strain OD (Hydrotest) | AC3: 0.00110818 | AD3: checked | AE3: x | AH3: Other | AI3: Max. Axial Total Tensile Strain OD (Hydrotest) | AK3: 0.00110818 | AL3: checked | AM3: x
S4: Max. Axial Mechanical Tensile Strain Midwall (Hydrotest) | U4: 0.00163656 | V4: checked | W4: x | AA4: Max. Axial Mechanical Tensile Strain Midwall (Hydrotest) | AC4: 0.000987333 | AD4: checked | AE4: x | AI4: Max. Axial Mechanical Tensile Strain Midwall (Hydrotest) | AK4: 0.000987333 | AL4: checked | AM4: x
S5: Max. Axial Total Tensile Strain Midwall (Hydrotest) | U5: 0.00157642 | V5: checked | W5: x | AA5: Max. Axial Total Tensile Strain Midwall (Hydrotest) | AC5: 0.000987333 | AD5: checked | AE5: x | AI5: Max. Axial Total Tensile Strain Midwall (Hydrotest) | AK5: 0.000987333 | AL5: checked | AM5: x
S6: Max. Axial Mechanical Tensile Strain OD (Design) | U6: 0.00219046 | V6: checked | W6: x | AA6: Max. Axial Mechanical Tensile Strain OD (Design) | AC6: 0.00116062 | AD6: checked | AE6: x | AI6: Max. Axial Mechanical Tensile Strain OD (Design) | AK6: 0.00116062 | AL6: checked | AM6: x
S7: Max. Axial Total Tensile Strain OD (Design) | U7: 0.00323953 | V7: checked | W7: x | AA7: Max. Axial Total Tensile Strain OD (Design) | AC7: 0.00217093 | AD7: checked | AE7: x | AI7: Max. Axial Total Tensile Strain OD (Design) | AK7: 0.00217093 | AL7: checked | AM7: x
S8: Max. Axial Mechanical Tensile Strain Midwall (Design) | U8: 0.00193278 | V8: checked | W8: x | AA8: Max. Axial Mechanical Tensile Strain Midwall (Design) | AC8: 0.00102296 | AD8: checked | AE8: x | AI8: Max. Axial Mechanical Tensile Strain Midwall (Design) | AK8: 0.00102296 | AL8: checked | AM8: x
S9: Max. Axial Total Tensile Strain Midwall (Design) | U9: 0.00299725 | V9: checked | W9: x | AA9: Max. Axial Total Tensile Strain Midwall (Design) | AC9: 0.00206439 | AD9: checked | AE9: x | AI9: Max. Axial Total Tensile Strain Midwall (Design) | AK9: 0.00206439 | AL9: checked | AM9: x
S10: Max. Axial Mechanical Tensile Strain OD (Early Life) | U10: 0.00224 | V10: checked | W10: x | AA10: Max. Axial Mechanical Tensile Strain OD (Early Life) | AC10: 0.0007 | AD10: checked | AE10: x | AI10: Max. Axial Mechanical Tensile Strain OD (Early Life) | AK10: 0.00018 | AL10: checked | AM10: x
S11: Max. Axial Total Tensile Strain OD (Early Life) | U11: 0.00305 | V11: checked | W11: x | AA11: Max. Axial Total Tensile Strain OD (Early Life) | AC11: 0.00123 | AD11: checked | AE11: x | AI11: Max. Axial Total Tensile Strain OD (Early Life) | AK11: 0.001 | AL11: checked | AM11: x
S12: Max. Axial Mechanical Tensile Strain Midwall (Early Life) | U12: 0.00196 | V12: checked | W12: x | AA12: Max. Axial Mechanical Tensile Strain Midwall (Early Life) | AC12: 0.00062 | AD12: checked | AE12: x | AI12: Max. Axial Mechanical Tensile Strain Midwall (Early Life) | AK12: 0.00016 | AL12: checked | AM12: x
S13: Max. Axial Total Tensile Strain Midwall (Early Life) | U13: 0.00278 | V13: checked | W13: x | AA13: Max. Axial Total Tensile Strain Midwall (Early Life) | AC13: 0.00141 | AD13: checked | AE13: x | AI13: Max. Axial Total Tensile Strain Midwall (Early Life) | AK13: 0.00098 | AL13: checked | AM13: x
S14: Max. Axial Mechanical Tensile Strain OD (Mid Life) | U14: 0.00175 | V14: checked | W14: x | AA14: Max. Axial Mechanical Tensile Strain OD (Mid Life) | AC14: 0.0007 | AD14: checked | AE14: x | AI14: Max. Axial Mechanical Tensile Strain OD (Mid Life) | AK14: 0.00019 | AL14: checked | AM14: x
S15: Max. Axial Total Tensile Strain OD (Mid Life) | U15: 0.00256 | V15: checked | W15: x | AA15: Max. Axial Total Tensile Strain OD (Mid Life) | AC15: 0.00122 | AD15: checked | AE15: x | AI15: Max. Axial Total Tensile Strain OD (Mid Life) | AK15: 0.00099 | AL15: checked | AM15: x
... S21: Max. Axial Total Tensile Strain Midwall (Late Life) | U21: 0.00235 | V21: checked | W21: x | AA21: Max. Axial Total Tensile Strain Midwall (Late Life) | AC21: 0.00114 | AD21: checked | AE21: x | AI21: Max. Axial Total Tensile Strain Midwall (Late Life) | AK21: 0.00097 | AL21: checked | AM21: x
S22: Longitudinal Stress Range at Root, MPa (FCD) | T22: Early Life (1 to 15 yr) | AA22: Longitudinal Stress Range at Root, MPa (FCD) | AB22: Early Life (1 to 15 yr) | AI22: Longitudinal Stress Range at Root, MPa (FCD) | AJ22: Early Life (1 to 15 yr)
T24: Late Life (16 to 25 yr) | AB24: Late Life (16 to 25 yr) | AJ24: Late Life (16 to 25 yr)
S25: Longitudinal Stress Range at Root, MPa (PCD) | T25: Early Life (1 to 15 yr) | AA25: Longitudinal Stress Range at Root, MPa (PCD) | AB25: Early Life (1 to 15 yr) | AI25: Longitudinal Stress Range at Root, MPa (PCD) | AJ25: Early Life (1 to 15 yr)
T27: Late Life (16 to 25 yr) | AB27: Late Life (16 to 25 yr) | AJ27: Late Life (16 to 25 yr)
S28: Longitudinal Stress Range at Root, MPa (Between Hot Oiling) | T28: Early Life (1 to 15 yr) | AA28: Longitudinal Stress Range at Root, MPa (Between Hot Oiling) | AB28: Early Life (1 to 15 yr) | AI28: Longitudinal Stress Range at Root, MPa (Between Hot Oiling) | AJ28: Early Life (1 to 15 yr)
T30: Late Life (16 to 25 yr) | AB30: Late Life (16 to 25 yr) | AJ30: Late Life (16 to 25 yr)
S31: Longitudinal Stress Range at Root (Hydrotest), MPa | AA31: Longitudinal Stress Range at Root (Hydrotest), MPa | AI31: Longitudinal Stress Range at Root (Hydrotest), MPa
S32: Longitudinal Stress Range at Cap, MPa (FCD) | T32: Early Life (1 to 15 yr) | AA32: Longitudinal Stress Range at Cap, MPa (FCD) | AB32: Early Life (1 to 15 yr) | AI32: Longitudinal Stress Range at Cap, MPa (FCD) | AJ32: Early Life (1 to 15 yr)
T34: Late Life (16 to 25 yr) | AB34: Late Life (16 to 25 yr) | AJ34: Late Life (16 to 25 yr)
S35: Longitudinal Stress Range at Cap, MPa (PCD) | T35: Early Life (1 to 15 yr) | AA35: Longitudinal Stress Range at Cap, MPa (PCD) | AB35: Early Life (1 to 15 yr) | AI35: Longitudinal Stress Range at Cap, MPa (PCD) | AJ35: Early Life (1 to 15 yr)
T37: Late Life (16 to 25 yr) | AB37: Late Life (16 to 25 yr) | AJ37: Late Life (16 to 25 yr)
S38: Longitudinal Stress Range at Root, MPa (Between Hot Oiling) | T38: Early Life (1 to 15 yr) | AA38: Longitudinal Stress Range at Root, MPa (Between Hot Oiling) | AB38: Early Life (1 to 15 yr) | AI38: Longitudinal Stress Range at Root, MPa (Between Hot Oiling) | AJ38: Early Life (1 to 15 yr)
T40: Late Life (16 to 25 yr) | AB40: Late Life (16 to 25 yr) | AJ40: Late Life (16 to 25 yr)
S41: Longitudinal Stress Range at CAP (Hydrotest), MPa | AA41: Longitudinal Stress Range at CAP (Hydrotest), MPa | AI41: Longitudinal Stress Range at CAP (Hydrotest), MPa
S44: Strain and Stress Ranges | U44: LE-BE | V44: LE-BE | W44: BE-BE | X44: HE-BE | Y44: Input for ECA | AA44: Strain and Stress Ranges | AC44: LE-BE | AD44: LE-BE | AE44: BE-BE | AF44: HE-BE | AG44: Input for ECA | AI44: Strain and Stress Ranges | AK44: LE-BE | AL44: LE-BE | AM44: BE-BE | AN44: HE-BE | AO44: Input for ECA
R45: 12in | S45: Max. Axial Mechanical Tensile Strain OD (Hydrotest) | U45: 0.00182003 | V45: checked | W45: x | Z45: 12in | AA45: Max. Axial Mechanical Tensile Strain OD (Hydrotest) | AC45: 0.00130132 | AD45: checked | AE45: x | AH45: 12in | AI45: Max. Axial Mechanical Tensile Strain OD (Hydrotest) | AK45: 0.00130132 | AL45: checked | AM45: x
R46: Sleeper | S46: Max. Axial Total Tensile Strain OD (Hydrotest) | U46: 0.00182003 | V46: checked | W46: x | Z46: Structure | AA46: Max. Axial Total Tensile Strain OD (Hydrotest) | AC46: 0.00130132 | AD46: checked | AE46: x | AH46: Other | AI46: Max. Axial Total Tensile Strain OD (Hydrotest) | AK46: 0.00130132 | AL46: checked | AM46: x
S47: Max. Axial Mechanical Tensile Strain Midwall (Hydrotest) | U47: 0.00163656 | V47: checked | W47: x | AA47: Max. Axial Mechanical Tensile Strain Midwall (Hydrotest) | AC47: 0.00117225 | AD47: checked | AE47: x | AI47: Max. Axial Mechanical Tensile Strain Midwall (Hydrotest) | AK47: 0.00117225 | AL47: checked | AM47: x
S48: Max. Axial Total Tensile Strain Midwall (Hydrotest) | U48: 0.00163656 | V48: checked | W48: x | AA48: Max. Axial Total Tensile Strain Midwall (Hydrotest) | AC48: 0.00117225 | AD48: checked | AE48: x | AI48: Max. Axial Total Tensile Strain Midwall (Hydrotest) | AK48: 0.00117225 | AL48: checked | AM48: x
S49: Max. Axial Mechanical Tensile Strain OD (Design) | U49: 0.00224924 | V49: checked | W49: x | AA49: Max. Axial Mechanical Tensile Strain OD (Design) | AC49: 0.00129924 | AD49: checked | AE49: x | AI49: Max. Axial Mechanical Tensile Strain OD (Design) | AK49: 0.00129924 | AL49: checked | AM49: x
S50: Max. Axial Total Tensile Strain OD (Design) | U50: 0.0034191 | V50: checked | W50: x | AA50: Max. Axial Total Tensile Strain OD (Design) | AC50: 0.0024691 | AD50: checked | AE50: x | AI50: Max. Axial Total Tensile Strain OD (Design) | AK50: 0.0024691 | AL50: checked | AM50: x
S51: Max. Axial Mechanical Tensile Strain Midwall (Design) | U51: 0.00200698 | V51: checked | W51: x | AA51: Max. Axial Mechanical Tensile Strain Midwall (Design) | AC51: 0.00116091 | AD51: checked | AE51: x | AI51: Max. Axial Mechanical Tensile Strain Midwall (Design) | AK51: 0.00116091 | AL51: checked | AM51: x
S52: Max. Axial Total Tensile Strain Midwall (Design) | U52: 0.00317684 | V52: checked | W52: x | AA52: Max. Axial Total Tensile Strain Midwall (Design) | AC52: 0.00233077 | AD52: checked | AE52: x | AI52: Max. Axial Total Tensile Strain Midwall (Design) | AK52: 0.00233077 | AL52: checked | AM52: x
S53: Max. Axial Mechanical Tensile Strain OD (Early Life) | U53: 0.00228 | V53: checked | W53: x | AA53: Max. Axial Mechanical Tensile Strain OD (Early Life) | AC53: 0.00077 | AD53: checked | AE53: x | AI53: Max. Axial Mechanical Tensile Strain OD (Early Life) | AK53: 0.00021 | AL53: checked | AM53: x
S54: Max. Axial Total Tensile Strain OD (Early Life) | U54: 0.00308 | V54: checked | W54: x | AA54: Max. Axial Total Tensile Strain OD (Early Life) | AC54: 0.00151 | AD54: checked | AE54: x | AI54: Max. Axial Total Tensile Strain OD (Early Life) | AK54: 0.00103 | AL54: checked | AM54: x
S55: Max. Axial Mechanical Tensile Strain Midwall (Early Life) | U55: 0.00202 | V55: checked | W55: x | AA55: Max. Axial Mechanical Tensile Strain Midwall (Early Life) | AC55: 0.00069 | AD55: checked | AE55: x | AI55: Max. Axial Mechanical Tensile Strain Midwall (Early Life) | AK55: 0.00019 | AL55: checked | AM55: x
S56: Max. Axial Total Tensile Strain Midwall (Early Life) | U56: 0.00283 | V56: checked | W56: x | AA56: Max. Axial Total Tensile Strain Midwall (Early Life) | AC56: 0.00143 | AD56: checked | AE56: x | AI56: Max. Axial Total Tensile Strain Midwall (Early Life) | AK56: 0.00101 | AL56: checked | AM56: x
S57: Max. Axial Mechanical Tensile Strain OD (Mid Life) | U57: 0.00191 | V57: checked | W57: x | AA57: Max. Axial Mechanical Tensile Strain OD (Mid Life) | AC57: 0.00078 | AD57: checked | AE57: x | AI57: Max. Axial Mechanical Tensile Strain OD (Mid Life) | AK57: 0.0002 | AL57: checked | AM57: x
S58: Max. Axial Total Tensile Strain OD (Mid Life) | U58: 0.0027 | V58: checked | W58: x | AA58: Max. Axial Total Tensile Strain OD (Mid Life) | AC58: 0.00151 | AD58: checked | AE58: x | AI58: Max. Axial Total Tensile Strain OD (Mid Life) | AK58: 0.00103 | AL58: checked | AM58: x
... S64: Max. Axial Total Tensile Strain Midwall (Late Life) | U64: 0.00249 | V64: checked | W64: x | AA64: Max. Axial Total Tensile Strain Midwall (Late Life) | AC64: 0.00144 | AD64: checked | AE64: x | AI64: Max. Axial Total Tensile Strain Midwall (Late Life) | AK64: 0.00101 | AL64: checked | AM64: x
S65: Longitudinal Stress Range at Root, MPa (FCD) | T65: Early Life (1 to 15 yr) | AA65: Longitudinal Stress Range at Root, MPa (FCD) | AB65: Early Life (1 to 15 yr) | AI65: Longitudinal Stress Range at Root, MPa (FCD) | AJ65: Early Life (1 to 15 yr)
T67: Late Life (16 to 25 yr) | AB67: Late Life (16 to 25 yr) | AJ67: Late Life (16 to 25 yr)
S68: Longitudinal Stress Range at Root, MPa (PCD) | T68: Early Life (1 to 15 yr) | AA68: Longitudinal Stress Range at Root, MPa (PCD) | AB68: Early Life (1 to 15 yr) | AI68: Longitudinal Stress Range at Root, MPa (PCD) | AJ68: Early Life (1 to 15 yr)
T70: Late Life (16 to 25 yr) | AB70: Late Life (16 to 25 yr) | AJ70: Late Life (16 to 25 yr)
S71: Longitudinal Stress Range at Root, MPa (Between Hot Oiling) | T71: Early Life (1 to 15 yr) | AA71: Longitudinal Stress Range at Root, MPa (Between Hot Oiling) | AB71: Early Life (1 to 15 yr) | AI71: Longitudinal Stress Range at Root, MPa (Between Hot Oiling) | AJ71: Early Life (1 to 15 yr)
T73: Late Life (16 to 25 yr) | AB73: Late Life (16 to 25 yr) | AJ73: Late Life (16 to 25 yr)
S74: Longitudinal Stress Range at Root (Hydrotest), MPa | AA74: Longitudinal Stress Range at Root (Hydrotest), MPa | AI74: Longitudinal Stress Range at Root (Hydrotest), MPa
S75: Longitudinal Stress Range at Cap, MPa (FCD) | T75: Early Life (1 to 15 yr) | AA75: Longitudinal Stress Range at Cap, MPa (FCD) | AB75: Early Life (1 to 15 yr) | AI75: Longitudinal Stress Range at Cap, MPa (FCD) | AJ75: Early Life (1 to 15 yr)
T77: Late Life (16 to 25 yr) | AB77: Late Life (16 to 25 yr) | AJ77: Late Life (16 to 25 yr)
S78: Longitudinal Stress Range at Cap, MPa (PCD) | T78: Early Life (1 to 15 yr) | AA78: Longitudinal Stress Range at Cap, MPa (PCD) | AB78: Early Life (1 to 15 yr) | AI78: Longitudinal Stress Range at Cap, MPa (PCD) | AJ78: Early Life (1 to 15 yr)
T80: Late Life (16 to 25 yr) | AB80: Late Life (16 to 25 yr) | AJ80: Late Life (16 to 25 yr)
S81: Longitudinal Stress Range at Root, MPa (Between Hot Oiling) | T81: Early Life (1 to 15 yr) | AA81: Longitudinal Stress Range at Root, MPa (Between Hot Oiling) | AB81: Early Life (1 to 15 yr) | AI81: Longitudinal Stress Range at Root, MPa (Between Hot Oiling) | AJ81: Early Life (1 to 15 yr)
T83: Late Life (16 to 25 yr) | AB83: Late Life (16 to 25 yr) | AJ83: Late Life (16 to 25 yr)
S84: Longitudinal Stress Range at CAP (Hydrotest), MPa | AA84: Longitudinal Stress Range at CAP (Hydrotest), MPa | AI84: Longitudinal Stress Range at CAP (Hydrotest), MPa

Sheet LE11_BEBE_HO_P1toP2
S1: Strain and Stress Ranges | U1: BE-BE | AA1: Strain and Stress Ranges | AC1: BE-BE | AI1: Strain and Stress Ranges | AK1: BE-BE
R2: 10in | S2: Max. Axial Mechanical Tensile Strain OD (Hydrotest) | U2: 0.00170501 | V2: checked | W2: x | Z2: 10in | AA2: Max. Axial Mechanical Tensile Strain OD (Hydrotest) | AC2: 0.00107281 | AD2: checked | AE2: x | AH2: 10in | AI2: Max. Axial Mechanical Tensile Strain OD (Hydrotest) | AK2: 0.00029 | AL2: checked | AM2: x
R3: Sleeper | S3: Max. Axial Total Tensile Strain OD (Hydrotest) | U3: 0.00170501 | V3: checked | W3: x | Z3: Structure | AA3: Max. Axial Total Tensile Strain OD (Hydrotest) | AC3: 0.00107281 | AD3: checked | AE3: x | AH3: Other | AI3: Max. Axial Total Tensile Strain OD (Hydrotest) | AK3: 0.00029 | AL3: checked | AM3: x
S4: Max. Axial Mechanical Tensile Strain Midwall (Hydrotest) | U4: 0.00151641 | V4: checked | W4: x | AA4: Max. Axial Mechanical Tensile Strain Midwall (Hydrotest) | AC4: 0.000954594 | AD4: checked | AE4: x | AI4: Max. Axial Mechanical Tensile Strain Midwall (Hydrotest) | AK4: 0.00028 | AL4: checked | AM4: x
S5: Max. Axial Total Tensile Strain Midwall (Hydrotest) | U5: 0.00151641 | V5: checked | W5: x | AA5: Max. Axial Total Tensile Strain Midwall (Hydrotest) | AC5: 0.000954594 | AD5: checked | AE5: x | AI5: Max. Axial Total Tensile Strain Midwall (Hydrotest) | AK5: 0.00028 | AL5: checked | AM5: x
S6: Max. Axial Mechanical Tensile Strain OD (Design) | U6: 0.002153191 | V6: checked | W6: x | AA6: Max. Axial Mechanical Tensile Strain OD (Design) | AC6: 0.001129412 | AD6: checked | AE6: x | AI6: Max. Axial Mechanical Tensile Strain OD (Design) | AK6: 0.0009 | AL6: checked | AM6: x
S7: Max. Axial Total Tensile Strain OD (Design) | U7: 0.00319258 | V7: checked | W7: x | AA7: Max. Axial Total Tensile Strain OD (Design) | AC7: 0.00215488 | AD7: checked | AE7: x | AI7: Max. Axial Total Tensile Strain OD (Design) | AK7: 0.0019 | AL7: checked | AM7: x
S8: Max. Axial Mechanical Tensile Strain Midwall (Design) | U8: 0.001900061 | V8: checked | W8: x | AA8: Max. Axial Mechanical Tensile Strain Midwall (Design) | AC8: 0.000994022 | AD8: checked | AE8: x | AI8: Max. Axial Mechanical Tensile Strain Midwall (Design) | AK8: 0.0008 | AL8: checked | AM8: x
S9: Max. Axial Total Tensile Strain Midwall (Design) | U9: 0.0029559 | V9: checked | W9: x | AA9: Max. Axial Total Tensile Strain Midwall (Design) | AC9: 0.00204887 | AD9: checked | AE9: x | AI9: Max. Axial Total Tensile Strain Midwall (Design) | AK9: 0.0018 | AL9: checked | AM9: x
S10: Max. Axial Mechanical Tensile Strain OD (Early Life) | U10: 0.00196 | V10: checked | W10: x | AA10: Max. Axial Mechanical Tensile Strain OD (Early Life) | AC10: 0.00072 | AD10: checked | AE10: x | AI10: Max. Axial Mechanical Tensile Strain OD (Early Life) | AK10: 0.00018 | AL10: checked | AM10: x
S11: Max. Axial Total Tensile Strain OD (Early Life) | U11: 0.00285 | V11: checked | W11: x | AA11: Max. Axial Total Tensile Strain OD (Early Life) | AC11: 0.00114 | AD11: checked | AE11: x | AI11: Max. Axial Total Tensile Strain OD (Early Life) | AK11: 0.001 | AL11: checked | AM11: x
S12: Max. Axial Mechanical Tensile Strain Midwall (Early Life) | U12: 0.00172 | V12: checked | W12: x | AA12: Max. Axial Mechanical Tensile Strain Midwall (Early Life) | AC12: 0.00064 | AD12: checked | AE12: x | AI12: Max. Axial Mechanical Tensile Strain Midwall (Early Life) | AK12: 0.00016 | AL12: checked | AM12: x
S13: Max. Axial Total Tensile Strain Midwall (Early Life) | U13: 0.00261 | V13: checked | W13: x | AA13: Max. Axial Total Tensile Strain Midwall (Early Life) | AC13: 0.00105 | AD13: checked | AE13: x | AI13: Max. Axial Total Tensile Strain Midwall (Early Life) | AK13: 0.00098 | AL13: checked | AM13: x
S14: Max. Axial Mechanical Tensile Strain OD (Mid Life) | U14: 0.00166 | AA14: Max. Axial Mechanical Tensile Strain OD (Mid Life) | AC14: 0.00072 | AI14: Max. Axial Mechanical Tensile Strain OD (Mid Life) | AK14: 0.00018
S15: Max. Axial Total Tensile Strain OD (Mid Life) | U15: 0.00253 | AA15: Max. Axial Total Tensile Strain OD (Mid Life) | AC15: 0.00113 | AI15: Max. Axial Total Tensile Strain OD (Mid Life) | AK15: 0.00101
S16: Max. Axial Mechanical Tensile Strain Midwall (Mid Life) | U16: 0.00146 | AA16: Max. Axial Mechanical Tensile Strain Midwall (Mid Life) | AC16: 0.00064 | AI16: Max. Axial Mechanical Tensile Strain Midwall (Mid Life) | AK16: 0.00016
S17: Max. Axial Total Tensile Strain Midwall (Mid Life) | U17: 0.00233 | AA17: Max. Axial Total Tensile Strain Midwall (Mid Life) | AC17: 0.00105 | AI17: Max. Axial Total Tensile Strain Midwall (Mid Life) | AK17: 0.00099
S18: Max. Axial Mechanical Tensile Strain OD (Late Life) | U18: 0.0017 | V18: checked | W18: x | AA18: Max. Axial Mechanical Tensile Strain OD (Late Life) | AC18: 0.00072 | AD18: checked | AE18: x | AI18: Max. Axial Mechanical Tensile Strain OD (Late Life) | AK18: 0.00018 | AL18: checked | AM18: x
S19: Max. Axial Total Tensile Strain OD (Late Life) | U19: 0.00255 | V19: checked | W19: x | AA19: Max. Axial Total Tensile Strain OD (Late Life) | AC19: 0.00113 | AD19: checked | AE19: x | AI19: Max. Axial Total Tensile Strain OD (Late Life) | AK19: 0.00101 | AL19: checked | AM19: x
S20: Max. Axial Mechanical Tensile Strain Midwall (Late Life) | U20: 0.00148 | V20: checked | W20: x | AA20: Max. Axial Mechanical Tensile Strain Midwall (Late Life) | AC20: 0.00064 | AD20: checked | AE20: x | AI20: Max. Axial Mechanical Tensile Strain Midwall (Late Life) | AK20: 0.00017 | AL20: checked | AM20: x
S21: Max. Axial Total Tensile Strain Midwall (Late Life) | U21: 0.00234 | V21: checked | W21: x | AA21: Max. Axial Total Tensile Strain Midwall (Late Life) | AC21: 0.00105 | AD21: checked | AE21: x | AI21: Max. Axial Total Tensile Strain Midwall (Late Life) | AK21: 0.00099 | AL21: checked | AM21: x
S22: Longitudinal Stress Range at Root, MPa (FCD) | T22: Early Life (1 to 15 yr) | AA22: Longitudinal Stress Range at Root, MPa (FCD) | AB22: Early Life (1 to 15 yr) | AI22: Longitudinal Stress Range at Root, MPa (FCD) | AJ22: Early Life (1 to 15 yr)
T24: Late Life (16 to 25 yr) | AB24: Late Life (16 to 25 yr) | AJ24: Late Life (16 to 25 yr)
S25: Longitudinal Stress Range at Root, MPa (PCD) | T25: Early Life (1 to 15 yr) | AA25: Longitudinal Stress Range at Root, MPa (PCD) | AB25: Early Life (1 to 15 yr) | AI25: Longitudinal Stress Range at Root, MPa (PCD) | AJ25: Early Life (1 to 15 yr)
T27: Late Life (16 to 25 yr) | AB27: Late Life (16 to 25 yr) | AJ27: Late Life (16 to 25 yr)
S28: Longitudinal Stress Range at Root, MPa (Between Hot Oiling) | T28: Early Life (1 to 15 yr) | AA28: Longitudinal Stress Range at Root, MPa (Between Hot Oiling) | AB28: Early Life (1 to 15 yr) | AI28: Longitudinal Stress Range at Root, MPa (Between Hot Oiling) | AJ28: Early Life (1 to 15 yr)
T30: Late Life (16 to 25 yr) | AB30: Late Life (16 to 25 yr) | AJ30: Late Life (16 to 25 yr)
S31: Longitudinal Stress Range at Root (Hydrotest), MPa | AA31: Longitudinal Stress Range at Root (Hydrotest), MPa | AI31: Longitudinal Stress Range at Root (Hydrotest), MPa
S32: Longitudinal Stress Range at Cap, MPa (FCD) | T32: Early Life (1 to 15 yr) | AA32: Longitudinal Stress Range at Cap, MPa (FCD) | AB32: Early Life (1 to 15 yr) | AI32: Longitudinal Stress Range at Cap, MPa (FCD) | AJ32: Early Life (1 to 15 yr)
T34: Late Life (16 to 25 yr) | AB34: Late Life (16 to 25 yr) | AJ34: Late Life (16 to 25 yr)
S35: Longitudinal Stress Range at Cap, MPa (PCD) | T35: Early Life (1 to 15 yr) | AA35: Longitudinal Stress Range at Cap, MPa (PCD) | AB35: Early Life (1 to 15 yr) | AI35: Longitudinal Stress Range at Cap, MPa (PCD) | AJ35: Early Life (1 to 15 yr)
T37: Late Life (16 to 25 yr) | AB37: Late Life (16 to 25 yr) | AJ37: Late Life (16 to 25 yr)
S38: Longitudinal Stress Range at Root, MPa (Between Hot Oiling) | T38: Early Life (1 to 15 yr) | AA38: Longitudinal Stress Range at Root, MPa (Between Hot Oiling) | AB38: Early Life (1 to 15 yr) | AI38: Longitudinal Stress Range at Root, MPa (Between Hot Oiling) | AJ38: Early Life (1 to 15 yr)
T40: Late Life (16 to 25 yr) | AB40: Late Life (16 to 25 yr) | AJ40: Late Life (16 to 25 yr)
S41: Longitudinal Stress Range at CAP (Hydrotest), MPa | AA41: Longitudinal Stress Range at CAP (Hydrotest), MPa | AI41: Longitudinal Stress Range at CAP (Hydrotest), MPa
S44: Strain and Stress Ranges | U44: BE-HE | V44: LE-BE | W44: BE-BE | X44: HE-BE | Y44: Input for ECA | AA44: Strain and Stress Ranges | AC44: BE-HE | AD44: LE-BE | AE44: BE-BE | AF44: HE-BE | AG44: Input for ECA | AI44: Strain and Stress Ranges | AK44: BE-HE | AL44: LE-BE | AM44: BE-BE | AN44: HE-BE | AO44: Input for ECA
R45: 12in | S45: Max. Axial Mechanical Tensile Strain OD (Hydrotest) | U45: 0.00179866 | V45: checked | W45: x | Z45: 12in | AA45: Max. Axial Mechanical Tensile Strain OD (Hydrotest) | AC45: 0.00127473 | AD45: checked | AE45: x | AH45: 12in | AI45: Max. Axial Mechanical Tensile Strain OD (Hydrotest) | AK45: 0.00042 | AL45: checked | AM45: x
R46: Sleeper | S46: Max. Axial Total Tensile Strain OD (Hydrotest) | U46: 0.00179866 | V46: checked | W46: x | Z46: Structure | AA46: Max. Axial Total Tensile Strain OD (Hydrotest) | AC46: 0.00127473 | AD46: checked | AE46: x | AH46: Other | AI46: Max. Axial Total Tensile Strain OD (Hydrotest) | AK46: 0.00042 | AL46: checked | AM46: x
S47: Max. Axial Mechanical Tensile Strain Midwall (Hydrotest) | U47: 0.00161753 | V47: checked | W47: x | AA47: Max. Axial Mechanical Tensile Strain Midwall (Hydrotest) | AC47: 0.00114763 | AD47: checked | AE47: x | AI47: Max. Axial Mechanical Tensile Strain Midwall (Hydrotest) | AK47: 0.00039 | AL47: checked | AM47: x
S48: Max. Axial Total Tensile Strain Midwall (Hydrotest) | U48: 0.00161753 | V48: checked | W48: x | AA48: Max. Axial Total Tensile Strain Midwall (Hydrotest) | AC48: 0.00114763 | AD48: checked | AE48: x | AI48: Max. Axial Total Tensile Strain Midwall (Hydrotest) | AK48: 0.00039 | AL48: checked | AM48: x
S49: Max. Axial Mechanical Tensile Strain OD (Design) | U49: 0.00220641 | V49: checked | W49: x | AA49: Max. Axial Mechanical Tensile Strain OD (Design) | AC49: 0.00127179 | AD49: checked | AE49: x | AI49: Max. Axial Mechanical Tensile Strain OD (Design) | AK49: 0.0008 | AL49: checked | AM49: x
S50: Max. Axial Total Tensile Strain OD (Design) | U50: 0.00337627 | V50: checked | W50: x | AA50: Max. Axial Total Tensile Strain OD (Design) | AC50: 0.00244165 | AD50: checked | AE50: x | AI50: Max. Axial Total Tensile Strain OD (Design) | AK50: 0.002 | AL50: checked | AM50: x
S51: Max. Axial Mechanical Tensile Strain Midwall (Design) | U51: 0.00196945 | V51: checked | W51: x | AA51: Max. Axial Mechanical Tensile Strain Midwall (Design) | AC51: 0.00113556 | AD51: checked | AE51: x | AI51: Max. Axial Mechanical Tensile Strain Midwall (Design) | AK51: 0.0007 | AL51: checked | AM51: x
S52: Max. Axial Total Tensile Strain Midwall (Design) | U52: 0.00313931 | V52: checked | W52: x | AA52: Max. Axial Total Tensile Strain Midwall (Design) | AC52: 0.00230542 | AD52: checked | AE52: x | AI52: Max. Axial Total Tensile Strain Midwall (Design) | AK52: 0.0019 | AL52: checked | AM52: x
S53: Max. Axial Mechanical Tensile Strain OD (Early Life) | U53: 0.00197 | V53: checked | W53: x | AA53: Max. Axial Mechanical Tensile Strain OD (Early Life) | AC53: 0.00079 | AD53: checked | AE53: x | AI53: Max. Axial Mechanical Tensile Strain OD (Early Life) | AK53: 0.00027 | AL53: checked | AM53: x
S54: Max. Axial Total Tensile Strain OD (Early Life) | U54: 0.00281 | V54: checked | W54: x | AA54: Max. Axial Total Tensile Strain OD (Early Life) | AC54: 0.0015 | AD54: checked | AE54: x | AI54: Max. Axial Total Tensile Strain OD (Early Life) | AK54: 0.00097 | AL54: checked | AM54: x
S55: Max. Axial Mechanical Tensile Strain Midwall (Early Life) | U55: 0.00175 | V55: checked | W55: x | AA55: Max. Axial Mechanical Tensile Strain Midwall (Early Life) | AC55: 0.00071 | AD55: checked | AE55: x | AI55: Max. Axial Mechanical Tensile Strain Midwall (Early Life) | AK55: 0.00026 | AL55: checked | AM55: x
S56: Max. Axial Total Tensile Strain Midwall (Early Life) | U56: 0.00255 | V56: checked | W56: x | AA56: Max. Axial Total Tensile Strain Midwall (Early Life) | AC56: 0.00142 | AD56: checked | AE56: x | AI56: Max. Axial Total Tensile Strain Midwall (Early Life) | AK56: 0.00095 | AL56: checked | AM56: x
S57: Max. Axial Mechanical Tensile Strain OD (Mid Life) | U57: 0.00185 | AA57: Max. Axial Mechanical Tensile Strain OD (Mid Life) | AC57: 0.0008 | AI57: Max. Axial Mechanical Tensile Strain OD (Mid Life) | AK57: 0.00026
S58: Max. Axial Total Tensile Strain OD (Mid Life) | U58: 0.00264 | AA58: Max. Axial Total Tensile Strain OD (Mid Life) | AC58: 0.0015 | AI58: Max. Axial Total Tensile Strain OD (Mid Life) | AK58: 0.00098
S59: Max. Axial Mechanical Tensile Strain Midwall (Mid Life) | U59: 0.00164 | AA59: Max. Axial Mechanical Tensile Strain Midwall (Mid Life) | AC59: 0.00072 | AI59: Max. Axial Mechanical Tensile Strain Midwall (Mid Life) | AK59: 0.00025
S60: Max. Axial Total Tensile Strain Midwall (Mid Life) | U60: 0.00243 | AA60: Max. Axial Total Tensile Strain Midwall (Mid Life) | AC60: 0.00142 | AI60: Max. Axial Total Tensile Strain Midwall (Mid Life) | AK60: 0.00096
S61: Max. Axial Mechanical Tensile Strain OD (Late Life) | U61: 0.00184 | V61: checked | W61: x | AA61: Max. Axial Mechanical Tensile Strain OD (Late Life) | AC61: 0.00081 | AD61: checked | AE61: x | AI61: Max. Axial Mechanical Tensile Strain OD (Late Life) | AK61: 0.00026 | AL61: checked | AM61: x
S62: Max. Axial Total Tensile Strain OD (Late Life) | U62: 0.00266 | V62: checked | W62: x | AA62: Max. Axial Total Tensile Strain OD (Late Life) | AC62: 0.0015 | AD62: checked | AE62: x | AI62: Max. Axial Total Tensile Strain OD (Late Life) | AK62: 0.00099 | AL62: checked | AM62: x
S63: Max. Axial Mechanical Tensile Strain Midwall (Late Life) | U63: 0.00163 | V63: checked | W63: x | AA63: Max. Axial Mechanical Tensile Strain Midwall (Late Life) | AC63: 0.00072 | AD63: checked | AE63: x | AI63: Max. Axial Mechanical Tensile Strain Midwall (Late Life) | AK63: 0.00025 | AL63: checked | AM63: x
S64: Max. Axial Total Tensile Strain Midwall (Late Life) | U64: 0.00245 | V64: checked | W64: x | AA64: Max. Axial Total Tensile Strain Midwall (Late Life) | AC64: 0.00143 | AD64: checked | AE64: x | AI64: Max. Axial Total Tensile Strain Midwall (Late Life) | AK64: 0.00097 | AL64: checked | AM64: x
S65: Longitudinal Stress Range at Root, MPa (FCD) | T65: Early Life (1 to 15 yr) | AA65: Longitudinal Stress Range at Root, MPa (FCD) | AB65: Early Life (1 to 15 yr) | AI65: Longitudinal Stress Range at Root, MPa (FCD) | AJ65: Early Life (1 to 15 yr)
T67: Late Life (16 to 25 yr) | AB67: Late Life (16 to 25 yr) | AJ67: Late Life (16 to 25 yr)
S68: Longitudinal Stress Range at Root, MPa (PCD) | T68: Early Life (1 to 15 yr) | AA68: Longitudinal Stress Range at Root, MPa (PCD) | AB68: Early Life (1 to 15 yr) | AI68: Longitudinal Stress Range at Root, MPa (PCD) | AJ68: Early Life (1 to 15 yr)
T70: Late Life (16 to 25 yr) | AB70: Late Life (16 to 25 yr) | AJ70: Late Life (16 to 25 yr)
S71: Longitudinal Stress Range at Root, MPa (Between Hot Oiling) | T71: Early Life (1 to 15 yr) | AA71: Longitudinal Stress Range at Root, MPa (Between Hot Oiling) | AB71: Early Life (1 to 15 yr) | AI71: Longitudinal Stress Range at Root, MPa (Between Hot Oiling) | AJ71: Early Life (1 to 15 yr)
T73: Late Life (16 to 25 yr) | AB73: Late Life (16 to 25 yr) | AJ73: Late Life (16 to 25 yr)
S74: Longitudinal Stress Range at Root (Hydrotest), MPa | AA74: Longitudinal Stress Range at Root (Hydrotest), MPa | AI74: Longitudinal Stress Range at Root (Hydrotest), MPa
S75: Longitudinal Stress Range at Cap, MPa (FCD) | T75: Early Life (1 to 15 yr) | AA75: Longitudinal Stress Range at Cap, MPa (FCD) | AB75: Early Life (1 to 15 yr) | AI75: Longitudinal Stress Range at Cap, MPa (FCD) | AJ75: Early Life (1 to 15 yr)
T77: Late Life (16 to 25 yr) | AB77: Late Life (16 to 25 yr) | AJ77: Late Life (16 to 25 yr)
S78: Longitudinal Stress Range at Cap, MPa (PCD) | T78: Early Life (1 to 15 yr) | AA78: Longitudinal Stress Range at Cap, MPa (PCD) | AB78: Early Life (1 to 15 yr) | AI78: Longitudinal Stress Range at Cap, MPa (PCD) | AJ78: Early Life (1 to 15 yr)
T80: Late Life (16 to 25 yr) | AB80: Late Life (16 to 25 yr) | AJ80: Late Life (16 to 25 yr)
S81: Longitudinal Stress Range at Root, MPa (Between Hot Oiling) | T81: Early Life (1 to 15 yr) | AA81: Longitudinal Stress Range at Root, MPa (Between Hot Oiling) | AB81: Early Life (1 to 15 yr) | AI81: Longitudinal Stress Range at Root, MPa (Between Hot Oiling) | AJ81: Early Life (1 to 15 yr)
T83: Late Life (16 to 25 yr) | AB83: Late Life (16 to 25 yr) | AJ83: Late Life (16 to 25 yr)
S84: Longitudinal Stress Range at CAP (Hydrotest), MPa | AA84: Longitudinal Stress Range at CAP (Hydrotest), MPa | AI84: Longitudinal Stress Range at CAP (Hydrotest), MPa

Sheet LE11_BEBE_HO_P2toP1
S1: Strain and Stress Ranges | U1: BE-BE | AA1: Strain and Stress Ranges | AC1: BE-BE | AI1: Strain and Stress Ranges | AK1: BE-BE
R2: 10in | S2: Max. Axial Mechanical Tensile Strain OD (Hydrotest) | U2: 0.00170501 | V2: checked | W2: x | Z2: 10in | AA2: Max. Axial Mechanical Tensile Strain OD (Hydrotest) | AC2: 0.00107281 | AD2: checked | AE2: x | AH2: 10in | AI2: Max. Axial Mechanical Tensile Strain OD (Hydrotest) | AK2: 0.00029 | AL2: checked | AM2: x
R3: Sleeper | S3: Max. Axial Total Tensile Strain OD (Hydrotest) | U3: 0.00170501 | V3: checked | W3: x | Z3: Structure | AA3: Max. Axial Total Tensile Strain OD (Hydrotest) | AC3: 0.00107281 | AD3: checked | AE3: x | AH3: Other | AI3: Max. Axial Total Tensile Strain OD (Hydrotest) | AK3: 0.00029 | AL3: checked | AM3: x
S4: Max. Axial Mechanical Tensile Strain Midwall (Hydrotest) | U4: 0.00151641 | V4: checked | W4: x | AA4: Max. Axial Mechanical Tensile Strain Midwall (Hydrotest) | AC4: 0.000954594 | AD4: checked | AE4: x | AI4: Max. Axial Mechanical Tensile Strain Midwall (Hydrotest) | AK4: 0.00028 | AL4: checked | AM4: x
S5: Max. Axial Total Tensile Strain Midwall (Hydrotest) | U5: 0.00151641 | V5: checked | W5: x | AA5: Max. Axial Total Tensile Strain Midwall (Hydrotest) | AC5: 0.000954594 | AD5: checked | AE5: x | AI5: Max. Axial Total Tensile Strain Midwall (Hydrotest) | AK5: 0.00028 | AL5: checked | AM5: x
S6: Max. Axial Mechanical Tensile Strain OD (Design) | U6: 0.002153191 | V6: checked | W6: x | AA6: Max. Axial Mechanical Tensile Strain OD (Design) | AC6: 0.001129412 | AD6: checked | AE6: x | AI6: Max. Axial Mechanical Tensile Strain OD (Design) | AK6: 0.0009 | AL6: checked | AM6: x
S7: Max. Axial Total Tensile Strain OD (Design) | U7: 0.00319258 | V7: checked | W7: x | AA7: Max. Axial Total Tensile Strain OD (Design) | AC7: 0.00215488 | AD7: checked | AE7: x | AI7: Max. Axial Total Tensile Strain OD (Design) | AK7: 0.0019 | AL7: checked | AM7: x
S8: Max. Axial Mechanical Tensile Strain Midwall (Design) | U8: 0.001900061 | V8: checked | W8: x | AA8: Max. Axial Mechanical Tensile Strain Midwall (Design) | AC8: 0.000994022 | AD8: checked | AE8: x | AI8: Max. Axial Mechanical Tensile Strain Midwall (Design) | AK8: 0.0008 | AL8: checked | AM8: x
S9: Max. Axial Total Tensile Strain Midwall (Design) | U9: 0.0029559 | V9: checked | W9: x | AA9: Max. Axial Total Tensile Strain Midwall (Design) | AC9: 0.00204887 | AD9: checked | AE9: x | AI9: Max. Axial Total Tensile Strain Midwall (Design) | AK9: 0.0018 | AL9: checked | AM9: x
S10: Max. Axial Mechanical Tensile Strain OD (Early Life) | U10: 0.00196 | V10: checked | W10: x | AA10: Max. Axial Mechanical Tensile Strain OD (Early Life) | AC10: 0.00072 | AD10: checked | AE10: x | AI10: Max. Axial Mechanical Tensile Strain OD (Early Life) | AK10: 0.00019 | AL10: checked | AM10: x
S11: Max. Axial Total Tensile Strain OD (Early Life) | U11: 0.00285 | V11: checked | W11: x | AA11: Max. Axial Total Tensile Strain OD (Early Life) | AC11: 0.00123 | AD11: checked | AE11: x | AI11: Max. Axial Total Tensile Strain OD (Early Life) | AK11: 0.001 | AL11: checked | AM11: x
S12: Max. Axial Mechanical Tensile Strain Midwall (Early Life) | U12: 0.00172 | V12: checked | W12: x | AA12: Max. Axial Mechanical Tensile Strain Midwall (Early Life) | AC12: 0.00064 | AD12: checked | AE12: x | AI12: Max. Axial Mechanical Tensile Strain Midwall (Early Life) | AK12: 0.00017 | AL12: checked | AM12: x
S13: Max. Axial Total Tensile Strain Midwall (Early Life) | U13: 0.00261 | V13: checked | W13: x | AA13: Max. Axial Total Tensile Strain Midwall (Early Life) | AC13: 0.00114 | AD13: checked | AE13: x | AI13: Max. Axial Total Tensile Strain Midwall (Early Life) | AK13: 0.00098 | AL13: checked | AM13: x
S14: Max. Axial Mechanical Tensile Strain OD (Mid Life) | U14: 0.00169 | V14: checked | W14: x | AA14: Max. Axial Mechanical Tensile Strain OD (Mid Life) | AC14: 0.00072 | AD14: checked | AE14: x | AI14: Max. Axial Mechanical Tensile Strain OD (Mid Life) | AK14: 0.00019 | AL14: checked | AM14: x
S15: Max. Axial Total Tensile Strain OD (Mid Life) | U15: 0.00253 | V15: checked | AA15: Max. Axial Total Tensile Strain OD (Mid Life) | AC15: 0.00121 | AD15: checked | AI15: Max. Axial Total Tensile Strain OD (Mid Life) | AK15: 0.00101 | AL15: checked
S16: Max. Axial Mechanical Tensile Strain Midwall (Mid Life) | U16: 0.00148 | V16: checked | W16: x | AA16: Max. Axial Mechanical Tensile Strain Midwall (Mid Life) | AC16: 0.00064 | AD16: checked | AE16: x | AI16: Max. Axial Mechanical Tensile Strain Midwall (Mid Life) | AK16: 0.00018 | AL16: checked | AM16: x
S17: Max. Axial Total Tensile Strain Midwall (Mid Life) | U17: 0.00234 | V17: checked | AA17: Max. Axial Total Tensile Strain Midwall (Mid Life) | AC17: 0.00113 | AD17: checked | AI17: Max. Axial Total Tensile Strain Midwall (Mid Life) | AK17: 0.00099 | AL17: checked
S18: Max. Axial Mechanical Tensile Strain OD (Late Life) | U18: 0.00166 | V18: checked | W18: x | AA18: Max. Axial Mechanical Tensile Strain OD (Late Life) | AC18: 0.00072 | AD18: checked | AE18: x | AI18: Max. Axial Mechanical Tensile Strain OD (Late Life) | AK18: 0.0002 | AL18: checked | AM18: x
S19: Max. Axial Total Tensile Strain OD (Late Life) | U19: 0.00254 | V19: checked | W19: x | AA19: Max. Axial Total Tensile Strain OD (Late Life) | AC19: 0.00121 | AD19: checked | AE19: x | AI19: Max. Axial Total Tensile Strain OD (Late Life) | AK19: 0.00102 | AL19: checked | AM19: x
S20: Max. Axial Mechanical Tensile Strain Midwall (Late Life) | U20: 0.00146 | V20: checked | W20: x | AA20: Max. Axial Mechanical Tensile Strain Midwall (Late Life) | AC20: 0.00064 | AD20: checked | AE20: x | AI20: Max. Axial Mechanical Tensile Strain Midwall (Late Life) | AK20: 0.00018 | AL20: checked | AM20: x
S21: Max. Axial Total Tensile Strain Midwall (Late Life) | U21: 0.00235 | V21: checked | W21: x | AA21: Max. Axial Total Tensile Strain Midwall (Late Life) | AC21: 0.00113 | AD21: checked | AE21: x | AI21: Max. Axial Total Tensile Strain Midwall (Late Life) | AK21: 0.001 | AL21: checked | AM21: x
S22: Longitudinal Stress Range at Root, MPa (FCD) | T22: Early Life (1 to 15 yr) | AA22: Longitudinal Stress Range at Root, MPa (FCD) | AB22: Early Life (1 to 15 yr) | AI22: Longitudinal Stress Range at Root, MPa (FCD) | AJ22: Early Life (1 to 15 yr)
T24: Late Life (16 to 25 yr) | AB24: Late Life (16 to 25 yr) | AJ24: Late Life (16 to 25 yr)
S25: Longitudinal Stress Range at Root, MPa (PCD) | T25: Early Life (1 to 15 yr) | AA25: Longitudinal Stress Range at Root, MPa (PCD) | AB25: Early Life (1 to 15 yr) | AI25: Longitudinal Stress Range at Root, MPa (PCD) | AJ25: Early Life (1 to 15 yr)
T27: Late Life (16 to 25 yr) | AB27: Late Life (16 to 25 yr) | AJ27: Late Life (16 to 25 yr)
S28: Longitudinal Stress Range at Root, MPa (Between Hot Oiling) | T28: Early Life (1 to 15 yr) | AA28: Longitudinal Stress Range at Root, MPa (Between Hot Oiling) | AB28: Early Life (1 to 15 yr) | AI28: Longitudinal Stress Range at Root, MPa (Between Hot Oiling) | AJ28: Early Life (1 to 15 yr)
T30: Late Life (16 to 25 yr) | AB30: Late Life (16 to 25 yr) | AJ30: Late Life (16 to 25 yr)
S31: Longitudinal Stress Range at Root (Hydrotest), MPa | AA31: Longitudinal Stress Range at Root (Hydrotest), MPa | AI31: Longitudinal Stress Range at Root (Hydrotest), MPa
S32: Longitudinal Stress Range at Cap, MPa (FCD) | T32: Early Life (1 to 15 yr) | AA32: Longitudinal Stress Range at Cap, MPa (FCD) | AB32: Early Life (1 to 15 yr) | AI32: Longitudinal Stress Range at Cap, MPa (FCD) | AJ32: Early Life (1 to 15 yr)
T34: Late Life (16 to 25 yr) | AB34: Late Life (16 to 25 yr) | AJ34: Late Life (16 to 25 yr)
S35: Longitudinal Stress Range at Cap, MPa (PCD) | T35: Early Life (1 to 15 yr) | AA35: Longitudinal Stress Range at Cap, MPa (PCD) | AB35: Early Life (1 to 15 yr) | AI35: Longitudinal Stress Range at Cap, MPa (PCD) | AJ35: Early Life (1 to 15 yr)
T37: Late Life (16 to 25 yr) | AB37: Late Life (16 to 25 yr) | AJ37: Late Life (16 to 25 yr)
S38: Longitudinal Stress Range at Root, MPa (Between Hot Oiling) | T38: Early Life (1 to 15 yr) | AA38: Longitudinal Stress Range at Root, MPa (Between Hot Oiling) | AB38: Early Life (1 to 15 yr) | AI38: Longitudinal Stress Range at Root, MPa (Between Hot Oiling) | AJ38: Early Life (1 to 15 yr)
T40: Late Life (16 to 25 yr) | AB40: Late Life (16 to 25 yr) | AJ40: Late Life (16 to 25 yr)
S41: Longitudinal Stress Range at CAP (Hydrotest), MPa | AA41: Longitudinal Stress Range at CAP (Hydrotest), MPa | AI41: Longitudinal Stress Range at CAP (Hydrotest), MPa
S44: Strain and Stress Ranges | U44: BE-HE | V44: LE-BE | W44: BE-BE | X44: HE-BE | Y44: Input for ECA | AA44: Strain and Stress Ranges | AC44: BE-HE | AD44: LE-BE | AE44: BE-BE | AF44: HE-BE | AG44: Input for ECA | AI44: Strain and Stress Ranges | AK44: BE-HE | AL44: LE-BE | AM44: BE-BE | AN44: HE-BE | AO44: Input for ECA
R45: 12in | S45: Max. Axial Mechanical Tensile Strain OD (Hydrotest) | U45: 0.00179866 | V45: checked | W45: x | Z45: 12in | AA45: Max. Axial Mechanical Tensile Strain OD (Hydrotest) | AC45: 0.00127473 | AD45: checked | AE45: x | AH45: 12in | AI45: Max. Axial Mechanical Tensile Strain OD (Hydrotest) | AK45: 0.00042 | AL45: checked | AM45: x
R46: Sleeper | S46: Max. Axial Total Tensile Strain OD (Hydrotest) | U46: 0.00179866 | V46: checked | W46: x | Z46: Structure | AA46: Max. Axial Total Tensile Strain OD (Hydrotest) | AC46: 0.00127473 | AD46: checked | AE46: x | AH46: Other | AI46: Max. Axial Total Tensile Strain OD (Hydrotest) | AK46: 0.00042 | AL46: checked | AM46: x
S47: Max. Axial Mechanical Tensile Strain Midwall (Hydrotest) | U47: 0.00161753 | V47: checked | W47: x | AA47: Max. Axial Mechanical Tensile Strain Midwall (Hydrotest) | AC47: 0.00114763 | AD47: checked | AE47: x | AI47: Max. Axial Mechanical Tensile Strain Midwall (Hydrotest) | AK47: 0.00039 | AL47: checked | AM47: x
S48: Max. Axial Total Tensile Strain Midwall (Hydrotest) | U48: 0.00161753 | V48: checked | W48: x | AA48: Max. Axial Total Tensile Strain Midwall (Hydrotest) | AC48: 0.00114763 | AD48: checked | AE48: x | AI48: Max. Axial Total Tensile Strain Midwall (Hydrotest) | AK48: 0.00039 | AL48: checked | AM48: x
S49: Max. Axial Mechanical Tensile Strain OD (Design) | U49: 0.00220641 | V49: checked | W49: x | AA49: Max. Axial Mechanical Tensile Strain OD (Design) | AC49: 0.00127179 | AD49: checked | AE49: x | AI49: Max. Axial Mechanical Tensile Strain OD (Design) | AK49: 0.0008 | AL49: checked | AM49: x
S50: Max. Axial Total Tensile Strain OD (Design) | U50: 0.00337627 | V50: checked | W50: x | AA50: Max. Axial Total Tensile Strain OD (Design) | AC50: 0.00244165 | AD50: checked | AE50: x | AI50: Max. Axial Total Tensile Strain OD (Design) | AK50: 0.002 | AL50: checked | AM50: x
S51: Max. Axial Mechanical Tensile Strain Midwall (Design) | U51: 0.00196945 | V51: checked | W51: x | AA51: Max. Axial Mechanical Tensile Strain Midwall (Design) | AC51: 0.00113556 | AD51: checked | AE51: x | AI51: Max. Axial Mechanical Tensile Strain Midwall (Design) | AK51: 0.0007 | AL51: checked | AM51: x
S52: Max. Axial Total Tensile Strain Midwall (Design) | U52: 0.00313931 | V52: checked | W52: x | AA52: Max. Axial Total Tensile Strain Midwall (Design) | AC52: 0.00230542 | AD52: checked | AE52: x | AI52: Max. Axial Total Tensile Strain Midwall (Design) | AK52: 0.0019 | AL52: checked | AM52: x
S53: Max. Axial Mechanical Tensile Strain OD (Early Life) | U53: 0.00201 | V53: checked | W53: x | AA53: Max. Axial Mechanical Tensile Strain OD (Early Life) | AC53: 0.00079 | AD53: checked | AE53: x | AI53: Max. Axial Mechanical Tensile Strain OD (Early Life) | AK53: 0.00024 | AL53: checked | AM53: x
S54: Max. Axial Total Tensile Strain OD (Early Life) | U54: 0.00281 | V54: checked | W54: x | AA54: Max. Axial Total Tensile Strain OD (Early Life) | AC54: 0.0015 | AD54: checked | AE54: x | AI54: Max. Axial Total Tensile Strain OD (Early Life) | AK54: 0.00102 | AL54: checked | AM54: x
S55: Max. Axial Mechanical Tensile Strain Midwall (Early Life) | U55: 0.00179 | V55: checked | W55: x | AA55: Max. Axial Mechanical Tensile Strain Midwall (Early Life) | AC55: 0.00071 | AD55: checked | AE55: x | AI55: Max. Axial Mechanical Tensile Strain Midwall (Early Life) | AK55: 0.00023 | AL55: checked | AM55: x
S56: Max. Axial Total Tensile Strain Midwall (Early Life) | U56: 0.00255 | V56: checked | W56: x | AA56: Max. Axial Total Tensile Strain Midwall (Early Life) | AC56: 0.00142 | AD56: checked | AE56: x | AI56: Max. Axial Total Tensile Strain Midwall (Early Life) | AK56: 0.00101 | AL56: checked | AM56: x
S57: Max. Axial Mechanical Tensile Strain OD (Mid Life) | U57: 0.0019 | V57: checked | W57: x | AA57: Max. Axial Mechanical Tensile Strain OD (Mid Life) | AC57: 0.00079 | AD57: checked | AE57: x | AI57: Max. Axial Mechanical Tensile Strain OD (Mid Life) | AK57: 0.00024 | AL57: checked | AM57: x
S58: Max. Axial Total Tensile Strain OD (Mid Life) | U58: 0.0027 | V58: checked | AA58: Max. Axial Total Tensile Strain OD (Mid Life) | AC58: 0.0015 | AD58: checked | AI58: Max. Axial Total Tensile Strain OD (Mid Life) | AK58: 0.00102 | AL58: checked
S59: Max. Axial Mechanical Tensile Strain Midwall (Mid Life) | U59: 0.00162 | V59: checked | W59: x | AA59: Max. Axial Mechanical Tensile Strain Midwall (Mid Life) | AC59: 0.00071 | AD59: checked | AE59: x | AI59: Max. Axial Mechanical Tensile Strain Midwall (Mid Life) | AK59: 0.00022 | AL59: checked | AM59: x
S60: Max. Axial Total Tensile Strain Midwall (Mid Life) | U60: 0.00241 | V60: checked | AA60: Max. Axial Total Tensile Strain Midwall (Mid Life) | AC60: 0.00142 | AD60: checked | AI60: Max. Axial Total Tensile Strain Midwall (Mid Life) | AK60: 0.001 | AL60: checked
S61: Max. Axial Mechanical Tensile Strain OD (Late Life) | U61: 0.00181 | V61: checked | W61: x | AA61: Max. Axial Mechanical Tensile Strain OD (Late Life) | AC61: 0.0008 | AD61: checked | AE61: x | AI61: Max. Axial Mechanical Tensile Strain OD (Late Life) | AK61: 0.00024 | AL61: checked | AM61: x
S62: Max. Axial Total Tensile Strain OD (Late Life) | U62: 0.00259 | V62: checked | W62: x | AA62: Max. Axial Total Tensile Strain OD (Late Life) | AC62: 0.0015 | AD62: checked | AE62: x | AI62: Max. Axial Total Tensile Strain OD (Late Life) | AK62: 0.00102 | AL62: checked | AM62: x
S63: Max. Axial Mechanical Tensile Strain Midwall (Late Life) | U63: 0.0016 | V63: checked | W63: x | AA63: Max. Axial Mechanical Tensile Strain Midwall (Late Life) | AC63: 0.00072 | AD63: checked | AE63: x | AI63: Max. Axial Mechanical Tensile Strain Midwall (Late Life) | AK63: 0.00023 | AL63: checked | AM63: x
S64: Max. Axial Total Tensile Strain Midwall (Late Life) | U64: 0.00239 | V64: checked | W64: x | AA64: Max. Axial Total Tensile Strain Midwall (Late Life) | AC64: 0.00143 | AD64: checked | AE64: x | AI64: Max. Axial Total Tensile Strain Midwall (Late Life) | AK64: 0.001 | AL64: checked | AM64: x
S65: Longitudinal Stress Range at Root, MPa (FCD) | T65: Early Life (1 to 15 yr) | AA65: Longitudinal Stress Range at Root, MPa (FCD) | AB65: Early Life (1 to 15 yr) | AI65: Longitudinal Stress Range at Root, MPa (FCD) | AJ65: Early Life (1 to 15 yr)
T67: Late Life (16 to 25 yr) | AB67: Late Life (16 to 25 yr) | AJ67: Late Life (16 to 25 yr)
S68: Longitudinal Stress Range at Root, MPa (PCD) | T68: Early Life (1 to 15 yr) | AA68: Longitudinal Stress Range at Root, MPa (PCD) | AB68: Early Life (1 to 15 yr) | AI68: Longitudinal Stress Range at Root, MPa (PCD) | AJ68: Early Life (1 to 15 yr)
T70: Late Life (16 to 25 yr) | AB70: Late Life (16 to 25 yr) | AJ70: Late Life (16 to 25 yr)
S71: Longitudinal Stress Range at Root, MPa (Between Hot Oiling) | T71: Early Life (1 to 15 yr) | AA71: Longitudinal Stress Range at Root, MPa (Between Hot Oiling) | AB71: Early Life (1 to 15 yr) | AI71: Longitudinal Stress Range at Root, MPa (Between Hot Oiling) | AJ71: Early Life (1 to 15 yr)
T73: Late Life (16 to 25 yr) | AB73: Late Life (16 to 25 yr) | AJ73: Late Life (16 to 25 yr)
S74: Longitudinal Stress Range at Root (Hydrotest), MPa | AA74: Longitudinal Stress Range at Root (Hydrotest), MPa | AI74: Longitudinal Stress Range at Root (Hydrotest), MPa
S75: Longitudinal Stress Range at Cap, MPa (FCD) | T75: Early Life (1 to 15 yr) | AA75: Longitudinal Stress Range at Cap, MPa (FCD) | AB75: Early Life (1 to 15 yr) | AI75: Longitudinal Stress Range at Cap, MPa (FCD) | AJ75: Early Life (1 to 15 yr)
T77: Late Life (16 to 25 yr) | AB77: Late Life (16 to 25 yr) | AJ77: Late Life (16 to 25 yr)
S78: Longitudinal Stress Range at Cap, MPa (PCD) | T78: Early Life (1 to 15 yr) | AA78: Longitudinal Stress Range at Cap, MPa (PCD) | AB78: Early Life (1 to 15 yr) | AI78: Longitudinal Stress Range at Cap, MPa (PCD) | AJ78: Early Life (1 to 15 yr)
T80: Late Life (16 to 25 yr) | AB80: Late Life (16 to 25 yr) | AJ80: Late Life (16 to 25 yr)
S81: Longitudinal Stress Range at Root, MPa (Between Hot Oiling) | T81: Early Life (1 to 15 yr) | AA81: Longitudinal Stress Range at Root, MPa (Between Hot Oiling) | AB81: Early Life (1 to 15 yr) | AI81: Longitudinal Stress Range at Root, MPa (Between Hot Oiling) | AJ81: Early Life (1 to 15 yr)
T83: Late Life (16 to 25 yr) | AB83: Late Life (16 to 25 yr) | AJ83: Late Life (16 to 25 yr)
S84: Longitudinal Stress Range at CAP (Hydrotest), MPa | AA84: Longitudinal Stress Range at CAP (Hydrotest), MPa | AI84: Longitudinal Stress Range at CAP (Hydrotest), MPa

Sheet LE11_HEBE Walking
S1: Strain and Stress Ranges | U1: HE-BE | AA1: Strain and Stress Ranges | AC1: HE-BE | AI1: Strain and Stress Ranges | AK1: HE-BE
R2: 10in | S2: Max. Axial Mechanical Tensile Strain OD (Hydrotest) | V2: checked | Z2: 10in | AA2: Max. Axial Mechanical Tensile Strain OD (Hydrotest) | AD2: checked | AH2: 10in | AI2: Max. Axial Mechanical Tensile Strain OD (Hydrotest) | AL2: checked
R3: Sleeper | S3: Max. Axial Total Tensile Strain OD (Hydrotest) | V3: checked | Z3: Structure | AA3: Max. Axial Total Tensile Strain OD (Hydrotest) | AD3: checked | AH3: Other | AI3: Max. Axial Total Tensile Strain OD (Hydrotest) | AL3: checked
S4: Max. Axial Mechanical Tensile Strain Midwall (Hydrotest) | V4: checked | AA4: Max. Axial Mechanical Tensile Strain Midwall (Hydrotest) | AD4: checked | AI4: Max. Axial Mechanical Tensile Strain Midwall (Hydrotest) | AL4: checked
S5: Max. Axial Total Tensile Strain Midwall (Hydrotest) | V5: checked | AA5: Max. Axial Total Tensile Strain Midwall (Hydrotest) | AD5: checked | AI5: Max. Axial Total Tensile Strain Midwall (Hydrotest) | AL5: checked
S6: Max. Axial Mechanical Tensile Strain OD (Design) | V6: checked | AA6: Max. Axial Mechanical Tensile Strain OD (Design) | AD6: checked | AI6: Max. Axial Mechanical Tensile Strain OD (Design) | AL6: checked
S7: Max. Axial Total Tensile Strain OD (Design) | V7: checked | AA7: Max. Axial Total Tensile Strain OD (Design) | AD7: checked | AI7: Max. Axial Total Tensile Strain OD (Design) | AL7: checked
S8: Max. Axial Mechanical Tensile Strain Midwall (Design) | V8: checked | AA8: Max. Axial Mechanical Tensile Strain Midwall (Design) | AD8: checked | AI8: Max. Axial Mechanical Tensile Strain Midwall (Design) | AL8: checked
S9: Max. Axial Total Tensile Strain Midwall (Design) | V9: checked | AA9: Max. Axial Total Tensile Strain Midwall (Design) | AD9: checked | AI9: Max. Axial Total Tensile Strain Midwall (Design) | AL9: checked
S10: Max. Axial Mechanical Tensile Strain OD (Early Life) | V10: checked | W10: 0.0015 | X10: R2tR1 | AA10: Max. Axial Mechanical Tensile Strain OD (Early Life) | AD10: checked | AE10: 0.001 | AF10: R2tR1 | AI10: Max. Axial Mechanical Tensile Strain OD (Early Life) | AL10: checked | AM10: 0.001 | AN10: R2tR1
S11: Max. Axial Total Tensile Strain OD (Early Life) | V11: checked | W11: 0.0019 | X11: R2tR1 | AA11: Max. Axial Total Tensile Strain OD (Early Life) | AD11: checked | AE11: 0.0011 | AF11: R2tR1 | AI11: Max. Axial Total Tensile Strain OD (Early Life) | AL11: checked | AM11: 0.0011 | AN11: R2tR1
S12: Max. Axial Mechanical Tensile Strain Midwall (Early Life) | V12: checked | W12: 0.0013 | X12: R2tR1 | AA12: Max. Axial Mechanical Tensile Strain Midwall (Early Life) | AD12: checked | AE12: 0.0009 | AF12: R2tR1 | AI12: Max. Axial Mechanical Tensile Strain Midwall (Early Life) | AL12: checked | AM12: 0.0009 | AN12: R2tR1
S13: Max. Axial Total Tensile Strain Midwall (Early Life) | V13: checked | W13: 0.0017 | X13: R2tR1 | AA13: Max. Axial Total Tensile Strain Midwall (Early Life) | AD13: checked | AE13: 0.001 | AF13: R2tR1 | AI13: Max. Axial Total Tensile Strain Midwall (Early Life) | AL13: checked | AM13: 0.001 | AN13: R2tR1
S14: Max. Axial Mechanical Tensile Strain OD (Mid Life) | AA14: Max. Axial Mechanical Tensile Strain OD (Mid Life) | AI14: Max. Axial Mechanical Tensile Strain OD (Mid Life)
S15: Max. Axial Total Tensile Strain OD (Mid Life) | AA15: Max. Axial Total Tensile Strain OD (Mid Life) | AI15: Max. Axial Total Tensile Strain OD (Mid Life)
S16: Max. Axial Mechanical Tensile Strain Midwall (Mid Life) | AA16: Max. Axial Mechanical Tensile Strain Midwall (Mid Life) | AI16: Max. Axial Mechanical Tensile Strain Midwall (Mid Life)
S17: Max. Axial Total Tensile Strain Midwall (Mid Life) | AA17: Max. Axial Total Tensile Strain Midwall (Mid Life) | AI17: Max. Axial Total Tensile Strain Midwall (Mid Life)
S18: Max. Axial Mechanical Tensile Strain OD (Late Life) | V18: checked | W18: 0.0015 | X18: R2tR1 | AA18: Max. Axial Mechanical Tensile Strain OD (Late Life) | AD18: checked | AE18: 0.0009 | AF18: R2tR1 | AI18: Max. Axial Mechanical Tensile Strain OD (Late Life) | AL18: checked | AM18: 0.0009 | AN18: R2tR1
S19: Max. Axial Total Tensile Strain OD (Late Life) | V19: checked | W19: 0.0019 | X19: R2tR1 | AA19: Max. Axial Total Tensile Strain OD (Late Life) | AD19: checked | AE19: 0.0011 | AF19: R2tR1 | AI19: Max. Axial Total Tensile Strain OD (Late Life) | AL19: checked | AM19: 0.0011 | AN19: R2tR1
S20: Max. Axial Mechanical Tensile Strain Midwall (Late Life) | V20: checked | W20: 0.0014 | X20: R2tR1 | AA20: Max. Axial Mechanical Tensile Strain Midwall (Late Life) | AD20: checked | AE20: 0.0008 | AF20: R2tR1 | AI20: Max. Axial Mechanical Tensile Strain Midwall (Late Life) | AL20: checked | AM20: 0.0008 | AN20: R2tR1
S21: Max. Axial Total Tensile Strain Midwall (Late Life) | V21: checked | W21: 0.0017 | X21: R2tR1 | AA21: Max. Axial Total Tensile Strain Midwall (Late Life) | AD21: checked | AE21: 0.001 | AF21: R2tR1 | AI21: Max. Axial Total Tensile Strain Midwall (Late Life) | AL21: checked | AM21: 0.001 | AN21: R2tR1
S22: Longitudinal Stress Range at Root, MPa (FCD) | T22: Early Life (1 to 15 yr) | AA22: Longitudinal Stress Range at Root, MPa (FCD) | AB22: Early Life (1 to 15 yr) | AI22: Longitudinal Stress Range at Root, MPa (FCD) | AJ22: Early Life (1 to 15 yr)
T24: Late Life (16 to 25 yr) | AB24: Late Life (16 to 25 yr) | AJ24: Late Life (16 to 25 yr)
S25: Longitudinal Stress Range at Root, MPa (PCD) | T25: Early Life (1 to 15 yr) | AA25: Longitudinal Stress Range at Root, MPa (PCD) | AB25: Early Life (1 to 15 yr) | AI25: Longitudinal Stress Range at Root, MPa (PCD) | AJ25: Early Life (1 to 15 yr)
T27: Late Life (16 to 25 yr) | AB27: Late Life (16 to 25 yr) | AJ27: Late Life (16 to 25 yr)
S28: Longitudinal Stress Range at Root, MPa (Between Hot Oiling) | T28: Early Life (1 to 15 yr) | AA28: Longitudinal Stress Range at Root, MPa (Between Hot Oiling) | AB28: Early Life (1 to 15 yr) | AI28: Longitudinal Stress Range at Root, MPa (Between Hot Oiling) | AJ28: Early Life (1 to 15 yr)
T30: Late Life (16 to 25 yr) | AB30: Late Life (16 to 25 yr) | AJ30: Late Life (16 to 25 yr)
S31: Longitudinal Stress Range at Root (Hydrotest), MPa | AA31: Longitudinal Stress Range at Root (Hydrotest), MPa | AI31: Longitudinal Stress Range at Root (Hydrotest), MPa
S32: Longitudinal Stress Range at Cap, MPa (FCD) | T32: Early Life (1 to 15 yr) | AA32: Longitudinal Stress Range at Cap, MPa (FCD) | AB32: Early Life (1 to 15 yr) | AI32: Longitudinal Stress Range at Cap, MPa (FCD) | AJ32: Early Life (1 to 15 yr)
T34: Late Life (16 to 25 yr) | AB34: Late Life (16 to 25 yr) | AJ34: Late Life (16 to 25 yr)
S35: Longitudinal Stress Range at Cap, MPa (PCD) | T35: Early Life (1 to 15 yr) | AA35: Longitudinal Stress Range at Cap, MPa (PCD) | AB35: Early Life (1 to 15 yr) | AI35: Longitudinal Stress Range at Cap, MPa (PCD) | AJ35: Early Life (1 to 15 yr)
T37: Late Life (16 to 25 yr) | AB37: Late Life (16 to 25 yr) | AJ37: Late Life (16 to 25 yr)
S38: Longitudinal Stress Range at Root, MPa (Between Hot Oiling) | T38: Early Life (1 to 15 yr) | AA38: Longitudinal Stress Range at Root, MPa (Between Hot Oiling) | AB38: Early Life (1 to 15 yr) | AI38: Longitudinal Stress Range at Root, MPa (Between Hot Oiling) | AJ38: Early Life (1 to 15 yr)
T40: Late Life (16 to 25 yr) | AB40: Late Life (16 to 25 yr) | AJ40: Late Life (16 to 25 yr)
S41: Longitudinal Stress Range at CAP (Hydrotest), MPa | AA41: Longitudinal Stress Range at CAP (Hydrotest), MPa | AI41: Longitudinal Stress Range at CAP (Hydrotest), MPa
S44: Strain and Stress Ranges | U44: BE-HE | V44: LE-BE | W44: BE-BE | X44: HE-BE | Y44: Input for ECA | AA44: Strain and Stress Ranges | AC44: BE-HE | AD44: LE-BE | AE44: BE-BE | AF44: HE-BE | AG44: Input for ECA | AI44: Strain and Stress Ranges | AK44: BE-HE | AL44: LE-BE | AM44: BE-BE | AN44: HE-BE | AO44: Input for ECA
R45: 12in | S45: Max. Axial Mechanical Tensile Strain OD (Hydrotest) | V45: checked | Z45: 12in | AA45: Max. Axial Mechanical Tensile Strain OD (Hydrotest) | AD45: checked | AH45: 12in | AI45: Max. Axial Mechanical Tensile Strain OD (Hydrotest) | AL45: checked
R46: Sleeper | S46: Max. Axial Total Tensile Strain OD (Hydrotest) | V46: checked | Z46: Structure | AA46: Max. Axial Total Tensile Strain OD (Hydrotest) | AD46: checked | AH46: Other | AI46: Max. Axial Total Tensile Strain OD (Hydrotest) | AL46: checked
S47: Max. Axial Mechanical Tensile Strain Midwall (Hydrotest) | V47: checked | AA47: Max. Axial Mechanical Tensile Strain Midwall (Hydrotest) | AD47: checked | AI47: Max. Axial Mechanical Tensile Strain Midwall (Hydrotest) | AL47: checked
S48: Max. Axial Total Tensile Strain Midwall (Hydrotest) | V48: checked | AA48: Max. Axial Total Tensile Strain Midwall (Hydrotest) | AD48: checked | AI48: Max. Axial Total Tensile Strain Midwall (Hydrotest) | AL48: checked
S49: Max. Axial Mechanical Tensile Strain OD (Design) | V49: checked | AA49: Max. Axial Mechanical Tensile Strain OD (Design) | AD49: checked | AI49: Max. Axial Mechanical Tensile Strain OD (Design) | AL49: checked
S50: Max. Axial Total Tensile Strain OD (Design) | V50: checked | AA50: Max. Axial Total Tensile Strain OD (Design) | AD50: checked | AI50: Max. Axial Total Tensile Strain OD (Design) | AL50: checked
S51: Max. Axial Mechanical Tensile Strain Midwall (Design) | V51: checked | AA51: Max. Axial Mechanical Tensile Strain Midwall (Design) | AD51: checked | AI51: Max. Axial Mechanical Tensile Strain Midwall (Design) | AL51: checked
S52: Max. Axial Total Tensile Strain Midwall (Design) | V52: checked | AA52: Max. Axial Total Tensile Strain Midwall (Design) | AD52: checked | AI52: Max. Axial Total Tensile Strain Midwall (Design) | AL52: checked
S53: Max. Axial Mechanical Tensile Strain OD (Early Life) | V53: checked | W53: 0.0013 | X53: R2tR1 | AA53: Max. Axial Mechanical Tensile Strain OD (Early Life) | AD53: checked | AE53: 0.0008 | AF53: R2tR1 | AI53: Max. Axial Mechanical Tensile Strain OD (Early Life) | AL53: checked | AM53: 0.0008 | AN53: R2tR1
S54: Max. Axial Total Tensile Strain OD (Early Life) | V54: checked | W54: 0.0014 | X54: R2tR1 | AA54: Max. Axial Total Tensile Strain OD (Early Life) | AD54: checked | AE54: 0.0009 | AF54: R2tR1 | AI54: Max. Axial Total Tensile Strain OD (Early Life) | AL54: checked | AM54: 0.0009 | AN54: R2tR1
S55: Max. Axial Mechanical Tensile Strain Midwall (Early Life) | V55: checked | W55: 0.0012 | X55: R2tR1 | AA55: Max. Axial Mechanical Tensile Strain Midwall (Early Life) | AD55: checked | AE55: 0.0007 | AF55: R2tR1 | AI55: Max. Axial Mechanical Tensile Strain Midwall (Early Life) | AL55: checked | AM55: 0.0007 | AN55: R2tR1
S56: Max. Axial Total Tensile Strain Midwall (Early Life) | V56: checked | W56: 0.0012 | X56: R2tR1 | AA56: Max. Axial Total Tensile Strain Midwall (Early Life) | AD56: checked | AE56: 0.0008 | AF56: R2tR1 | AI56: Max. Axial Total Tensile Strain Midwall (Early Life) | AL56: checked | AM56: 0.0008 | AN56: R2tR1
S57: Max. Axial Mechanical Tensile Strain OD (Mid Life) | AA57: Max. Axial Mechanical Tensile Strain OD (Mid Life) | AI57: Max. Axial Mechanical Tensile Strain OD (Mid Life)
S58: Max. Axial Total Tensile Strain OD (Mid Life) | AA58: Max. Axial Total Tensile Strain OD (Mid Life) | AI58: Max. Axial Total Tensile Strain OD (Mid Life)
S59: Max. Axial Mechanical Tensile Strain Midwall (Mid Life) | AA59: Max. Axial Mechanical Tensile Strain Midwall (Mid Life) | AI59: Max. Axial Mechanical Tensile Strain Midwall (Mid Life)
S60: Max. Axial Total Tensile Strain Midwall (Mid Life) | AA60: Max. Axial Total Tensile Strain Midwall (Mid Life) | AI60: Max. Axial Total Tensile Strain Midwall (Mid Life)
S61: Max. Axial Mechanical Tensile Strain OD (Late Life) | V61: checked | W61: 0.0014 | X61: R2tR1 | AA61: Max. Axial Mechanical Tensile Strain OD (Late Life) | AD61: checked | AE61: 0.0007 | AF61: R2tR1 | AI61: Max. Axial Mechanical Tensile Strain OD (Late Life) | AL61: checked | AM61: 0.0007 | AN61: R2tR1
S62: Max. Axial Total Tensile Strain OD (Late Life) | V62: checked | W62: 0.0014 | X62: R2tR1 | AA62: Max. Axial Total Tensile Strain OD (Late Life) | AD62: checked | AE62: 0.0009 | AF62: R2tR1 | AI62: Max. Axial Total Tensile Strain OD (Late Life) | AL62: checked | AM62: 0.0009 | AN62: R2tR1
S63: Max. Axial Mechanical Tensile Strain Midwall (Late Life) | V63: checked | W63: 0.0012 | X63: R2tR1 | AA63: Max. Axial Mechanical Tensile Strain Midwall (Late Life) | AD63: checked | AE63: 0.0006 | AF63: R2tR1 | AI63: Max. Axial Mechanical Tensile Strain Midwall (Late Life) | AL63: checked | AM63: 0.0006 | AN63: R2tR1
S64: Max. Axial Total Tensile Strain Midwall (Late Life) | V64: checked | W64: 0.0013 | X64: R2tR1 | AA64: Max. Axial Total Tensile Strain Midwall (Late Life) | AD64: checked | AE64: 0.0008 | AF64: R2tR1 | AI64: Max. Axial Total Tensile Strain Midwall (Late Life) | AL64: checked | AM64: 0.0008 | AN64: R2tR1
S65: Longitudinal Stress Range at Root, MPa (FCD) | T65: Early Life (1 to 15 yr) | AA65: Longitudinal Stress Range at Root, MPa (FCD) | AB65: Early Life (1 to 15 yr) | AI65: Longitudinal Stress Range at Root, MPa (FCD) | AJ65: Early Life (1 to 15 yr)
T67: Late Life (16 to 25 yr) | AB67: Late Life (16 to 25 yr) | AJ67: Late Life (16 to 25 yr)
S68: Longitudinal Stress Range at Root, MPa (PCD) | T68: Early Life (1 to 15 yr) | AA68: Longitudinal Stress Range at Root, MPa (PCD) | AB68: Early Life (1 to 15 yr) | AI68: Longitudinal Stress Range at Root, MPa (PCD) | AJ68: Early Life (1 to 15 yr)
T70: Late Life (16 to 25 yr) | AB70: Late Life (16 to 25 yr) | AJ70: Late Life (16 to 25 yr)
S71: Longitudinal Stress Range at Root, MPa (Between Hot Oiling) | T71: Early Life (1 to 15 yr) | AA71: Longitudinal Stress Range at Root, MPa (Between Hot Oiling) | AB71: Early Life (1 to 15 yr) | AI71: Longitudinal Stress Range at Root, MPa (Between Hot Oiling) | AJ71: Early Life (1 to 15 yr)
T73: Late Life (16 to 25 yr) | AB73: Late Life (16 to 25 yr) | AJ73: Late Life (16 to 25 yr)
S74: Longitudinal Stress Range at Root (Hydrotest), MPa | AA74: Longitudinal Stress Range at Root (Hydrotest), MPa | AI74: Longitudinal Stress Range at Root (Hydrotest), MPa
S75: Longitudinal Stress Range at Cap, MPa (FCD) | T75: Early Life (1 to 15 yr) | AA75: Longitudinal Stress Range at Cap, MPa (FCD) | AB75: Early Life (1 to 15 yr) | AI75: Longitudinal Stress Range at Cap, MPa (FCD) | AJ75: Early Life (1 to 15 yr)
T77: Late Life (16 to 25 yr) | AB77: Late Life (16 to 25 yr) | AJ77: Late Life (16 to 25 yr)
S78: Longitudinal Stress Range at Cap, MPa (PCD) | T78: Early Life (1 to 15 yr) | AA78: Longitudinal Stress Range at Cap, MPa (PCD) | AB78: Early Life (1 to 15 yr) | AI78: Longitudinal Stress Range at Cap, MPa (PCD) | AJ78: Early Life (1 to 15 yr)
T80: Late Life (16 to 25 yr) | AB80: Late Life (16 to 25 yr) | AJ80: Late Life (16 to 25 yr)
S81: Longitudinal Stress Range at Root, MPa (Between Hot Oiling) | T81: Early Life (1 to 15 yr) | AA81: Longitudinal Stress Range at Root, MPa (Between Hot Oiling) | AB81: Early Life (1 to 15 yr) | AI81: Longitudinal Stress Range at Root, MPa (Between Hot Oiling) | AJ81: Early Life (1 to 15 yr)
T83: Late Life (16 to 25 yr) | AB83: Late Life (16 to 25 yr) | AJ83: Late Life (16 to 25 yr)
S84: Longitudinal Stress Range at CAP (Hydrotest), MPa | AA84: Longitudinal Stress Range at CAP (Hydrotest), MPa | AI84: Longitudinal Stress Range at CAP (Hydrotest), MPa

Sheet LE11_HEBE_HO_P2toP1
S1: Strain and Stress Ranges | U1: HE-BE | AA1: Strain and Stress Ranges | AC1: HE-BE | AI1: Strain and Stress Ranges | AK1: HE-BE
R2: 10in | S2: Max. Axial Mechanical Tensile Strain OD (Hydrotest) | U2: 0.00162711 | V2: checked | W2: x | Z2: 10in | AA2: Max. Axial Mechanical Tensile Strain OD (Hydrotest) | AC2: 0.00102346 | AD2: checked | AE2: x | AH2: 10in | AI2: Max. Axial Mechanical Tensile Strain OD (Hydrotest) | AK2: 0.00102346 | AL2: checked | AM2: x
R3: Sleeper | S3: Max. Axial Total Tensile Strain OD (Hydrotest) | U3: 0.00162711 | V3: checked | W3: x | Z3: Structure | AA3: Max. Axial Total Tensile Strain OD (Hydrotest) | AC3: 0.00102346 | AD3: checked | AE3: x | AH3: Other | AI3: Max. Axial Total Tensile Strain OD (Hydrotest) | AK3: 0.00102346 | AL3: checked | AM3: x
S4: Max. Axial Mechanical Tensile Strain Midwall (Hydrotest) | U4: 0.00144764 | V4: checked | W4: x | AA4: Max. Axial Mechanical Tensile Strain Midwall (Hydrotest) | AC4: 0.000908977 | AD4: checked | AE4: x | AI4: Max. Axial Mechanical Tensile Strain Midwall (Hydrotest) | AK4: 0.000908977 | AL4: checked | AM4: x
S5: Max. Axial Total Tensile Strain Midwall (Hydrotest) | U5: 0.00144764 | V5: checked | W5: x | AA5: Max. Axial Total Tensile Strain Midwall (Hydrotest) | AC5: 0.000908977 | AD5: checked | AE5: x | AI5: Max. Axial Total Tensile Strain Midwall (Hydrotest) | AK5: 0.000908977 | AL5: checked | AM5: x
S6: Max. Axial Mechanical Tensile Strain OD (Design) | U6: 0.002106001 | V6: checked | W6: x | AA6: Max. Axial Mechanical Tensile Strain OD (Design) | AC6: 0.001100551 | AD6: checked | AE6: x | AI6: Max. Axial Mechanical Tensile Strain OD (Design) | AK6: 0.001100551 | AL6: checked | AM6: x
S7: Max. Axial Total Tensile Strain OD (Design) | U7: 0.00314577 | V7: checked | W7: x | AA7: Max. Axial Total Tensile Strain OD (Design) | AC7: 0.0021356 | AD7: checked | AE7: x | AI7: Max. Axial Total Tensile Strain OD (Design) | AK7: 0.0021356 | AL7: checked | AM7: x
S8: Max. Axial Mechanical Tensile Strain Midwall (Design) | U8: 0.001858761 | V8: checked | W8: x | AA8: Max. Axial Mechanical Tensile Strain Midwall (Design) | AC8: 0.000968518 | AD8: checked | AE8: x | AI8: Max. Axial Mechanical Tensile Strain Midwall (Design) | AK8: 0.000968518 | AL8: checked | AM8: x
S9: Max. Axial Total Tensile Strain Midwall (Design) | U9: 0.00291477 | V9: checked | W9: x | AA9: Max. Axial Total Tensile Strain Midwall (Design) | AC9: 0.00203018 | AD9: checked | AE9: x | AI9: Max. Axial Total Tensile Strain Midwall (Design) | AK9: 0.00203018 | AL9: checked | AM9: x
S10: Max. Axial Mechanical Tensile Strain OD (Early Life) | U10: 0.00189 | V10: checked | W10: x | AA10: Max. Axial Mechanical Tensile Strain OD (Early Life) | AC10: 0.00074 | AD10: checked | AE10: x | AI10: Max. Axial Mechanical Tensile Strain OD (Early Life) | AK10: 0.0002 | AL10: checked | AM10: x
S11: Max. Axial Total Tensile Strain OD (Early Life) | U11: 0.00272 | V11: checked | W11: x | AA11: Max. Axial Total Tensile Strain OD (Early Life) | AC11: 0.00122 | AD11: checked | AE11: x | AI11: Max. Axial Total Tensile Strain OD (Early Life) | AK11: 0.001 | AL11: checked | AM11: x
S12: Max. Axial Mechanical Tensile Strain Midwall (Early Life) | U12: 0.00166 | V12: checked | W12: x | AA12: Max. Axial Mechanical Tensile Strain Midwall (Early Life) | AC12: 0.00066 | AD12: checked | AE12: x | AI12: Max. Axial Mechanical Tensile Strain Midwall (Early Life) | AK12: 0.00018 | AL12: checked | AM12: x
S13: Max. Axial Total Tensile Strain Midwall (Early Life) | U13: 0.00249 | V13: checked | W13: x | AA13: Max. Axial Total Tensile Strain Midwall (Early Life) | AC13: 0.00114 | AD13: checked | AE13: x | AI13: Max. Axial Total Tensile Strain Midwall (Early Life) | AK13: 0.00098 | AL13: checked | AM13: x
S14: Max. Axial Mechanical Tensile Strain OD (Mid Life) | U14: 0.00167 | V14: checked | W14: x | AA14: Max. Axial Mechanical Tensile Strain OD (Mid Life) | AC14: 0.00074 | AD14: checked | AE14: x | AI14: Max. Axial Mechanical Tensile Strain OD (Mid Life) | AK14: 0.0002 | AL14: checked | AM14: x
S15: Max. Axial Total Tensile Strain OD (Mid Life) | U15: 0.0025 | V15: checked | W15: x | AA15: Max. Axial Total Tensile Strain OD (Mid Life) | AC15: 0.00121 | AD15: checked | AE15: x | AI15: Max. Axial Total Tensile Strain OD (Mid Life) | AK15: 0.00101 | AL15: checked | AM15: x
... S21: Max. Axial Total Tensile Strain Midwall (Late Life) | U21: 0.0023 | V21: checked | W21: x | AA21: Max. Axial Total Tensile Strain Midwall (Late Life) | AC21: 0.00112 | AD21: checked | AE21: x | AI21: Max. Axial Total Tensile Strain Midwall (Late Life) | AK21: 0.00099 | AL21: checked | AM21: x
S22: Longitudinal Stress Range at Root, MPa (FCD) | T22: Early Life (1 to 15 yr) | AA22: Longitudinal Stress Range at Root, MPa (FCD) | AB22: Early Life (1 to 15 yr) | AI22: Longitudinal Stress Range at Root, MPa (FCD) | AJ22: Early Life (1 to 15 yr)
T24: Late Life (16 to 25 yr) | AB24: Late Life (16 to 25 yr) | AJ24: Late Life (16 to 25 yr)
S25: Longitudinal Stress Range at Root, MPa (PCD) | T25: Early Life (1 to 15 yr) | AA25: Longitudinal Stress Range at Root, MPa (PCD) | AB25: Early Life (1 to 15 yr) | AI25: Longitudinal Stress Range at Root, MPa (PCD) | AJ25: Early Life (1 to 15 yr)
T27: Late Life (16 to 25 yr) | AB27: Late Life (16 to 25 yr) | AJ27: Late Life (16 to 25 yr)
S28: Longitudinal Stress Range at Root, MPa (Between Hot Oiling) | T28: Early Life (1 to 15 yr) | AA28: Longitudinal Stress Range at Root, MPa (Between Hot Oiling) | AB28: Early Life (1 to 15 yr) | AI28: Longitudinal Stress Range at Root, MPa (Between Hot Oiling) | AJ28: Early Life (1 to 15 yr)
T30: Late Life (16 to 25 yr) | AB30: Late Life (16 to 25 yr) | AJ30: Late Life (16 to 25 yr)
S31: Longitudinal Stress Range at Root (Hydrotest), MPa | AA31: Longitudinal Stress Range at Root (Hydrotest), MPa | AI31: Longitudinal Stress Range at Root (Hydrotest), MPa
S32: Longitudinal Stress Range at Cap, MPa (FCD) | T32: Early Life (1 to 15 yr) | AA32: Longitudinal Stress Range at Cap, MPa (FCD) | AB32: Early Life (1 to 15 yr) | AI32: Longitudinal Stress Range at Cap, MPa (FCD) | AJ32: Early Life (1 to 15 yr)
T34: Late Life (16 to 25 yr) | AB34: Late Life (16 to 25 yr) | AJ34: Late Life (16 to 25 yr)
S35: Longitudinal Stress Range at Cap, MPa (PCD) | T35: Early Life (1 to 15 yr) | AA35: Longitudinal Stress Range at Cap, MPa (PCD) | AB35: Early Life (1 to 15 yr) | AI35: Longitudinal Stress Range at Cap, MPa (PCD) | AJ35: Early Life (1 to 15 yr)
T37: Late Life (16 to 25 yr) | AB37: Late Life (16 to 25 yr) | AJ37: Late Life (16 to 25 yr)
S38: Longitudinal Stress Range at Root, MPa (Between Hot Oiling) | T38: Early Life (1 to 15 yr) | AA38: Longitudinal Stress Range at Root, MPa (Between Hot Oiling) | AB38: Early Life (1 to 15 yr) | AI38: Longitudinal Stress Range at Root, MPa (Between Hot Oiling) | AJ38: Early Life (1 to 15 yr)
T40: Late Life (16 to 25 yr) | AB40: Late Life (16 to 25 yr) | AJ40: Late Life (16 to 25 yr)
S41: Longitudinal Stress Range at CAP (Hydrotest), MPa | AA41: Longitudinal Stress Range at CAP (Hydrotest), MPa | AI41: Longitudinal Stress Range at CAP (Hydrotest), MPa
S44: Strain and Stress Ranges | U44: BE-HE | V44: LE-BE | W44: BE-BE | X44: HE-BE | Y44: Input for ECA | AA44: Strain and Stress Ranges | AC44: BE-HE | AD44: LE-BE | AE44: BE-BE | AF44: HE-BE | AG44: Input for ECA | AI44: Strain and Stress Ranges | AK44: BE-HE | AL44: LE-BE | AM44: BE-BE | AN44: HE-BE | AO44: Input for ECA
R45: 12in | S45: Max. Axial Mechanical Tensile Strain OD (Hydrotest) | U45: 0.00177457 | V45: checked | W45: x | Z45: 12in | AA45: Max. Axial Mechanical Tensile Strain OD (Hydrotest) | AC45: 0.00123395 | AD45: checked | AE45: x | AH45: 12in | AI45: Max. Axial Mechanical Tensile Strain OD (Hydrotest) | AK45: 0.00123395 | AL45: checked | AM45: x
R46: Sleeper | S46: Max. Axial Total Tensile Strain OD (Hydrotest) | U46: 0.00177457 | V46: checked | W46: x | Z46: Structure | AA46: Max. Axial Total Tensile Strain OD (Hydrotest) | AC46: 0.00123395 | AD46: checked | AE46: x | AH46: Other | AI46: Max. Axial Total Tensile Strain OD (Hydrotest) | AK46: 0.00123395 | AL46: checked | AM46: x
S47: Max. Axial Mechanical Tensile Strain Midwall (Hydrotest) | U47: 0.00159608 | V47: checked | W47: x | AA47: Max. Axial Mechanical Tensile Strain Midwall (Hydrotest) | AC47: 0.00110989 | AD47: checked | AE47: x | AI47: Max. Axial Mechanical Tensile Strain Midwall (Hydrotest) | AK47: 0.00110989 | AL47: checked | AM47: x
S48: Max. Axial Total Tensile Strain Midwall (Hydrotest) | U48: 0.00159608 | V48: checked | W48: x | AA48: Max. Axial Total Tensile Strain Midwall (Hydrotest) | AC48: 0.00110989 | AD48: checked | AE48: x | AI48: Max. Axial Total Tensile Strain Midwall (Hydrotest) | AK48: 0.00110989 | AL48: checked | AM48: x
S49: Max. Axial Mechanical Tensile Strain OD (Design) | U49: 0.00216099 | V49: checked | W49: x | AA49: Max. Axial Mechanical Tensile Strain OD (Design) | AC49: 0.00123761 | AD49: checked | AE49: x | AI49: Max. Axial Mechanical Tensile Strain OD (Design) | AK49: 0.00123761 | AL49: checked | AM49: x
S50: Max. Axial Total Tensile Strain OD (Design) | U50: 0.00333085 | V50: checked | W50: x | AA50: Max. Axial Total Tensile Strain OD (Design) | AC50: 0.00240747 | AD50: checked | AE50: x | AI50: Max. Axial Total Tensile Strain OD (Design) | AK50: 0.00240747 | AL50: checked | AM50: x
S51: Max. Axial Mechanical Tensile Strain Midwall (Design) | U51: 0.00192914 | V51: checked | W51: x | AA51: Max. Axial Mechanical Tensile Strain Midwall (Design) | AC51: 0.00110401 | AD51: checked | AE51: x | AI51: Max. Axial Mechanical Tensile Strain Midwall (Design) | AK51: 0.00110401 | AL51: checked | AM51: x
S52: Max. Axial Total Tensile Strain Midwall (Design) | U52: 0.003099 | V52: checked | W52: x | AA52: Max. Axial Total Tensile Strain Midwall (Design) | AC52: 0.00227387 | AD52: checked | AE52: x | AI52: Max. Axial Total Tensile Strain Midwall (Design) | AK52: 0.00227387 | AL52: checked | AM52: x
S53: Max. Axial Mechanical Tensile Strain OD (Early Life) | U53: 0.00202 | V53: checked | W53: x | AA53: Max. Axial Mechanical Tensile Strain OD (Early Life) | AC53: 0.00081 | AD53: checked | AE53: x | AI53: Max. Axial Mechanical Tensile Strain OD (Early Life) | AK53: 0.00028 | AL53: checked | AM53: x
S54: Max. Axial Total Tensile Strain OD (Early Life) | U54: 0.00279 | V54: checked | W54: x | AA54: Max. Axial Total Tensile Strain OD (Early Life) | AC54: 0.00149 | AD54: checked | AE54: x | AI54: Max. Axial Total Tensile Strain OD (Early Life) | AK54: 0.00102 | AL54: checked | AM54: x
S55: Max. Axial Mechanical Tensile Strain Midwall (Early Life) | U55: 0.00179 | V55: checked | W55: x | AA55: Max. Axial Mechanical Tensile Strain Midwall (Early Life) | AC55: 0.00073 | AD55: checked | AE55: x | AI55: Max. Axial Mechanical Tensile Strain Midwall (Early Life) | AK55: 0.00027 | AL55: checked | AM55: x
S56: Max. Axial Total Tensile Strain Midwall (Early Life) | U56: 0.00253 | V56: checked | W56: x | AA56: Max. Axial Total Tensile Strain Midwall (Early Life) | AC56: 0.00141 | AD56: checked | AE56: x | AI56: Max. Axial Total Tensile Strain Midwall (Early Life) | AK56: 0.001 | AL56: checked | AM56: x
S57: Max. Axial Mechanical Tensile Strain OD (Mid Life) | U57: 0.00182 | V57: checked | W57: x | AA57: Max. Axial Mechanical Tensile Strain OD (Mid Life) | AC57: 0.00081 | AD57: checked | AE57: x | AI57: Max. Axial Mechanical Tensile Strain OD (Mid Life) | AK57: 0.00028 | AL57: checked | AM57: x
S58: Max. Axial Total Tensile Strain OD (Mid Life) | U58: 0.00256 | V58: checked | W58: x | AA58: Max. Axial Total Tensile Strain OD (Mid Life) | AC58: 0.00148 | AD58: checked | AE58: x | AI58: Max. Axial Total Tensile Strain OD (Mid Life) | AK58: 0.00101 | AL58: checked | AM58: x
... S64: Max. Axial Total Tensile Strain Midwall (Late Life) | U64: 0.00236 | V64: checked | W64: x | AA64: Max. Axial Total Tensile Strain Midwall (Late Life) | AC64: 0.00141 | AD64: checked | AE64: x | AI64: Max. Axial Total Tensile Strain Midwall (Late Life) | AK64: 0.00099 | AL64: checked | AM64: x
S65: Longitudinal Stress Range at Root, MPa (FCD) | T65: Early Life (1 to 15 yr) | AA65: Longitudinal Stress Range at Root, MPa (FCD) | AB65: Early Life (1 to 15 yr) | AI65: Longitudinal Stress Range at Root, MPa (FCD) | AJ65: Early Life (1 to 15 yr)
T67: Late Life (16 to 25 yr) | AB67: Late Life (16 to 25 yr) | AJ67: Late Life (16 to 25 yr)
S68: Longitudinal Stress Range at Root, MPa (PCD) | T68: Early Life (1 to 15 yr) | AA68: Longitudinal Stress Range at Root, MPa (PCD) | AB68: Early Life (1 to 15 yr) | AI68: Longitudinal Stress Range at Root, MPa (PCD) | AJ68: Early Life (1 to 15 yr)
T70: Late Life (16 to 25 yr) | AB70: Late Life (16 to 25 yr) | AJ70: Late Life (16 to 25 yr)
S71: Longitudinal Stress Range at Root, MPa (Between Hot Oiling) | T71: Early Life (1 to 15 yr) | AA71: Longitudinal Stress Range at Root, MPa (Between Hot Oiling) | AB71: Early Life (1 to 15 yr) | AI71: Longitudinal Stress Range at Root, MPa (Between Hot Oiling) | AJ71: Early Life (1 to 15 yr)
T73: Late Life (16 to 25 yr) | AB73: Late Life (16 to 25 yr) | AJ73: Late Life (16 to 25 yr)
S74: Longitudinal Stress Range at Root (Hydrotest), MPa | AA74: Longitudinal Stress Range at Root (Hydrotest), MPa | AI74: Longitudinal Stress Range at Root (Hydrotest), MPa
S75: Longitudinal Stress Range at Cap, MPa (FCD) | T75: Early Life (1 to 15 yr) | AA75: Longitudinal Stress Range at Cap, MPa (FCD) | AB75: Early Life (1 to 15 yr) | AI75: Longitudinal Stress Range at Cap, MPa (FCD) | AJ75: Early Life (1 to 15 yr)
T77: Late Life (16 to 25 yr) | AB77: Late Life (16 to 25 yr) | AJ77: Late Life (16 to 25 yr)
S78: Longitudinal Stress Range at Cap, MPa (PCD) | T78: Early Life (1 to 15 yr) | AA78: Longitudinal Stress Range at Cap, MPa (PCD) | AB78: Early Life (1 to 15 yr) | AI78: Longitudinal Stress Range at Cap, MPa (PCD) | AJ78: Early Life (1 to 15 yr)
T80: Late Life (16 to 25 yr) | AB80: Late Life (16 to 25 yr) | AJ80: Late Life (16 to 25 yr)
S81: Longitudinal Stress Range at Root, MPa (Between Hot Oiling) | T81: Early Life (1 to 15 yr) | AA81: Longitudinal Stress Range at Root, MPa (Between Hot Oiling) | AB81: Early Life (1 to 15 yr) | AI81: Longitudinal Stress Range at Root, MPa (Between Hot Oiling) | AJ81: Early Life (1 to 15 yr)
T83: Late Life (16 to 25 yr) | AB83: Late Life (16 to 25 yr) | AJ83: Late Life (16 to 25 yr)
S84: Longitudinal Stress Range at CAP (Hydrotest), MPa | AA84: Longitudinal Stress Range at CAP (Hydrotest), MPa | AI84: Longitudinal Stress Range at CAP (Hydrotest), MPa

Sheet LE11_HEBE_HO_P1toP2
S1: Strain and Stress Ranges | U1: HE-BE | AA1: Strain and Stress Ranges | AC1: HE-BE | AI1: Strain and Stress Ranges | AK1: HE-BE
R2: 10in | S2: Max. Axial Mechanical Tensile Strain OD (Hydrotest) | U2: 0.00162711 | V2: checked | W2: x | Z2: 10in | AA2: Max. Axial Mechanical Tensile Strain OD (Hydrotest) | AC2: 0.00102346 | AD2: checked | AE2: x | AH2: 10in | AI2: Max. Axial Mechanical Tensile Strain OD (Hydrotest) | AK2: 0.00102346 | AL2: checked | AM2: x
R3: Sleeper | S3: Max. Axial Total Tensile Strain OD (Hydrotest) | U3: 0.00162711 | V3: checked | W3: x | Z3: Structure | AA3: Max. Axial Total Tensile Strain OD (Hydrotest) | AC3: 0.00102346 | AD3: checked | AE3: x | AH3: Other | AI3: Max. Axial Total Tensile Strain OD (Hydrotest) | AK3: 0.00102346 | AL3: checked | AM3: x
S4: Max. Axial Mechanical Tensile Strain Midwall (Hydrotest) | U4: 0.00144764 | V4: checked | W4: x | AA4: Max. Axial Mechanical Tensile Strain Midwall (Hydrotest) | AC4: 0.000908977 | AD4: checked | AE4: x | AI4: Max. Axial Mechanical Tensile Strain Midwall (Hydrotest) | AK4: 0.000908977 | AL4: checked | AM4: x
S5: Max. Axial Total Tensile Strain Midwall (Hydrotest) | U5: 0.00144764 | V5: checked | W5: x | AA5: Max. Axial Total Tensile Strain Midwall (Hydrotest) | AC5: 0.000908977 | AD5: checked | AE5: x | AI5: Max. Axial Total Tensile Strain Midwall (Hydrotest) | AK5: 0.000908977 | AL5: checked | AM5: x
S6: Max. Axial Mechanical Tensile Strain OD (Design) | U6: 0.002106001 | V6: checked | W6: x | AA6: Max. Axial Mechanical Tensile Strain OD (Design) | AC6: 0.001100551 | AD6: checked | AE6: x | AI6: Max. Axial Mechanical Tensile Strain OD (Design) | AK6: 0.001100551 | AL6: checked | AM6: x
S7: Max. Axial Total Tensile Strain OD (Design) | U7: 0.00314577 | V7: checked | W7: x | AA7: Max. Axial Total Tensile Strain OD (Design) | AC7: 0.0021356 | AD7: checked | AE7: x | AI7: Max. Axial Total Tensile Strain OD (Design) | AK7: 0.0021356 | AL7: checked | AM7: x
S8: Max. Axial Mechanical Tensile Strain Midwall (Design) | U8: 0.001858761 | V8: checked | W8: x | AA8: Max. Axial Mechanical Tensile Strain Midwall (Design) | AC8: 0.000968518 | AD8: checked | AE8: x | AI8: Max. Axial Mechanical Tensile Strain Midwall (Design) | AK8: 0.000968518 | AL8: checked | AM8: x
S9: Max. Axial Total Tensile Strain Midwall (Design) | U9: 0.00291477 | V9: checked | W9: x | AA9: Max. Axial Total Tensile Strain Midwall (Design) | AC9: 0.00203018 | AD9: checked | AE9: x | AI9: Max. Axial Total Tensile Strain Midwall (Design) | AK9: 0.00203018 | AL9: checked | AM9: x
S10: Max. Axial Mechanical Tensile Strain OD (Early Life) | U10: 0.00183 | V10: checked | W10: x | AA10: Max. Axial Mechanical Tensile Strain OD (Early Life) | AC10: 0.00074 | AD10: checked | AE10: x | AI10: Max. Axial Mechanical Tensile Strain OD (Early Life) | AK10: 0.0002 | AL10: checked | AM10: x
S11: Max. Axial Total Tensile Strain OD (Early Life) | U11: 0.00272 | V11: checked | W11: x | AA11: Max. Axial Total Tensile Strain OD (Early Life) | AC11: 0.00113 | AD11: checked | AE11: x | AI11: Max. Axial Total Tensile Strain OD (Early Life) | AK11: 0.001 | AL11: checked | AM11: x
S12: Max. Axial Mechanical Tensile Strain Midwall (Early Life) | U12: 0.0016 | V12: checked | W12: x | AA12: Max. Axial Mechanical Tensile Strain Midwall (Early Life) | AC12: 0.00066 | AD12: checked | AE12: x | AI12: Max. Axial Mechanical Tensile Strain Midwall (Early Life) | AK12: 0.00018 | AL12: checked | AM12: x
S13: Max. Axial Total Tensile Strain Midwall (Early Life) | U13: 0.00249 | V13: checked | W13: x | AA13: Max. Axial Total Tensile Strain Midwall (Early Life) | AC13: 0.00105 | AD13: checked | AE13: x | AI13: Max. Axial Total Tensile Strain Midwall (Early Life) | AK13: 0.00098 | AL13: checked | AM13: x
S14: Max. Axial Mechanical Tensile Strain OD (Mid Life) | U14: 0.0017 | V14: checked | W14: x | AA14: Max. Axial Mechanical Tensile Strain OD (Mid Life) | AC14: 0.00074 | AD14: checked | AE14: x | AI14: Max. Axial Mechanical Tensile Strain OD (Mid Life) | AK14: 0.00019 | AL14: checked | AM14: x
S15: Max. Axial Total Tensile Strain OD (Mid Life) | U15: 0.00248 | V15: checked | W15: x | AA15: Max. Axial Total Tensile Strain OD (Mid Life) | AC15: 0.00113 | AD15: checked | AE15: x | AI15: Max. Axial Total Tensile Strain OD (Mid Life) | AK15: 0.00101 | AL15: checked | AM15: x
... S21: Max. Axial Total Tensile Strain Midwall (Late Life) | U21: 0.00229 | V21: checked | W21: x | AA21: Max. Axial Total Tensile Strain Midwall (Late Life) | AC21: 0.00105 | AD21: checked | AE21: x | AI21: Max. Axial Total Tensile Strain Midwall (Late Life) | AK21: 0.00099 | AL21: checked | AM21: x
S22: Longitudinal Stress Range at Root, MPa (FCD) | T22: Early Life (1 to 15 yr) | AA22: Longitudinal Stress Range at Root, MPa (FCD) | AB22: Early Life (1 to 15 yr) | AI22: Longitudinal Stress Range at Root, MPa (FCD) | AJ22: Early Life (1 to 15 yr)
T24: Late Life (16 to 25 yr) | AB24: Late Life (16 to 25 yr) | AJ24: Late Life (16 to 25 yr)
S25: Longitudinal Stress Range at Root, MPa (PCD) | T25: Early Life (1 to 15 yr) | AA25: Longitudinal Stress Range at Root, MPa (PCD) | AB25: Early Life (1 to 15 yr) | AI25: Longitudinal Stress Range at Root, MPa (PCD) | AJ25: Early Life (1 to 15 yr)
T27: Late Life (16 to 25 yr) | AB27: Late Life (16 to 25 yr) | AJ27: Late Life (16 to 25 yr)
S28: Longitudinal Stress Range at Root, MPa (Between Hot Oiling) | T28: Early Life (1 to 15 yr) | AA28: Longitudinal Stress Range at Root, MPa (Between Hot Oiling) | AB28: Early Life (1 to 15 yr) | AI28: Longitudinal Stress Range at Root, MPa (Between Hot Oiling) | AJ28: Early Life (1 to 15 yr)
T30: Late Life (16 to 25 yr) | AB30: Late Life (16 to 25 yr) | AJ30: Late Life (16 to 25 yr)
S31: Longitudinal Stress Range at Root (Hydrotest), MPa | AA31: Longitudinal Stress Range at Root (Hydrotest), MPa | AI31: Longitudinal Stress Range at Root (Hydrotest), MPa
S32: Longitudinal Stress Range at Cap, MPa (FCD) | T32: Early Life (1 to 15 yr) | AA32: Longitudinal Stress Range at Cap, MPa (FCD) | AB32: Early Life (1 to 15 yr) | AI32: Longitudinal Stress Range at Cap, MPa (FCD) | AJ32: Early Life (1 to 15 yr)
T34: Late Life (16 to 25 yr) | AB34: Late Life (16 to 25 yr) | AJ34: Late Life (16 to 25 yr)
S35: Longitudinal Stress Range at Cap, MPa (PCD) | T35: Early Life (1 to 15 yr) | AA35: Longitudinal Stress Range at Cap, MPa (PCD) | AB35: Early Life (1 to 15 yr) | AI35: Longitudinal Stress Range at Cap, MPa (PCD) | AJ35: Early Life (1 to 15 yr)
T37: Late Life (16 to 25 yr) | AB37: Late Life (16 to 25 yr) | AJ37: Late Life (16 to 25 yr)
S38: Longitudinal Stress Range at Root, MPa (Between Hot Oiling) | T38: Early Life (1 to 15 yr) | AA38: Longitudinal Stress Range at Root, MPa (Between Hot Oiling) | AB38: Early Life (1 to 15 yr) | AI38: Longitudinal Stress Range at Root, MPa (Between Hot Oiling) | AJ38: Early Life (1 to 15 yr)
T40: Late Life (16 to 25 yr) | AB40: Late Life (16 to 25 yr) | AJ40: Late Life (16 to 25 yr)
S41: Longitudinal Stress Range at CAP (Hydrotest), MPa | AA41: Longitudinal Stress Range at CAP (Hydrotest), MPa | AI41: Longitudinal Stress Range at CAP (Hydrotest), MPa
S44: Strain and Stress Ranges | U44: BE-HE | V44: LE-BE | W44: BE-BE | X44: HE-BE | Y44: Input for ECA | AA44: Strain and Stress Ranges | AC44: BE-HE | AD44: LE-BE | AE44: BE-BE | AF44: HE-BE | AG44: Input for ECA | AI44: Strain and Stress Ranges | AK44: BE-HE | AL44: LE-BE | AM44: BE-BE | AN44: HE-BE | AO44: Input for ECA
R45: 12in | S45: Max. Axial Mechanical Tensile Strain OD (Hydrotest) | U45: 0.00177457 | V45: checked | W45: x | Z45: 12in | AA45: Max. Axial Mechanical Tensile Strain OD (Hydrotest) | AC45: 0.00123395 | AD45: checked | AE45: x | AH45: 12in | AI45: Max. Axial Mechanical Tensile Strain OD (Hydrotest) | AK45: 0.00123395 | AL45: checked | AM45: x
R46: Sleeper | S46: Max. Axial Total Tensile Strain OD (Hydrotest) | U46: 0.00177457 | V46: checked | W46: x | Z46: Structure | AA46: Max. Axial Total Tensile Strain OD (Hydrotest) | AC46: 0.00123395 | AD46: checked | AE46: x | AH46: Other | AI46: Max. Axial Total Tensile Strain OD (Hydrotest) | AK46: 0.00123395 | AL46: checked | AM46: x
S47: Max. Axial Mechanical Tensile Strain Midwall (Hydrotest) | U47: 0.00159608 | V47: checked | W47: x | AA47: Max. Axial Mechanical Tensile Strain Midwall (Hydrotest) | AC47: 0.00110989 | AD47: checked | AE47: x | AI47: Max. Axial Mechanical Tensile Strain Midwall (Hydrotest) | AK47: 0.00110989 | AL47: checked | AM47: x
S48: Max. Axial Total Tensile Strain Midwall (Hydrotest) | U48: 0.00159608 | V48: checked | W48: x | AA48: Max. Axial Total Tensile Strain Midwall (Hydrotest) | AC48: 0.00110989 | AD48: checked | AE48: x | AI48: Max. Axial Total Tensile Strain Midwall (Hydrotest) | AK48: 0.00110989 | AL48: checked | AM48: x
S49: Max. Axial Mechanical Tensile Strain OD (Design) | U49: 0.00216099 | V49: checked | W49: x | AA49: Max. Axial Mechanical Tensile Strain OD (Design) | AC49: 0.00123761 | AD49: checked | AE49: x | AI49: Max. Axial Mechanical Tensile Strain OD (Design) | AK49: 0.00123761 | AL49: checked | AM49: x
S50: Max. Axial Total Tensile Strain OD (Design) | U50: 0.00333085 | V50: checked | W50: x | AA50: Max. Axial Total Tensile Strain OD (Design) | AC50: 0.00240747 | AD50: checked | AE50: x | AI50: Max. Axial Total Tensile Strain OD (Design) | AK50: 0.00240747 | AL50: checked | AM50: x
S51: Max. Axial Mechanical Tensile Strain Midwall (Design) | U51: 0.00192914 | V51: checked | W51: x | AA51: Max. Axial Mechanical Tensile Strain Midwall (Design) | AC51: 0.00110401 | AD51: checked | AE51: x | AI51: Max. Axial Mechanical Tensile Strain Midwall (Design) | AK51: 0.00110401 | AL51: checked | AM51: x
S52: Max. Axial Total Tensile Strain Midwall (Design) | U52: 0.003099 | V52: checked | W52: x | AA52: Max. Axial Total Tensile Strain Midwall (Design) | AC52: 0.00227387 | AD52: checked | AE52: x | AI52: Max. Axial Total Tensile Strain Midwall (Design) | AK52: 0.00227387 | AL52: checked | AM52: x
S53: Max. Axial Mechanical Tensile Strain OD (Early Life) | U53: 0.002 | V53: checked | W53: x | AA53: Max. Axial Mechanical Tensile Strain OD (Early Life) | AC53: 0.00081 | AD53: checked | AE53: x | AI53: Max. Axial Mechanical Tensile Strain OD (Early Life) | AK53: 0.00031 | AL53: checked | AM53: x
S54: Max. Axial Total Tensile Strain OD (Early Life) | U54: 0.00279 | V54: checked | W54: x | AA54: Max. Axial Total Tensile Strain OD (Early Life) | AC54: 0.00149 | AD54: checked | AE54: x | AI54: Max. Axial Total Tensile Strain OD (Early Life) | AK54: 0.00096 | AL54: checked | AM54: x
S55: Max. Axial Mechanical Tensile Strain Midwall (Early Life) | U55: 0.00168 | V55: checked | W55: x | AA55: Max. Axial Mechanical Tensile Strain Midwall (Early Life) | AC55: 0.00073 | AD55: checked | AE55: x | AI55: Max. Axial Mechanical Tensile Strain Midwall (Early Life) | AK55: 0.0003 | AL55: checked | AM55: x
S56: Max. Axial Total Tensile Strain Midwall (Early Life) | U56: 0.00253 | V56: checked | W56: x | AA56: Max. Axial Total Tensile Strain Midwall (Early Life) | AC56: 0.00141 | AD56: checked | AE56: x | AI56: Max. Axial Total Tensile Strain Midwall (Early Life) | AK56: 0.00095 | AL56: checked | AM56: x
S57: Max. Axial Mechanical Tensile Strain OD (Mid Life) | U57: 0.0018 | V57: checked | W57: x | AA57: Max. Axial Mechanical Tensile Strain OD (Mid Life) | AC57: 0.00082 | AD57: checked | AE57: x | AI57: Max. Axial Mechanical Tensile Strain OD (Mid Life) | AK57: 0.00031 | AL57: checked | AM57: x
S58: Max. Axial Total Tensile Strain OD (Mid Life) | U58: 0.00255 | V58: checked | W58: x | AA58: Max. Axial Total Tensile Strain OD (Mid Life) | AC58: 0.00148 | AD58: checked | AE58: x | AI58: Max. Axial Total Tensile Strain OD (Mid Life) | AK58: 0.00097 | AL58: checked | AM58: x
... S64: Max. Axial Total Tensile Strain Midwall (Late Life) | U64: 0.00236 | V64: checked | W64: x | AA64: Max. Axial Total Tensile Strain Midwall (Late Life) | AC64: 0.00141 | AD64: checked | AE64: x | AI64: Max. Axial Total Tensile Strain Midwall (Late Life) | AK64: 0.00096 | AL64: checked | AM64: x
S65: Longitudinal Stress Range at Root, MPa (FCD) | T65: Early Life (1 to 15 yr) | AA65: Longitudinal Stress Range at Root, MPa (FCD) | AB65: Early Life (1 to 15 yr) | AI65: Longitudinal Stress Range at Root, MPa (FCD) | AJ65: Early Life (1 to 15 yr)
T67: Late Life (16 to 25 yr) | AB67: Late Life (16 to 25 yr) | AJ67: Late Life (16 to 25 yr)
S68: Longitudinal Stress Range at Root, MPa (PCD) | T68: Early Life (1 to 15 yr) | AA68: Longitudinal Stress Range at Root, MPa (PCD) | AB68: Early Life (1 to 15 yr) | AI68: Longitudinal Stress Range at Root, MPa (PCD) | AJ68: Early Life (1 to 15 yr)
T70: Late Life (16 to 25 yr) | AB70: Late Life (16 to 25 yr) | AJ70: Late Life (16 to 25 yr)
S71: Longitudinal Stress Range at Root, MPa (Between Hot Oiling) | T71: Early Life (1 to 15 yr) | AA71: Longitudinal Stress Range at Root, MPa (Between Hot Oiling) | AB71: Early Life (1 to 15 yr) | AI71: Longitudinal Stress Range at Root, MPa (Between Hot Oiling) | AJ71: Early Life (1 to 15 yr)
T73: Late Life (16 to 25 yr) | AB73: Late Life (16 to 25 yr) | AJ73: Late Life (16 to 25 yr)
S74: Longitudinal Stress Range at Root (Hydrotest), MPa | AA74: Longitudinal Stress Range at Root (Hydrotest), MPa | AI74: Longitudinal Stress Range at Root (Hydrotest), MPa
S75: Longitudinal Stress Range at Cap, MPa (FCD) | T75: Early Life (1 to 15 yr) | AA75: Longitudinal Stress Range at Cap, MPa (FCD) | AB75: Early Life (1 to 15 yr) | AI75: Longitudinal Stress Range at Cap, MPa (FCD) | AJ75: Early Life (1 to 15 yr)
T77: Late Life (16 to 25 yr) | AB77: Late Life (16 to 25 yr) | AJ77: Late Life (16 to 25 yr)
S78: Longitudinal Stress Range at Cap, MPa (PCD) | T78: Early Life (1 to 15 yr) | AA78: Longitudinal Stress Range at Cap, MPa (PCD) | AB78: Early Life (1 to 15 yr) | AI78: Longitudinal Stress Range at Cap, MPa (PCD) | AJ78: Early Life (1 to 15 yr)
T80: Late Life (16 to 25 yr) | AB80: Late Life (16 to 25 yr) | AJ80: Late Life (16 to 25 yr)
S81: Longitudinal Stress Range at Root, MPa (Between Hot Oiling) | T81: Early Life (1 to 15 yr) | AA81: Longitudinal Stress Range at Root, MPa (Between Hot Oiling) | AB81: Early Life (1 to 15 yr) | AI81: Longitudinal Stress Range at Root, MPa (Between Hot Oiling) | AJ81: Early Life (1 to 15 yr)
T83: Late Life (16 to 25 yr) | AB83: Late Life (16 to 25 yr) | AJ83: Late Life (16 to 25 yr)
S84: Longitudinal Stress Range at CAP (Hydrotest), MPa | AA84: Longitudinal Stress Range at CAP (Hydrotest), MPa | AI84: Longitudinal Stress Range at CAP (Hydrotest), MPa

Sheet Summary
B1: Strain and Stress Ranges | D1: BE-HE | E1: LE-BE | F1: BE-BE | G1: HE-BE | H1: HE-BEWalking | I1: Input for ECA | K1: Strain and Stress Ranges | M1: BE-HE | N1: LE-BE | O1: BE-BE | P1: HE-BE | Q1: HE-BEWalking | R1: Input for ECA | T1: Strain and Stress Ranges | V1: BE-HE | W1: LE-BE | X1: BE-BE | Y1: HE-BE | Z1: HE-BEWalking | AA1: Input for ECA
A2: 10in | B2: Max. Axial Mechanical Tensile Strain OD (Hydrotest) | D2: =MAX(LE11_BEHE_HO_P1toP2!U2,LE11_BEHE_HO_P2toP1!U2) -> 0.00176536 | E2: =MAX(LE11_LEBE_HO_P1toP2!U2,LE11_LEBE_HO_P2toP1!U2) -> 0.00177298 | F2: =MAX(LE11_BEBE_HO_P1toP2!U2,LE11_BEBE_HO_P2toP1!U2) -> 0.00170501 | G2: =MAX(LE11_HEBE_HO_P1toP2!U2,LE11_HEBE_HO_P2toP1!U2) -> 0.00162711 | H2: ='LE11_HEBE Walking'!U2 -> 0 | I2: =MAX(D2:H2) -> 0.00177298 | J2: 10in | K2: Max. Axial Mechanical Tensile Strain OD (Hydrotest) | M2: =MAX(LE11_BEHE_HO_P1toP2!AC2,LE11_BEHE_HO_P2toP1!AC2) -> 0.00106216 | N2: =MAX(LE11_LEBE_HO_P1toP2!AC2,LE11_LEBE_HO_P2toP1!AC2) -> 0.00110818 | O2: =MAX(LE11_BEBE_HO_P1toP2!AC2,LE11_BEBE_HO_P2toP1!AC2) -> 0.00107281 | P2: =MAX(LE11_HEBE_HO_P1toP2!AC2,LE11_HEBE_HO_P2toP1!AC2) -> 0.00102346 | Q2: ='LE11_HEBE Walking'!AC2 -> 0 | R2: =MAX(M2:Q2) -> 0.00110818 | S2: 10in | T2: Max. Axial Mechanical Tensile Strain OD (Hydrotest) | V2: =MAX(LE11_BEHE_HO_P1toP2!AK2,LE11_BEHE_HO_P2toP1!AK2) -> 0.00029 | W2: =MAX(LE11_LEBE_HO_P1toP2!AK2,LE11_LEBE_HO_P2toP1!AK2) -> 0.00110818 | X2: =MAX(LE11_BEBE_HO_P1toP2!AK2,LE11_BEBE_HO_P2toP1!AK2) -> 0.00029 | Y2: =MAX(LE11_HEBE_HO_P1toP2!AK2,LE11_HEBE_HO_P2toP1!AK2) -> 0.00102346 | Z2: ='LE11_HEBE Walking'!AK2 -> 0 | AA2: =MAX(V2:Z2) -> 0.00110818
A3: Sleeper | B3: Max. Axial Total Tensile Strain OD (Hydrotest) | D3: =MAX(LE11_BEHE_HO_P1toP2!U3,LE11_BEHE_HO_P2toP1!U3) -> 0.00176536 | E3: =MAX(LE11_LEBE_HO_P1toP2!U3,LE11_LEBE_HO_P2toP1!U3) -> 0.00177298 | F3: =MAX(LE11_BEBE_HO_P1toP2!U3,LE11_BEBE_HO_P2toP1!U3) -> 0.00170501 | G3: =MAX(LE11_HEBE_HO_P1toP2!U3,LE11_HEBE_HO_P2toP1!U3) -> 0.00162711 | H3: ='LE11_HEBE Walking'!U3 -> 0 | I3: =MAX(D3:H3) -> 0.00177298 | J3: Structure | K3: Max. Axial Total Tensile Strain OD (Hydrotest) | M3: =MAX(LE11_BEHE_HO_P1toP2!AC3,LE11_BEHE_HO_P2toP1!AC3) -> 0.00106216 | N3: =MAX(LE11_LEBE_HO_P1toP2!AC3,LE11_LEBE_HO_P2toP1!AC3) -> 0.00110818 | O3: =MAX(LE11_BEBE_HO_P1toP2!AC3,LE11_BEBE_HO_P2toP1!AC3) -> 0.00107281 | P3: =MAX(LE11_HEBE_HO_P1toP2!AC3,LE11_HEBE_HO_P2toP1!AC3) -> 0.00102346 | Q3: ='LE11_HEBE Walking'!AC3 -> 0 | R3: =MAX(M3:Q3) -> 0.00110818 | S3: Other | T3: Max. Axial Total Tensile Strain OD (Hydrotest) | V3: =MAX(LE11_BEHE_HO_P1toP2!AK3,LE11_BEHE_HO_P2toP1!AK3) -> 0.00029 | W3: =MAX(LE11_LEBE_HO_P1toP2!AK3,LE11_LEBE_HO_P2toP1!AK3) -> 0.00110818 | X3: =MAX(LE11_BEBE_HO_P1toP2!AK3,LE11_BEBE_HO_P2toP1!AK3) -> 0.00029 | Y3: =MAX(LE11_HEBE_HO_P1toP2!AK3,LE11_HEBE_HO_P2toP1!AK3) -> 0.00102346 | Z3: ='LE11_HEBE Walking'!AK3 -> 0 | AA3: =MAX(V3:Z3) -> 0.00110818
B4: Max. Axial Mechanical Tensile Strain Midwall (Hydrotest) | D4: =MAX(LE11_BEHE_HO_P1toP2!U4,LE11_BEHE_HO_P2toP1!U4) -> 0.00156892 | E4: =MAX(LE11_LEBE_HO_P1toP2!U4,LE11_LEBE_HO_P2toP1!U4) -> 0.00163656 | F4: =MAX(LE11_BEBE_HO_P1toP2!U4,LE11_BEBE_HO_P2toP1!U4) -> 0.00151641 | G4: =MAX(LE11_HEBE_HO_P1toP2!U4,LE11_HEBE_HO_P2toP1!U4) -> 0.00144764 | H4: ='LE11_HEBE Walking'!U4 -> 0 | I4: =MAX(D4:H4) -> 0.00163656 | K4: Max. Axial Mechanical Tensile Strain Midwall (Hydrotest) | M4: =MAX(LE11_BEHE_HO_P1toP2!AC4,LE11_BEHE_HO_P2toP1!AC4) -> 0.000944744 | N4: =MAX(LE11_LEBE_HO_P1toP2!AC4,LE11_LEBE_HO_P2toP1!AC4) -> 0.000987333 | O4: =MAX(LE11_BEBE_HO_P1toP2!AC4,LE11_BEBE_HO_P2toP1!AC4) -> 0.000954594 | P4: =MAX(LE11_HEBE_HO_P1toP2!AC4,LE11_HEBE_HO_P2toP1!AC4) -> 0.000908977 | Q4: ='LE11_HEBE Walking'!AC4 -> 0 | R4: =MAX(M4:Q4) -> 0.000987333 | T4: Max. Axial Mechanical Tensile Strain Midwall (Hydrotest) | V4: =MAX(LE11_BEHE_HO_P1toP2!AK4,LE11_BEHE_HO_P2toP1!AK4) -> 0.00028 | W4: =MAX(LE11_LEBE_HO_P1toP2!AK4,LE11_LEBE_HO_P2toP1!AK4) -> 0.000987333 | X4: =MAX(LE11_BEBE_HO_P1toP2!AK4,LE11_BEBE_HO_P2toP1!AK4) -> 0.00028 | Y4: =MAX(LE11_HEBE_HO_P1toP2!AK4,LE11_HEBE_HO_P2toP1!AK4) -> 0.000908977 | Z4: ='LE11_HEBE Walking'!AK4 -> 0 | AA4: =MAX(V4:Z4) -> 0.000987333
B5: Max. Axial Total Tensile Strain Midwall (Hydrotest) | D5: =MAX(LE11_BEHE_HO_P1toP2!U5,LE11_BEHE_HO_P2toP1!U5) -> 0.00156892 | E5: =MAX(LE11_LEBE_HO_P1toP2!U5,LE11_LEBE_HO_P2toP1!U5) -> 0.00157642 | F5: =MAX(LE11_BEBE_HO_P1toP2!U5,LE11_BEBE_HO_P2toP1!U5) -> 0.00151641 | G5: =MAX(LE11_HEBE_HO_P1toP2!U5,LE11_HEBE_HO_P2toP1!U5) -> 0.00144764 | H5: ='LE11_HEBE Walking'!U5 -> 0 | I5: =MAX(D5:H5) -> 0.00157642 | K5: Max. Axial Total Tensile Strain Midwall (Hydrotest) | M5: =MAX(LE11_BEHE_HO_P1toP2!AC5,LE11_BEHE_HO_P2toP1!AC5) -> 0.000944744 | N5: =MAX(LE11_LEBE_HO_P1toP2!AC5,LE11_LEBE_HO_P2toP1!AC5) -> 0.000987333 | O5: =MAX(LE11_BEBE_HO_P1toP2!AC5,LE11_BEBE_HO_P2toP1!AC5) -> 0.000954594 | P5: =MAX(LE11_HEBE_HO_P1toP2!AC5,LE11_HEBE_HO_P2toP1!AC5) -> 0.000908977 | Q5: ='LE11_HEBE Walking'!AC5 -> 0 | R5: =MAX(M5:Q5) -> 0.000987333 | T5: Max. Axial Total Tensile Strain Midwall (Hydrotest) | V5: =MAX(LE11_BEHE_HO_P1toP2!AK5,LE11_BEHE_HO_P2toP1!AK5) -> 0.00028 | W5: =MAX(LE11_LEBE_HO_P1toP2!AK5,LE11_LEBE_HO_P2toP1!AK5) -> 0.000987333 | X5: =MAX(LE11_BEBE_HO_P1toP2!AK5,LE11_BEBE_HO_P2toP1!AK5) -> 0.00028 | Y5: =MAX(LE11_HEBE_HO_P1toP2!AK5,LE11_HEBE_HO_P2toP1!AK5) -> 0.000908977 | Z5: ='LE11_HEBE Walking'!AK5 -> 0 | AA5: =MAX(V5:Z5) -> 0.000987333
B6: Max. Axial Mechanical Tensile Strain OD (Design) | D6: =MAX(LE11_BEHE_HO_P1toP2!U6,LE11_BEHE_HO_P2toP1!U6) -> 0.002417301 | E6: =MAX(LE11_LEBE_HO_P1toP2!U6,LE11_LEBE_HO_P2toP1!U6) -> 0.00219046 | F6: =MAX(LE11_BEBE_HO_P1toP2!U6,LE11_BEBE_HO_P2toP1!U6) -> 0.002153191 | G6: =MAX(LE11_HEBE_HO_P1toP2!U6,LE11_HEBE_HO_P2toP1!U6) -> 0.002106001 | H6: ='LE11_HEBE Walking'!U6 -> 0 | I6: =MAX(D6:H6) -> 0.002417301 | K6: Max. Axial Mechanical Tensile Strain OD (Design) | M6: =MAX(LE11_BEHE_HO_P1toP2!AC6,LE11_BEHE_HO_P2toP1!AC6) -> 0.001117512 | N6: =MAX(LE11_LEBE_HO_P1toP2!AC6,LE11_LEBE_HO_P2toP1!AC6) -> 0.00116062 | O6: =MAX(LE11_BEBE_HO_P1toP2!AC6,LE11_BEBE_HO_P2toP1!AC6) -> 0.001129412 | P6: =MAX(LE11_HEBE_HO_P1toP2!AC6,LE11_HEBE_HO_P2toP1!AC6) -> 0.001100551 | Q6: ='LE11_HEBE Walking'!AC6 -> 0 | R6: =MAX(M6:Q6) -> 0.00116062 | T6: Max. Axial Mechanical Tensile Strain OD (Design) | V6: =MAX(LE11_BEHE_HO_P1toP2!AK6,LE11_BEHE_HO_P2toP1!AK6) -> 0.00073 | W6: =MAX(LE11_LEBE_HO_P1toP2!AK6,LE11_LEBE_HO_P2toP1!AK6) -> 0.00116062 | X6: =MAX(LE11_BEBE_HO_P1toP2!AK6,LE11_BEBE_HO_P2toP1!AK6) -> 0.0009 | Y6: =MAX(LE11_HEBE_HO_P1toP2!AK6,LE11_HEBE_HO_P2toP1!AK6) -> 0.001100551 | Z6: ='LE11_HEBE Walking'!AK6 -> 0 | AA6: =MAX(V6:Z6) -> 0.00116062
B7: Max. Axial Total Tensile Strain OD (Design) | D7: =MAX(LE11_BEHE_HO_P1toP2!U7,LE11_BEHE_HO_P2toP1!U7) -> 0.00344893 | E7: =MAX(LE11_LEBE_HO_P1toP2!U7,LE11_LEBE_HO_P2toP1!U7) -> 0.00323953 | F7: =MAX(LE11_BEBE_HO_P1toP2!U7,LE11_BEBE_HO_P2toP1!U7) -> 0.00319258 | G7: =MAX(LE11_HEBE_HO_P1toP2!U7,LE11_HEBE_HO_P2toP1!U7) -> 0.00314577 | H7: ='LE11_HEBE Walking'!U7 -> 0 | I7: =MAX(D7:H7) -> 0.00344893 | K7: Max. Axial Total Tensile Strain OD (Design) | M7: =MAX(LE11_BEHE_HO_P1toP2!AC7,LE11_BEHE_HO_P2toP1!AC7) -> 0.00214876 | N7: =MAX(LE11_LEBE_HO_P1toP2!AC7,LE11_LEBE_HO_P2toP1!AC7) -> 0.00217093 | O7: =MAX(LE11_BEBE_HO_P1toP2!AC7,LE11_BEBE_HO_P2toP1!AC7) -> 0.00215488 | P7: =MAX(LE11_HEBE_HO_P1toP2!AC7,LE11_HEBE_HO_P2toP1!AC7) -> 0.0021356 | Q7: ='LE11_HEBE Walking'!AC7 -> 0 | R7: =MAX(M7:Q7) -> 0.00217093 | T7: Max. Axial Total Tensile Strain OD (Design) | V7: =MAX(LE11_BEHE_HO_P1toP2!AK7,LE11_BEHE_HO_P2toP1!AK7) -> 0.00172 | W7: =MAX(LE11_LEBE_HO_P1toP2!AK7,LE11_LEBE_HO_P2toP1!AK7) -> 0.00217093 | X7: =MAX(LE11_BEBE_HO_P1toP2!AK7,LE11_BEBE_HO_P2toP1!AK7) -> 0.0019 | Y7: =MAX(LE11_HEBE_HO_P1toP2!AK7,LE11_HEBE_HO_P2toP1!AK7) -> 0.0021356 | Z7: ='LE11_HEBE Walking'!AK7 -> 0 | AA7: =MAX(V7:Z7) -> 0.00217093
B8: Max. Axial Mechanical Tensile Strain Midwall (Design) | D8: =MAX(LE11_BEHE_HO_P1toP2!U8,LE11_BEHE_HO_P2toP1!U8) -> 0.002130451 | E8: =MAX(LE11_LEBE_HO_P1toP2!U8,LE11_LEBE_HO_P2toP1!U8) -> 0.00193278 | F8: =MAX(LE11_BEBE_HO_P1toP2!U8,LE11_BEBE_HO_P2toP1!U8) -> 0.001900061 | G8: =MAX(LE11_HEBE_HO_P1toP2!U8,LE11_HEBE_HO_P2toP1!U8) -> 0.001858761 | H8: ='LE11_HEBE Walking'!U8 -> 0 | I8: =MAX(D8:H8) -> 0.002130451 | K8: Max. Axial Mechanical Tensile Strain Midwall (Design) | M8: =MAX(LE11_BEHE_HO_P1toP2!AC8,LE11_BEHE_HO_P2toP1!AC8) -> 0.000982982 | N8: =MAX(LE11_LEBE_HO_P1toP2!AC8,LE11_LEBE_HO_P2toP1!AC8) -> 0.00102296 | O8: =MAX(LE11_BEBE_HO_P1toP2!AC8,LE11_BEBE_HO_P2toP1!AC8) -> 0.000994022 | P8: =MAX(LE11_HEBE_HO_P1toP2!AC8,LE11_HEBE_HO_P2toP1!AC8) -> 0.000968518 | Q8: ='LE11_HEBE Walking'!AC8 -> 0 | R8: =MAX(M8:Q8) -> 0.00102296 | T8: Max. Axial Mechanical Tensile Strain Midwall (Design) | V8: =MAX(LE11_BEHE_HO_P1toP2!AK8,LE11_BEHE_HO_P2toP1!AK8) -> 0.00065 | W8: =MAX(LE11_LEBE_HO_P1toP2!AK8,LE11_LEBE_HO_P2toP1!AK8) -> 0.00102296 | X8: =MAX(LE11_BEBE_HO_P1toP2!AK8,LE11_BEBE_HO_P2toP1!AK8) -> 0.0008 | Y8: =MAX(LE11_HEBE_HO_P1toP2!AK8,LE11_HEBE_HO_P2toP1!AK8) -> 0.000968518 | Z8: ='LE11_HEBE Walking'!AK8 -> 0 | AA8: =MAX(V8:Z8) -> 0.00102296
B9: Max. Axial Total Tensile Strain Midwall (Design) | D9: =MAX(LE11_BEHE_HO_P1toP2!U9,LE11_BEHE_HO_P2toP1!U9) -> 0.00318003 | E9: =MAX(LE11_LEBE_HO_P1toP2!U9,LE11_LEBE_HO_P2toP1!U9) -> 0.00299725 | F9: =MAX(LE11_BEBE_HO_P1toP2!U9,LE11_BEBE_HO_P2toP1!U9) -> 0.0029559 | G9: =MAX(LE11_HEBE_HO_P1toP2!U9,LE11_HEBE_HO_P2toP1!U9) -> 0.00291477 | H9: ='LE11_HEBE Walking'!U9 -> 0 | I9: =MAX(D9:H9) -> 0.00318003 | K9: Max. Axial Total Tensile Strain Midwall (Design) | M9: =MAX(LE11_BEHE_HO_P1toP2!AC9,LE11_BEHE_HO_P2toP1!AC9) -> 0.00204296 | N9: =MAX(LE11_LEBE_HO_P1toP2!AC9,LE11_LEBE_HO_P2toP1!AC9) -> 0.00206439 | O9: =MAX(LE11_BEBE_HO_P1toP2!AC9,LE11_BEBE_HO_P2toP1!AC9) -> 0.00204887 | P9: =MAX(LE11_HEBE_HO_P1toP2!AC9,LE11_HEBE_HO_P2toP1!AC9) -> 0.00203018 | Q9: ='LE11_HEBE Walking'!AC9 -> 0 | R9: =MAX(M9:Q9) -> 0.00206439 | T9: Max. Axial Total Tensile Strain Midwall (Design) | V9: =MAX(LE11_BEHE_HO_P1toP2!AK9,LE11_BEHE_HO_P2toP1!AK9) -> 0.00167 | W9: =MAX(LE11_LEBE_HO_P1toP2!AK9,LE11_LEBE_HO_P2toP1!AK9) -> 0.00206439 | X9: =MAX(LE11_BEBE_HO_P1toP2!AK9,LE11_BEBE_HO_P2toP1!AK9) -> 0.0018 | Y9: =MAX(LE11_HEBE_HO_P1toP2!AK9,LE11_HEBE_HO_P2toP1!AK9) -> 0.00203018 | Z9: ='LE11_HEBE Walking'!AK9 -> 0 | AA9: =MAX(V9:Z9) -> 0.00206439
B10: Max. Axial Mechanical Tensile Strain OD (Early Life) | D10: =MAX(LE11_BEHE_HO_P1toP2!U10,LE11_BEHE_HO_P2toP1!U10) -> 0.00211 | E10: =MAX(LE11_LEBE_HO_P1toP2!U10,LE11_LEBE_HO_P2toP1!U10) -> 0.00224 | F10: =MAX(LE11_BEBE_HO_P1toP2!U10,LE11_BEBE_HO_P2toP1!U10) -> 0.00196 | G10: =MAX(LE11_HEBE_HO_P1toP2!U10,LE11_HEBE_HO_P2toP1!U10) -> 0.00189 | H10: ='LE11_HEBE Walking'!U10 -> 0 | I10: =MAX(D10:H10) -> 0.00224 | K10: Max. Axial Mechanical Tensile Strain OD (Early Life) | M10: =MAX(LE11_BEHE_HO_P1toP2!AC10,LE11_BEHE_HO_P2toP1!AC10) -> 0.00072 | N10: =MAX(LE11_LEBE_HO_P1toP2!AC10,LE11_LEBE_HO_P2toP1!AC10) -> 0.0007 | O10: =MAX(LE11_BEBE_HO_P1toP2!AC10,LE11_BEBE_HO_P2toP1!AC10) -> 0.00072 | P10: =MAX(LE11_HEBE_HO_P1toP2!AC10,LE11_HEBE_HO_P2toP1!AC10) -> 0.00074 | Q10: ='LE11_HEBE Walking'!AC10 -> 0 | R10: =MAX(M10:Q10) -> 0.00074 | T10: Max. Axial Mechanical Tensile Strain OD (Early Life) | V10: =MAX(LE11_BEHE_HO_P1toP2!AK10,LE11_BEHE_HO_P2toP1!AK10) -> 0.00019 | W10: =MAX(LE11_LEBE_HO_P1toP2!AK10,LE11_LEBE_HO_P2toP1!AK10) -> 0.00018 | X10: =MAX(LE11_BEBE_HO_P1toP2!AK10,LE11_BEBE_HO_P2toP1!AK10) -> 0.00019 | Y10: =MAX(LE11_HEBE_HO_P1toP2!AK10,LE11_HEBE_HO_P2toP1!AK10) -> 0.0002 | Z10: ='LE11_HEBE Walking'!AK10 -> 0 | AA10: =MAX(V10:Z10) -> 0.0002
B11: Max. Axial Total Tensile Strain OD (Early Life) | D11: =MAX(LE11_BEHE_HO_P1toP2!U11,LE11_BEHE_HO_P2toP1!U11) -> 0.003 | E11: =MAX(LE11_LEBE_HO_P1toP2!U11,LE11_LEBE_HO_P2toP1!U11) -> 0.00305 | F11: =MAX(LE11_BEBE_HO_P1toP2!U11,LE11_BEBE_HO_P2toP1!U11) -> 0.00285 | G11: =MAX(LE11_HEBE_HO_P1toP2!U11,LE11_HEBE_HO_P2toP1!U11) -> 0.00272 | H11: ='LE11_HEBE Walking'!U11 -> 0 | I11: =MAX(D11:H11) -> 0.00305 | K11: Max. Axial Total Tensile Strain OD (Early Life) | M11: =MAX(LE11_BEHE_HO_P1toP2!AC11,LE11_BEHE_HO_P2toP1!AC11) -> 0.00122 | N11: =MAX(LE11_LEBE_HO_P1toP2!AC11,LE11_LEBE_HO_P2toP1!AC11) -> 0.00123 | O11: =MAX(LE11_BEBE_HO_P1toP2!AC11,LE11_BEBE_HO_P2toP1!AC11) -> 0.00123 | P11: =MAX(LE11_HEBE_HO_P1toP2!AC11,LE11_HEBE_HO_P2toP1!AC11) -> 0.00122 | Q11: ='LE11_HEBE Walking'!AC11 -> 0 | R11: =MAX(M11:Q11) -> 0.00123 | T11: Max. Axial Total Tensile Strain OD (Early Life) | V11: =MAX(LE11_BEHE_HO_P1toP2!AK11,LE11_BEHE_HO_P2toP1!AK11) -> 0.001 | W11: =MAX(LE11_LEBE_HO_P1toP2!AK11,LE11_LEBE_HO_P2toP1!AK11) -> 0.001 | X11: =MAX(LE11_BEBE_HO_P1toP2!AK11,LE11_BEBE_HO_P2toP1!AK11) -> 0.001 | Y11: =MAX(LE11_HEBE_HO_P1toP2!AK11,LE11_HEBE_HO_P2toP1!AK11) -> 0.001 | Z11: ='LE11_HEBE Walking'!AK11 -> 0 | AA11: =MAX(V11:Z11) -> 0.001
B12: Max. Axial Mechanical Tensile Strain Midwall (Early Life) | D12: =MAX(LE11_BEHE_HO_P1toP2!U12,LE11_BEHE_HO_P2toP1!U12) -> 0.00185 | E12: =MAX(LE11_LEBE_HO_P1toP2!U12,LE11_LEBE_HO_P2toP1!U12) -> 0.00196 | F12: =MAX(LE11_BEBE_HO_P1toP2!U12,LE11_BEBE_HO_P2toP1!U12) -> 0.00172 | G12: =MAX(LE11_HEBE_HO_P1toP2!U12,LE11_HEBE_HO_P2toP1!U12) -> 0.00166 | H12: ='LE11_HEBE Walking'!U12 -> 0 | I12: =MAX(D12:H12) -> 0.00196 | K12: Max. Axial Mechanical Tensile Strain Midwall (Early Life) | M12: =MAX(LE11_BEHE_HO_P1toP2!AC12,LE11_BEHE_HO_P2toP1!AC12) -> 0.00064 | N12: =MAX(LE11_LEBE_HO_P1toP2!AC12,LE11_LEBE_HO_P2toP1!AC12) -> 0.00062 | O12: =MAX(LE11_BEBE_HO_P1toP2!AC12,LE11_BEBE_HO_P2toP1!AC12) -> 0.00064 | P12: =MAX(LE11_HEBE_HO_P1toP2!AC12,LE11_HEBE_HO_P2toP1!AC12) -> 0.00066 | Q12: ='LE11_HEBE Walking'!AC12 -> 0 | R12: =MAX(M12:Q12) -> 0.00066 | T12: Max. Axial Mechanical Tensile Strain Midwall (Early Life) | V12: =MAX(LE11_BEHE_HO_P1toP2!AK12,LE11_BEHE_HO_P2toP1!AK12) -> 0.00017 | W12: =MAX(LE11_LEBE_HO_P1toP2!AK12,LE11_LEBE_HO_P2toP1!AK12) -> 0.00016 | X12: =MAX(LE11_BEBE_HO_P1toP2!AK12,LE11_BEBE_HO_P2toP1!AK12) -> 0.00017 | Y12: =MAX(LE11_HEBE_HO_P1toP2!AK12,LE11_HEBE_HO_P2toP1!AK12) -> 0.00018 | Z12: ='LE11_HEBE Walking'!AK12 -> 0 | AA12: =MAX(V12:Z12) -> 0.00018
B13: Max. Axial Total Tensile Strain Midwall (Early Life) | D13: =MAX(LE11_BEHE_HO_P1toP2!U13,LE11_BEHE_HO_P2toP1!U13) -> 0.00274 | E13: =MAX(LE11_LEBE_HO_P1toP2!U13,LE11_LEBE_HO_P2toP1!U13) -> 0.00278 | F13: =MAX(LE11_BEBE_HO_P1toP2!U13,LE11_BEBE_HO_P2toP1!U13) -> 0.00261 | G13: =MAX(LE11_HEBE_HO_P1toP2!U13,LE11_HEBE_HO_P2toP1!U13) -> 0.00249 | H13: ='LE11_HEBE Walking'!U13 -> 0 | I13: =MAX(D13:H13) -> 0.00278 | K13: Max. Axial Total Tensile Strain Midwall (Early Life) | M13: =MAX(LE11_BEHE_HO_P1toP2!AC13,LE11_BEHE_HO_P2toP1!AC13) -> 0.00114 | N13: =MAX(LE11_LEBE_HO_P1toP2!AC13,LE11_LEBE_HO_P2toP1!AC13) -> 0.00141 | O13: =MAX(LE11_BEBE_HO_P1toP2!AC13,LE11_BEBE_HO_P2toP1!AC13) -> 0.00114 | P13: =MAX(LE11_HEBE_HO_P1toP2!AC13,LE11_HEBE_HO_P2toP1!AC13) -> 0.00114 | Q13: ='LE11_HEBE Walking'!AC13 -> 0 | R13: =MAX(M13:Q13) -> 0.00141 | T13: Max. Axial Total Tensile Strain Midwall (Early Life) | V13: =MAX(LE11_BEHE_HO_P1toP2!AK13,LE11_BEHE_HO_P2toP1!AK13) -> 0.00098 | W13: =MAX(LE11_LEBE_HO_P1toP2!AK13,LE11_LEBE_HO_P2toP1!AK13) -> 0.00098 | X13: =MAX(LE11_BEBE_HO_P1toP2!AK13,LE11_BEBE_HO_P2toP1!AK13) -> 0.00098 | Y13: =MAX(LE11_HEBE_HO_P1toP2!AK13,LE11_HEBE_HO_P2toP1!AK13) -> 0.00098 | Z13: ='LE11_HEBE Walking'!AK13 -> 0 | AA13: =MAX(V13:Z13) -> 0.00098
B14: Max. Axial Mechanical Tensile Strain OD (Mid Life) | D14: =MAX(LE11_BEHE_HO_P1toP2!U14,LE11_BEHE_HO_P2toP1!U14) -> 0.00184 | E14: =MAX(LE11_LEBE_HO_P1toP2!U14,LE11_LEBE_HO_P2toP1!U14) -> 0.00178 | F14: =MAX(LE11_BEBE_HO_P1toP2!U14,LE11_BEBE_HO_P2toP1!U14) -> 0.00169 | G14: =MAX(LE11_HEBE_HO_P1toP2!U14,LE11_HEBE_HO_P2toP1!U14) -> 0.0017 | H14: ='LE11_HEBE Walking'!U14 -> 0 | I14: =MAX(D14:H14) -> 0.00184 | K14: Max. Axial Mechanical Tensile Strain OD (Mid Life) | M14: =MAX(LE11_BEHE_HO_P1toP2!AC14,LE11_BEHE_HO_P2toP1!AC14) -> 0.00072 | N14: =MAX(LE11_LEBE_HO_P1toP2!AC14,LE11_LEBE_HO_P2toP1!AC14) -> 0.0007 | O14: =MAX(LE11_BEBE_HO_P1toP2!AC14,LE11_BEBE_HO_P2toP1!AC14) -> 0.00072 | P14: =MAX(LE11_HEBE_HO_P1toP2!AC14,LE11_HEBE_HO_P2toP1!AC14) -> 0.00074 | Q14: ='LE11_HEBE Walking'!AC14 -> 0 | R14: =MAX(M14:Q14) -> 0.00074 | T14: Max. Axial Mechanical Tensile Strain OD (Mid Life) | V14: =MAX(LE11_BEHE_HO_P1toP2!AK14,LE11_BEHE_HO_P2toP1!AK14) -> 0.00019 | W14: =MAX(LE11_LEBE_HO_P1toP2!AK14,LE11_LEBE_HO_P2toP1!AK14) -> 0.00019 | X14: =MAX(LE11_BEBE_HO_P1toP2!AK14,LE11_BEBE_HO_P2toP1!AK14) -> 0.00019 | Y14: =MAX(LE11_HEBE_HO_P1toP2!AK14,LE11_HEBE_HO_P2toP1!AK14) -> 0.0002 | Z14: ='LE11_HEBE Walking'!AK14 -> 0 | AA14: =MAX(V14:Z14) -> 0.0002
B15: Max. Axial Total Tensile Strain OD (Mid Life) | D15: =MAX(LE11_BEHE_HO_P1toP2!U15,LE11_BEHE_HO_P2toP1!U15) -> 0.00268 | E15: =MAX(LE11_LEBE_HO_P1toP2!U15,LE11_LEBE_HO_P2toP1!U15) -> 0.00265 | F15: =MAX(LE11_BEBE_HO_P1toP2!U15,LE11_BEBE_HO_P2toP1!U15) -> 0.00253 | G15: =MAX(LE11_HEBE_HO_P1toP2!U15,LE11_HEBE_HO_P2toP1!U15) -> 0.0025 | H15: ='LE11_HEBE Walking'!U15 -> 0 | I15: =MAX(D15:H15) -> 0.00268 | K15: Max. Axial Total Tensile Strain OD (Mid Life) | M15: =MAX(LE11_BEHE_HO_P1toP2!AC15,LE11_BEHE_HO_P2toP1!AC15) -> 0.00121 | N15: =MAX(LE11_LEBE_HO_P1toP2!AC15,LE11_LEBE_HO_P2toP1!AC15) -> 0.00122 | O15: =MAX(LE11_BEBE_HO_P1toP2!AC15,LE11_BEBE_HO_P2toP1!AC15) -> 0.00121 | P15: =MAX(LE11_HEBE_HO_P1toP2!AC15,LE11_HEBE_HO_P2toP1!AC15) -> 0.00121 | Q15: ='LE11_HEBE Walking'!AC15 -> 0 | R15: =MAX(M15:Q15) -> 0.00122 | T15: Max. Axial Total Tensile Strain OD (Mid Life) | V15: =MAX(LE11_BEHE_HO_P1toP2!AK15,LE11_BEHE_HO_P2toP1!AK15) -> 0.00099 | W15: =MAX(LE11_LEBE_HO_P1toP2!AK15,LE11_LEBE_HO_P2toP1!AK15) -> 0.00099 | X15: =MAX(LE11_BEBE_HO_P1toP2!AK15,LE11_BEBE_HO_P2toP1!AK15) -> 0.00101 | Y15: =MAX(LE11_HEBE_HO_P1toP2!AK15,LE11_HEBE_HO_P2toP1!AK15) -> 0.00101 | Z15: ='LE11_HEBE Walking'!AK15 -> 0 | AA15: =MAX(V15:Z15) -> 0.00101
... B21: Max. Axial Total Tensile Strain Midwall (Late Life) | D21: =MAX(LE11_BEHE_HO_P1toP2!U21,LE11_BEHE_HO_P2toP1!U21) -> 0.00247 | E21: =MAX(LE11_LEBE_HO_P1toP2!U21,LE11_LEBE_HO_P2toP1!U21) -> 0.00242 | F21: =MAX(LE11_BEBE_HO_P1toP2!U21,LE11_BEBE_HO_P2toP1!U21) -> 0.00235 | G21: =MAX(LE11_HEBE_HO_P1toP2!U21,LE11_HEBE_HO_P2toP1!U21) -> 0.0023 | H21: ='LE11_HEBE Walking'!U21 -> 0 | I21: =MAX(D21:H21) -> 0.00247 | K21: Max. Axial Total Tensile Strain Midwall (Late Life) | M21: =MAX(LE11_BEHE_HO_P1toP2!AC21,LE11_BEHE_HO_P2toP1!AC21) -> 0.00113 | N21: =MAX(LE11_LEBE_HO_P1toP2!AC21,LE11_LEBE_HO_P2toP1!AC21) -> 0.00114 | O21: =MAX(LE11_BEBE_HO_P1toP2!AC21,LE11_BEBE_HO_P2toP1!AC21) -> 0.00113 | P21: =MAX(LE11_HEBE_HO_P1toP2!AC21,LE11_HEBE_HO_P2toP1!AC21) -> 0.00112 | Q21: ='LE11_HEBE Walking'!AC21 -> 0 | R21: =MAX(M21:Q21) -> 0.00114 | T21: Max. Axial Total Tensile Strain Midwall (Late Life) | V21: =MAX(LE11_BEHE_HO_P1toP2!AK21,LE11_BEHE_HO_P2toP1!AK21) -> 0.001 | W21: =MAX(LE11_LEBE_HO_P1toP2!AK21,LE11_LEBE_HO_P2toP1!AK21) -> 0.00097 | X21: =MAX(LE11_BEBE_HO_P1toP2!AK21,LE11_BEBE_HO_P2toP1!AK21) -> 0.001 | Y21: =MAX(LE11_HEBE_HO_P1toP2!AK21,LE11_HEBE_HO_P2toP1!AK21) -> 0.00099 | Z21: ='LE11_HEBE Walking'!AK21 -> 0 | AA21: =MAX(V21:Z21) -> 0.001
B22: Longitudinal Stress Range at Root, MPa (FCD) | C22: Early Life (1 to 15 yr) | K22: Longitudinal Stress Range at Root, MPa (FCD) | L22: Early Life (1 to 15 yr) | T22: Longitudinal Stress Range at Root, MPa (FCD) | U22: Early Life (1 to 15 yr)
C23: Late Life (16 to 25 yr) | L23: Late Life (16 to 25 yr) | U23: Late Life (16 to 25 yr)
B24: Longitudinal Stress Range at Root, MPa (PCD) | C24: Early Life (1 to 15 yr) | K24: Longitudinal Stress Range at Root, MPa (PCD) | L24: Early Life (1 to 15 yr) | T24: Longitudinal Stress Range at Root, MPa (PCD) | U24: Early Life (1 to 15 yr)
C25: Late Life (16 to 25 yr) | L25: Late Life (16 to 25 yr) | U25: Late Life (16 to 25 yr)
B26: Longitudinal Stress Range at Root, MPa (Between Hot Oiling) | C26: Early Life (1 to 15 yr) | K26: Longitudinal Stress Range at Root, MPa (Between Hot Oiling) | L26: Early Life (1 to 15 yr) | T26: Longitudinal Stress Range at Root, MPa (Between Hot Oiling) | U26: Early Life (1 to 15 yr)
C27: Late Life (16 to 25 yr) | L27: Late Life (16 to 25 yr) | U27: Late Life (16 to 25 yr)
B28: Longitudinal Stress Range at Root (Hydrotest), MPa | K28: Longitudinal Stress Range at Root (Hydrotest), MPa | T28: Longitudinal Stress Range at Root (Hydrotest), MPa
B29: Longitudinal Stress Range at Cap, MPa (FCD) | C29: Early Life (1 to 15 yr) | K29: Longitudinal Stress Range at Cap, MPa (FCD) | L29: Early Life (1 to 15 yr) | T29: Longitudinal Stress Range at Cap, MPa (FCD) | U29: Early Life (1 to 15 yr)
C30: Late Life (16 to 25 yr) | L30: Late Life (16 to 25 yr) | U30: Late Life (16 to 25 yr)
B31: Longitudinal Stress Range at Cap, MPa (PCD) | C31: Early Life (1 to 15 yr) | K31: Longitudinal Stress Range at Cap, MPa (PCD) | L31: Early Life (1 to 15 yr) | T31: Longitudinal Stress Range at Cap, MPa (PCD) | U31: Early Life (1 to 15 yr)
C32: Late Life (16 to 25 yr) | L32: Late Life (16 to 25 yr) | U32: Late Life (16 to 25 yr)
B33: Longitudinal Stress Range at Root, MPa (Between Hot Oiling) | C33: Early Life (1 to 15 yr) | K33: Longitudinal Stress Range at Root, MPa (Between Hot Oiling) | L33: Early Life (1 to 15 yr) | T33: Longitudinal Stress Range at Root, MPa (Between Hot Oiling) | U33: Early Life (1 to 15 yr)
C34: Late Life (16 to 25 yr) | L34: Late Life (16 to 25 yr) | U34: Late Life (16 to 25 yr)
B35: Longitudinal Stress Range at CAP (Hydrotest), MPa | K35: Longitudinal Stress Range at CAP (Hydrotest), MPa | T35: Longitudinal Stress Range at CAP (Hydrotest), MPa
B38: Strain and Stress Ranges | D38: BE-HE | E38: LE-BE | F38: BE-BE | G38: HE-BE | H38: HE-BEWalking | I38: Input for ECA | K38: Strain and Stress Ranges | M38: BE-HE | N38: LE-BE | O38: BE-BE | P38: HE-BE | Q38: HE-BEWalking | R38: Input for ECA | T38: Strain and Stress Ranges | V38: BE-HE | W38: LE-BE | X38: BE-BE | Y38: HE-BE | Z38: HE-BEWalking | AA38: Input for ECA
A39: 12in | B39: Max. Axial Mechanical Tensile Strain OD (Hydrotest) | D39: =MAX(LE11_BEHE_HO_P1toP2!U45,LE11_BEHE_HO_P2toP1!U45) -> 0.00187113 | E39: =MAX(LE11_LEBE_HO_P1toP2!U45,LE11_LEBE_HO_P2toP1!U45) -> 0.00182003 | F39: =MAX(LE11_BEBE_HO_P1toP2!U45,LE11_BEBE_HO_P2toP1!U45) -> 0.00179866 | G39: =MAX(LE11_HEBE_HO_P1toP2!U45,LE11_HEBE_HO_P2toP1!U45) -> 0.00177457 | H39: ='LE11_HEBE Walking'!U45 -> 0 | I39: =MAX(D39:H39) -> 0.00187113 | J39: 12in | K39: Max. Axial Mechanical Tensile Strain OD (Hydrotest) | M39: =MAX(LE11_BEHE_HO_P1toP2!AC45,LE11_BEHE_HO_P2toP1!AC45) -> 0.0013 | N39: =MAX(LE11_LEBE_HO_P1toP2!AC45,LE11_LEBE_HO_P2toP1!AC45) -> 0.00130132 | O39: =MAX(LE11_BEBE_HO_P1toP2!AC45,LE11_BEBE_HO_P2toP1!AC45) -> 0.00127473 | P39: =MAX(LE11_HEBE_HO_P1toP2!AC45,LE11_HEBE_HO_P2toP1!AC45) -> 0.00123395 | Q39: ='LE11_HEBE Walking'!AC45 -> 0 | R39: =MAX(M39:Q39) -> 0.00130132 | S39: 12in | T39: Max. Axial Mechanical Tensile Strain OD (Hydrotest) | V39: =MAX(LE11_BEHE_HO_P1toP2!AK45,LE11_BEHE_HO_P2toP1!AK45) -> 0.00041 | W39: =MAX(LE11_LEBE_HO_P1toP2!AK45,LE11_LEBE_HO_P2toP1!AK45) -> 0.00130132 | X39: =MAX(LE11_BEBE_HO_P1toP2!AK45,LE11_BEBE_HO_P2toP1!AK45) -> 0.00042 | Y39: =MAX(LE11_HEBE_HO_P1toP2!AK45,LE11_HEBE_HO_P2toP1!AK45) -> 0.00123395 | Z39: ='LE11_HEBE Walking'!AK45 -> 0 | AA39: =MAX(V39:Z39) -> 0.00130132
A40: Sleeper | B40: Max. Axial Total Tensile Strain OD (Hydrotest) | D40: =MAX(LE11_BEHE_HO_P1toP2!U46,LE11_BEHE_HO_P2toP1!U46) -> 0.00187113 | E40: =MAX(LE11_LEBE_HO_P1toP2!U46,LE11_LEBE_HO_P2toP1!U46) -> 0.00182003 | F40: =MAX(LE11_BEBE_HO_P1toP2!U46,LE11_BEBE_HO_P2toP1!U46) -> 0.00179866 | G40: =MAX(LE11_HEBE_HO_P1toP2!U46,LE11_HEBE_HO_P2toP1!U46) -> 0.00177457 | H40: ='LE11_HEBE Walking'!U46 -> 0 | I40: =MAX(D40:H40) -> 0.00187113 | J40: Structure | K40: Max. Axial Total Tensile Strain OD (Hydrotest) | M40: =MAX(LE11_BEHE_HO_P1toP2!AC46,LE11_BEHE_HO_P2toP1!AC46) -> 0.0013 | N40: =MAX(LE11_LEBE_HO_P1toP2!AC46,LE11_LEBE_HO_P2toP1!AC46) -> 0.00130132 | O40: =MAX(LE11_BEBE_HO_P1toP2!AC46,LE11_BEBE_HO_P2toP1!AC46) -> 0.00127473 | P40: =MAX(LE11_HEBE_HO_P1toP2!AC46,LE11_HEBE_HO_P2toP1!AC46) -> 0.00123395 | Q40: ='LE11_HEBE Walking'!AC46 -> 0 | R40: =MAX(M40:Q40) -> 0.00130132 | S40: Other | T40: Max. Axial Total Tensile Strain OD (Hydrotest) | V40: =MAX(LE11_BEHE_HO_P1toP2!AK46,LE11_BEHE_HO_P2toP1!AK46) -> 0.00041 | W40: =MAX(LE11_LEBE_HO_P1toP2!AK46,LE11_LEBE_HO_P2toP1!AK46) -> 0.00130132 | X40: =MAX(LE11_BEBE_HO_P1toP2!AK46,LE11_BEBE_HO_P2toP1!AK46) -> 0.00042 | Y40: =MAX(LE11_HEBE_HO_P1toP2!AK46,LE11_HEBE_HO_P2toP1!AK46) -> 0.00123395 | Z40: ='LE11_HEBE Walking'!AK46 -> 0 | AA40: =MAX(V40:Z40) -> 0.00130132
B41: Max. Axial Mechanical Tensile Strain Midwall (Hydrotest) | D41: =MAX(LE11_BEHE_HO_P1toP2!U47,LE11_BEHE_HO_P2toP1!U47) -> 0.00168138 | E41: =MAX(LE11_LEBE_HO_P1toP2!U47,LE11_LEBE_HO_P2toP1!U47) -> 0.00163656 | F41: =MAX(LE11_BEBE_HO_P1toP2!U47,LE11_BEBE_HO_P2toP1!U47) -> 0.00161753 | G41: =MAX(LE11_HEBE_HO_P1toP2!U47,LE11_HEBE_HO_P2toP1!U47) -> 0.00159608 | H41: ='LE11_HEBE Walking'!U47 -> 0 | I41: =MAX(D41:H41) -> 0.00168138 | K41: Max. Axial Mechanical Tensile Strain Midwall (Hydrotest) | M41: =MAX(LE11_BEHE_HO_P1toP2!AC47,LE11_BEHE_HO_P2toP1!AC47) -> 0.0011 | N41: =MAX(LE11_LEBE_HO_P1toP2!AC47,LE11_LEBE_HO_P2toP1!AC47) -> 0.00117225 | O41: =MAX(LE11_BEBE_HO_P1toP2!AC47,LE11_BEBE_HO_P2toP1!AC47) -> 0.00114763 | P41: =MAX(LE11_HEBE_HO_P1toP2!AC47,LE11_HEBE_HO_P2toP1!AC47) -> 0.00110989 | Q41: ='LE11_HEBE Walking'!AC47 -> 0 | R41: =MAX(M41:Q41) -> 0.00117225 | T41: Max. Axial Mechanical Tensile Strain Midwall (Hydrotest) | V41: =MAX(LE11_BEHE_HO_P1toP2!AK47,LE11_BEHE_HO_P2toP1!AK47) -> 0.00038 | W41: =MAX(LE11_LEBE_HO_P1toP2!AK47,LE11_LEBE_HO_P2toP1!AK47) -> 0.00117225 | X41: =MAX(LE11_BEBE_HO_P1toP2!AK47,LE11_BEBE_HO_P2toP1!AK47) -> 0.00039 | Y41: =MAX(LE11_HEBE_HO_P1toP2!AK47,LE11_HEBE_HO_P2toP1!AK47) -> 0.00110989 | Z41: ='LE11_HEBE Walking'!AK47 -> 0 | AA41: =MAX(V41:Z41) -> 0.00117225
B42: Max. Axial Total Tensile Strain Midwall (Hydrotest) | D42: =MAX(LE11_BEHE_HO_P1toP2!U48,LE11_BEHE_HO_P2toP1!U48) -> 0.00168138 | E42: =MAX(LE11_LEBE_HO_P1toP2!U48,LE11_LEBE_HO_P2toP1!U48) -> 0.00163656 | F42: =MAX(LE11_BEBE_HO_P1toP2!U48,LE11_BEBE_HO_P2toP1!U48) -> 0.00161753 | G42: =MAX(LE11_HEBE_HO_P1toP2!U48,LE11_HEBE_HO_P2toP1!U48) -> 0.00159608 | H42: ='LE11_HEBE Walking'!U48 -> 0 | I42: =MAX(D42:H42) -> 0.00168138 | K42: Max. Axial Total Tensile Strain Midwall (Hydrotest) | M42: =MAX(LE11_BEHE_HO_P1toP2!AC48,LE11_BEHE_HO_P2toP1!AC48) -> 0.0011 | N42: =MAX(LE11_LEBE_HO_P1toP2!AC48,LE11_LEBE_HO_P2toP1!AC48) -> 0.00117225 | O42: =MAX(LE11_BEBE_HO_P1toP2!AC48,LE11_BEBE_HO_P2toP1!AC48) -> 0.00114763 | P42: =MAX(LE11_HEBE_HO_P1toP2!AC48,LE11_HEBE_HO_P2toP1!AC48) -> 0.00110989 | Q42: ='LE11_HEBE Walking'!AC48 -> 0 | R42: =MAX(M42:Q42) -> 0.00117225 | T42: Max. Axial Total Tensile Strain Midwall (Hydrotest) | V42: =MAX(LE11_BEHE_HO_P1toP2!AK48,LE11_BEHE_HO_P2toP1!AK48) -> 0.00038 | W42: =MAX(LE11_LEBE_HO_P1toP2!AK48,LE11_LEBE_HO_P2toP1!AK48) -> 0.00117225 | X42: =MAX(LE11_BEBE_HO_P1toP2!AK48,LE11_BEBE_HO_P2toP1!AK48) -> 0.00039 | Y42: =MAX(LE11_HEBE_HO_P1toP2!AK48,LE11_HEBE_HO_P2toP1!AK48) -> 0.00110989 | Z42: ='LE11_HEBE Walking'!AK48 -> 0 | AA42: =MAX(V42:Z42) -> 0.00117225
B43: Max. Axial Mechanical Tensile Strain OD (Design) | D43: =MAX(LE11_BEHE_HO_P1toP2!U49,LE11_BEHE_HO_P2toP1!U49) -> 0.00289603 | E43: =MAX(LE11_LEBE_HO_P1toP2!U49,LE11_LEBE_HO_P2toP1!U49) -> 0.00224924 | F43: =MAX(LE11_BEBE_HO_P1toP2!U49,LE11_BEBE_HO_P2toP1!U49) -> 0.00220641 | G43: =MAX(LE11_HEBE_HO_P1toP2!U49,LE11_HEBE_HO_P2toP1!U49) -> 0.00216099 | H43: ='LE11_HEBE Walking'!U49 -> 0 | I43: =MAX(D43:H43) -> 0.00289603 | K43: Max. Axial Mechanical Tensile Strain OD (Design) | M43: =MAX(LE11_BEHE_HO_P1toP2!AC49,LE11_BEHE_HO_P2toP1!AC49) -> 0.00125372 | N43: =MAX(LE11_LEBE_HO_P1toP2!AC49,LE11_LEBE_HO_P2toP1!AC49) -> 0.00129924 | O43: =MAX(LE11_BEBE_HO_P1toP2!AC49,LE11_BEBE_HO_P2toP1!AC49) -> 0.00127179 | P43: =MAX(LE11_HEBE_HO_P1toP2!AC49,LE11_HEBE_HO_P2toP1!AC49) -> 0.00123761 | Q43: ='LE11_HEBE Walking'!AC49 -> 0 | R43: =MAX(M43:Q43) -> 0.00129924 | T43: Max. Axial Mechanical Tensile Strain OD (Design) | V43: =MAX(LE11_BEHE_HO_P1toP2!AK49,LE11_BEHE_HO_P2toP1!AK49) -> 0.00055 | W43: =MAX(LE11_LEBE_HO_P1toP2!AK49,LE11_LEBE_HO_P2toP1!AK49) -> 0.00129924 | X43: =MAX(LE11_BEBE_HO_P1toP2!AK49,LE11_BEBE_HO_P2toP1!AK49) -> 0.0008 | Y43: =MAX(LE11_HEBE_HO_P1toP2!AK49,LE11_HEBE_HO_P2toP1!AK49) -> 0.00123761 | Z43: ='LE11_HEBE Walking'!AK49 -> 0 | AA43: =MAX(V43:Z43) -> 0.00129924
B44: Max. Axial Total Tensile Strain OD (Design) | D44: =MAX(LE11_BEHE_HO_P1toP2!U50,LE11_BEHE_HO_P2toP1!U50) -> 0.00406589 | E44: =MAX(LE11_LEBE_HO_P1toP2!U50,LE11_LEBE_HO_P2toP1!U50) -> 0.0034191 | F44: =MAX(LE11_BEBE_HO_P1toP2!U50,LE11_BEBE_HO_P2toP1!U50) -> 0.00337627 | G44: =MAX(LE11_HEBE_HO_P1toP2!U50,LE11_HEBE_HO_P2toP1!U50) -> 0.00333085 | H44: ='LE11_HEBE Walking'!U50 -> 0 | I44: =MAX(D44:H44) -> 0.00406589 | K44: Max. Axial Total Tensile Strain OD (Design) | M44: =MAX(LE11_BEHE_HO_P1toP2!AC50,LE11_BEHE_HO_P2toP1!AC50) -> 0.00242358 | N44: =MAX(LE11_LEBE_HO_P1toP2!AC50,LE11_LEBE_HO_P2toP1!AC50) -> 0.0024691 | O44: =MAX(LE11_BEBE_HO_P1toP2!AC50,LE11_BEBE_HO_P2toP1!AC50) -> 0.00244165 | P44: =MAX(LE11_HEBE_HO_P1toP2!AC50,LE11_HEBE_HO_P2toP1!AC50) -> 0.00240747 | Q44: ='LE11_HEBE Walking'!AC50 -> 0 | R44: =MAX(M44:Q44) -> 0.0024691 | T44: Max. Axial Total Tensile Strain OD (Design) | V44: =MAX(LE11_BEHE_HO_P1toP2!AK50,LE11_BEHE_HO_P2toP1!AK50) -> 0.00172 | W44: =MAX(LE11_LEBE_HO_P1toP2!AK50,LE11_LEBE_HO_P2toP1!AK50) -> 0.0024691 | X44: =MAX(LE11_BEBE_HO_P1toP2!AK50,LE11_BEBE_HO_P2toP1!AK50) -> 0.002 | Y44: =MAX(LE11_HEBE_HO_P1toP2!AK50,LE11_HEBE_HO_P2toP1!AK50) -> 0.00240747 | Z44: ='LE11_HEBE Walking'!AK50 -> 0 | AA44: =MAX(V44:Z44) -> 0.0024691
B45: Max. Axial Mechanical Tensile Strain Midwall (Design) | D45: =MAX(LE11_BEHE_HO_P1toP2!U51,LE11_BEHE_HO_P2toP1!U51) -> 0.00257853 | E45: =MAX(LE11_LEBE_HO_P1toP2!U51,LE11_LEBE_HO_P2toP1!U51) -> 0.00200698 | F45: =MAX(LE11_BEBE_HO_P1toP2!U51,LE11_BEBE_HO_P2toP1!U51) -> 0.00196945 | G45: =MAX(LE11_HEBE_HO_P1toP2!U51,LE11_HEBE_HO_P2toP1!U51) -> 0.00192914 | H45: ='LE11_HEBE Walking'!U51 -> 0 | I45: =MAX(D45:H45) -> 0.00257853 | K45: Max. Axial Mechanical Tensile Strain Midwall (Design) | M45: =MAX(LE11_BEHE_HO_P1toP2!AC51,LE11_BEHE_HO_P2toP1!AC51) -> 0.00111888 | N45: =MAX(LE11_LEBE_HO_P1toP2!AC51,LE11_LEBE_HO_P2toP1!AC51) -> 0.00116091 | O45: =MAX(LE11_BEBE_HO_P1toP2!AC51,LE11_BEBE_HO_P2toP1!AC51) -> 0.00113556 | P45: =MAX(LE11_HEBE_HO_P1toP2!AC51,LE11_HEBE_HO_P2toP1!AC51) -> 0.00110401 | Q45: ='LE11_HEBE Walking'!AC51 -> 0 | R45: =MAX(M45:Q45) -> 0.00116091 | T45: Max. Axial Mechanical Tensile Strain Midwall (Design) | V45: =MAX(LE11_BEHE_HO_P1toP2!AK51,LE11_BEHE_HO_P2toP1!AK51) -> 0.0005 | W45: =MAX(LE11_LEBE_HO_P1toP2!AK51,LE11_LEBE_HO_P2toP1!AK51) -> 0.00116091 | X45: =MAX(LE11_BEBE_HO_P1toP2!AK51,LE11_BEBE_HO_P2toP1!AK51) -> 0.0007 | Y45: =MAX(LE11_HEBE_HO_P1toP2!AK51,LE11_HEBE_HO_P2toP1!AK51) -> 0.00110401 | Z45: ='LE11_HEBE Walking'!AK51 -> 0 | AA45: =MAX(V45:Z45) -> 0.00116091
B46: Max. Axial Total Tensile Strain Midwall (Design) | D46: =MAX(LE11_BEHE_HO_P1toP2!U52,LE11_BEHE_HO_P2toP1!U52) -> 0.00374839 | E46: =MAX(LE11_LEBE_HO_P1toP2!U52,LE11_LEBE_HO_P2toP1!U52) -> 0.00317684 | F46: =MAX(LE11_BEBE_HO_P1toP2!U52,LE11_BEBE_HO_P2toP1!U52) -> 0.00313931 | G46: =MAX(LE11_HEBE_HO_P1toP2!U52,LE11_HEBE_HO_P2toP1!U52) -> 0.003099 | H46: ='LE11_HEBE Walking'!U52 -> 0 | I46: =MAX(D46:H46) -> 0.00374839 | K46: Max. Axial Total Tensile Strain Midwall (Design) | M46: =MAX(LE11_BEHE_HO_P1toP2!AC52,LE11_BEHE_HO_P2toP1!AC52) -> 0.00228874 | N46: =MAX(LE11_LEBE_HO_P1toP2!AC52,LE11_LEBE_HO_P2toP1!AC52) -> 0.00233077 | O46: =MAX(LE11_BEBE_HO_P1toP2!AC52,LE11_BEBE_HO_P2toP1!AC52) -> 0.00230542 | P46: =MAX(LE11_HEBE_HO_P1toP2!AC52,LE11_HEBE_HO_P2toP1!AC52) -> 0.00227387 | Q46: ='LE11_HEBE Walking'!AC52 -> 0 | R46: =MAX(M46:Q46) -> 0.00233077 | T46: Max. Axial Total Tensile Strain Midwall (Design) | V46: =MAX(LE11_BEHE_HO_P1toP2!AK52,LE11_BEHE_HO_P2toP1!AK52) -> 0.00167 | W46: =MAX(LE11_LEBE_HO_P1toP2!AK52,LE11_LEBE_HO_P2toP1!AK52) -> 0.00233077 | X46: =MAX(LE11_BEBE_HO_P1toP2!AK52,LE11_BEBE_HO_P2toP1!AK52) -> 0.0019 | Y46: =MAX(LE11_HEBE_HO_P1toP2!AK52,LE11_HEBE_HO_P2toP1!AK52) -> 0.00227387 | Z46: ='LE11_HEBE Walking'!AK52 -> 0 | AA46: =MAX(V46:Z46) -> 0.00233077
B47: Max. Axial Mechanical Tensile Strain OD (Early Life) | D47: =MAX(LE11_BEHE_HO_P1toP2!U53,LE11_BEHE_HO_P2toP1!U53) -> 0.00215 | E47: =MAX(LE11_LEBE_HO_P1toP2!U53,LE11_LEBE_HO_P2toP1!U53) -> 0.0023 | F47: =MAX(LE11_BEBE_HO_P1toP2!U53,LE11_BEBE_HO_P2toP1!U53) -> 0.00201 | G47: =MAX(LE11_HEBE_HO_P1toP2!U53,LE11_HEBE_HO_P2toP1!U53) -> 0.00202 | H47: ='LE11_HEBE Walking'!U53 -> 0 | I47: =MAX(D47:H47) -> 0.0023 | K47: Max. Axial Mechanical Tensile Strain OD (Early Life) | M47: =MAX(LE11_BEHE_HO_P1toP2!AC53,LE11_BEHE_HO_P2toP1!AC53) -> 0.00078 | N47: =MAX(LE11_LEBE_HO_P1toP2!AC53,LE11_LEBE_HO_P2toP1!AC53) -> 0.00077 | O47: =MAX(LE11_BEBE_HO_P1toP2!AC53,LE11_BEBE_HO_P2toP1!AC53) -> 0.00079 | P47: =MAX(LE11_HEBE_HO_P1toP2!AC53,LE11_HEBE_HO_P2toP1!AC53) -> 0.00081 | Q47: ='LE11_HEBE Walking'!AC53 -> 0 | R47: =MAX(M47:Q47) -> 0.00081 | T47: Max. Axial Mechanical Tensile Strain OD (Early Life) | V47: =MAX(LE11_BEHE_HO_P1toP2!AK53,LE11_BEHE_HO_P2toP1!AK53) -> 0.00027 | W47: =MAX(LE11_LEBE_HO_P1toP2!AK53,LE11_LEBE_HO_P2toP1!AK53) -> 0.00024 | X47: =MAX(LE11_BEBE_HO_P1toP2!AK53,LE11_BEBE_HO_P2toP1!AK53) -> 0.00027 | Y47: =MAX(LE11_HEBE_HO_P1toP2!AK53,LE11_HEBE_HO_P2toP1!AK53) -> 0.00031 | Z47: ='LE11_HEBE Walking'!AK53 -> 0 | AA47: =MAX(V47:Z47) -> 0.00031
B48: Max. Axial Total Tensile Strain OD (Early Life) | D48: =MAX(LE11_BEHE_HO_P1toP2!U54,LE11_BEHE_HO_P2toP1!U54) -> 0.00299 | E48: =MAX(LE11_LEBE_HO_P1toP2!U54,LE11_LEBE_HO_P2toP1!U54) -> 0.00308 | F48: =MAX(LE11_BEBE_HO_P1toP2!U54,LE11_BEBE_HO_P2toP1!U54) -> 0.00281 | G48: =MAX(LE11_HEBE_HO_P1toP2!U54,LE11_HEBE_HO_P2toP1!U54) -> 0.00279 | H48: ='LE11_HEBE Walking'!U54 -> 0 | I48: =MAX(D48:H48) -> 0.00308 | K48: Max. Axial Total Tensile Strain OD (Early Life) | M48: =MAX(LE11_BEHE_HO_P1toP2!AC54,LE11_BEHE_HO_P2toP1!AC54) -> 0.0015 | N48: =MAX(LE11_LEBE_HO_P1toP2!AC54,LE11_LEBE_HO_P2toP1!AC54) -> 0.00151 | O48: =MAX(LE11_BEBE_HO_P1toP2!AC54,LE11_BEBE_HO_P2toP1!AC54) -> 0.0015 | P48: =MAX(LE11_HEBE_HO_P1toP2!AC54,LE11_HEBE_HO_P2toP1!AC54) -> 0.00149 | Q48: ='LE11_HEBE Walking'!AC54 -> 0 | R48: =MAX(M48:Q48) -> 0.00151 | T48: Max. Axial Total Tensile Strain OD (Early Life) | V48: =MAX(LE11_BEHE_HO_P1toP2!AK54,LE11_BEHE_HO_P2toP1!AK54) -> 0.00102 | W48: =MAX(LE11_LEBE_HO_P1toP2!AK54,LE11_LEBE_HO_P2toP1!AK54) -> 0.00103 | X48: =MAX(LE11_BEBE_HO_P1toP2!AK54,LE11_BEBE_HO_P2toP1!AK54) -> 0.00102 | Y48: =MAX(LE11_HEBE_HO_P1toP2!AK54,LE11_HEBE_HO_P2toP1!AK54) -> 0.00102 | Z48: ='LE11_HEBE Walking'!AK54 -> 0 | AA48: =MAX(V48:Z48) -> 0.00103
B49: Max. Axial Mechanical Tensile Strain Midwall (Early Life) | D49: =MAX(LE11_BEHE_HO_P1toP2!U55,LE11_BEHE_HO_P2toP1!U55) -> 0.00191 | E49: =MAX(LE11_LEBE_HO_P1toP2!U55,LE11_LEBE_HO_P2toP1!U55) -> 0.00202 | F49: =MAX(LE11_BEBE_HO_P1toP2!U55,LE11_BEBE_HO_P2toP1!U55) -> 0.00179 | G49: =MAX(LE11_HEBE_HO_P1toP2!U55,LE11_HEBE_HO_P2toP1!U55) -> 0.00179 | H49: ='LE11_HEBE Walking'!U55 -> 0 | I49: =MAX(D49:H49) -> 0.00202 | K49: Max. Axial Mechanical Tensile Strain Midwall (Early Life) | M49: =MAX(LE11_BEHE_HO_P1toP2!AC55,LE11_BEHE_HO_P2toP1!AC55) -> 0.0007 | N49: =MAX(LE11_LEBE_HO_P1toP2!AC55,LE11_LEBE_HO_P2toP1!AC55) -> 0.00069 | O49: =MAX(LE11_BEBE_HO_P1toP2!AC55,LE11_BEBE_HO_P2toP1!AC55) -> 0.00071 | P49: =MAX(LE11_HEBE_HO_P1toP2!AC55,LE11_HEBE_HO_P2toP1!AC55) -> 0.00073 | Q49: ='LE11_HEBE Walking'!AC55 -> 0 | R49: =MAX(M49:Q49) -> 0.00073 | T49: Max. Axial Mechanical Tensile Strain Midwall (Early Life) | V49: =MAX(LE11_BEHE_HO_P1toP2!AK55,LE11_BEHE_HO_P2toP1!AK55) -> 0.00026 | W49: =MAX(LE11_LEBE_HO_P1toP2!AK55,LE11_LEBE_HO_P2toP1!AK55) -> 0.00022 | X49: =MAX(LE11_BEBE_HO_P1toP2!AK55,LE11_BEBE_HO_P2toP1!AK55) -> 0.00026 | Y49: =MAX(LE11_HEBE_HO_P1toP2!AK55,LE11_HEBE_HO_P2toP1!AK55) -> 0.0003 | Z49: ='LE11_HEBE Walking'!AK55 -> 0 | AA49: =MAX(V49:Z49) -> 0.0003
B50: Max. Axial Total Tensile Strain Midwall (Early Life) | D50: =MAX(LE11_BEHE_HO_P1toP2!U56,LE11_BEHE_HO_P2toP1!U56) -> 0.00272 | E50: =MAX(LE11_LEBE_HO_P1toP2!U56,LE11_LEBE_HO_P2toP1!U56) -> 0.00283 | F50: =MAX(LE11_BEBE_HO_P1toP2!U56,LE11_BEBE_HO_P2toP1!U56) -> 0.00255 | G50: =MAX(LE11_HEBE_HO_P1toP2!U56,LE11_HEBE_HO_P2toP1!U56) -> 0.00253 | H50: ='LE11_HEBE Walking'!U56 -> 0 | I50: =MAX(D50:H50) -> 0.00283 | K50: Max. Axial Total Tensile Strain Midwall (Early Life) | M50: =MAX(LE11_BEHE_HO_P1toP2!AC56,LE11_BEHE_HO_P2toP1!AC56) -> 0.00142 | N50: =MAX(LE11_LEBE_HO_P1toP2!AC56,LE11_LEBE_HO_P2toP1!AC56) -> 0.00143 | O50: =MAX(LE11_BEBE_HO_P1toP2!AC56,LE11_BEBE_HO_P2toP1!AC56) -> 0.00142 | P50: =MAX(LE11_HEBE_HO_P1toP2!AC56,LE11_HEBE_HO_P2toP1!AC56) -> 0.00141 | Q50: ='LE11_HEBE Walking'!AC56 -> 0 | R50: =MAX(M50:Q50) -> 0.00143 | T50: Max. Axial Total Tensile Strain Midwall (Early Life) | V50: =MAX(LE11_BEHE_HO_P1toP2!AK56,LE11_BEHE_HO_P2toP1!AK56) -> 0.00101 | W50: =MAX(LE11_LEBE_HO_P1toP2!AK56,LE11_LEBE_HO_P2toP1!AK56) -> 0.00101 | X50: =MAX(LE11_BEBE_HO_P1toP2!AK56,LE11_BEBE_HO_P2toP1!AK56) -> 0.00101 | Y50: =MAX(LE11_HEBE_HO_P1toP2!AK56,LE11_HEBE_HO_P2toP1!AK56) -> 0.001 | Z50: ='LE11_HEBE Walking'!AK56 -> 0 | AA50: =MAX(V50:Z50) -> 0.00101
B51: Max. Axial Mechanical Tensile Strain OD (Mid Life) | D51: =MAX(LE11_BEHE_HO_P1toP2!U57,LE11_BEHE_HO_P2toP1!U57) -> 0.002 | E51: =MAX(LE11_LEBE_HO_P1toP2!U57,LE11_LEBE_HO_P2toP1!U57) -> 0.00191 | F51: =MAX(LE11_BEBE_HO_P1toP2!U57,LE11_BEBE_HO_P2toP1!U57) -> 0.0019 | G51: =MAX(LE11_HEBE_HO_P1toP2!U57,LE11_HEBE_HO_P2toP1!U57) -> 0.00182 | H51: ='LE11_HEBE Walking'!U57 -> 0 | I51: =MAX(D51:H51) -> 0.002 | K51: Max. Axial Mechanical Tensile Strain OD (Mid Life) | M51: =MAX(LE11_BEHE_HO_P1toP2!AC57,LE11_BEHE_HO_P2toP1!AC57) -> 0.0008 | N51: =MAX(LE11_LEBE_HO_P1toP2!AC57,LE11_LEBE_HO_P2toP1!AC57) -> 0.00079 | O51: =MAX(LE11_BEBE_HO_P1toP2!AC57,LE11_BEBE_HO_P2toP1!AC57) -> 0.0008 | P51: =MAX(LE11_HEBE_HO_P1toP2!AC57,LE11_HEBE_HO_P2toP1!AC57) -> 0.00082 | Q51: ='LE11_HEBE Walking'!AC57 -> 0 | R51: =MAX(M51:Q51) -> 0.00082 | T51: Max. Axial Mechanical Tensile Strain OD (Mid Life) | V51: =MAX(LE11_BEHE_HO_P1toP2!AK57,LE11_BEHE_HO_P2toP1!AK57) -> 0.00026 | W51: =MAX(LE11_LEBE_HO_P1toP2!AK57,LE11_LEBE_HO_P2toP1!AK57) -> 0.00023 | X51: =MAX(LE11_BEBE_HO_P1toP2!AK57,LE11_BEBE_HO_P2toP1!AK57) -> 0.00026 | Y51: =MAX(LE11_HEBE_HO_P1toP2!AK57,LE11_HEBE_HO_P2toP1!AK57) -> 0.00031 | Z51: ='LE11_HEBE Walking'!AK57 -> 0 | AA51: =MAX(V51:Z51) -> 0.00031
B52: Max. Axial Total Tensile Strain OD (Mid Life) | D52: =MAX(LE11_BEHE_HO_P1toP2!U58,LE11_BEHE_HO_P2toP1!U58) -> 0.00279 | E52: =MAX(LE11_LEBE_HO_P1toP2!U58,LE11_LEBE_HO_P2toP1!U58) -> 0.0027 | F52: =MAX(LE11_BEBE_HO_P1toP2!U58,LE11_BEBE_HO_P2toP1!U58) -> 0.0027 | G52: =MAX(LE11_HEBE_HO_P1toP2!U58,LE11_HEBE_HO_P2toP1!U58) -> 0.00256 | H52: ='LE11_HEBE Walking'!U58 -> 0 | I52: =MAX(D52:H52) -> 0.00279 | K52: Max. Axial Total Tensile Strain OD (Mid Life) | M52: =MAX(LE11_BEHE_HO_P1toP2!AC58,LE11_BEHE_HO_P2toP1!AC58) -> 0.00149 | N52: =MAX(LE11_LEBE_HO_P1toP2!AC58,LE11_LEBE_HO_P2toP1!AC58) -> 0.00151 | O52: =MAX(LE11_BEBE_HO_P1toP2!AC58,LE11_BEBE_HO_P2toP1!AC58) -> 0.0015 | P52: =MAX(LE11_HEBE_HO_P1toP2!AC58,LE11_HEBE_HO_P2toP1!AC58) -> 0.00148 | Q52: ='LE11_HEBE Walking'!AC58 -> 0 | R52: =MAX(M52:Q52) -> 0.00151 | T52: Max. Axial Total Tensile Strain OD (Mid Life) | V52: =MAX(LE11_BEHE_HO_P1toP2!AK58,LE11_BEHE_HO_P2toP1!AK58) -> 0.00102 | W52: =MAX(LE11_LEBE_HO_P1toP2!AK58,LE11_LEBE_HO_P2toP1!AK58) -> 0.00103 | X52: =MAX(LE11_BEBE_HO_P1toP2!AK58,LE11_BEBE_HO_P2toP1!AK58) -> 0.00102 | Y52: =MAX(LE11_HEBE_HO_P1toP2!AK58,LE11_HEBE_HO_P2toP1!AK58) -> 0.00101 | Z52: ='LE11_HEBE Walking'!AK58 -> 0 | AA52: =MAX(V52:Z52) -> 0.00103
... B58: Max. Axial Total Tensile Strain Midwall (Late Life) | D58: =MAX(LE11_BEHE_HO_P1toP2!U64,LE11_BEHE_HO_P2toP1!U64) -> 0.00258 | E58: =MAX(LE11_LEBE_HO_P1toP2!U64,LE11_LEBE_HO_P2toP1!U64) -> 0.00249 | F58: =MAX(LE11_BEBE_HO_P1toP2!U64,LE11_BEBE_HO_P2toP1!U64) -> 0.00245 | G58: =MAX(LE11_HEBE_HO_P1toP2!U64,LE11_HEBE_HO_P2toP1!U64) -> 0.00236 | H58: ='LE11_HEBE Walking'!U64 -> 0 | I58: =MAX(D58:H58) -> 0.00258 | K58: Max. Axial Total Tensile Strain Midwall (Late Life) | M58: =MAX(LE11_BEHE_HO_P1toP2!AC64,LE11_BEHE_HO_P2toP1!AC64) -> 0.00142 | N58: =MAX(LE11_LEBE_HO_P1toP2!AC64,LE11_LEBE_HO_P2toP1!AC64) -> 0.00144 | O58: =MAX(LE11_BEBE_HO_P1toP2!AC64,LE11_BEBE_HO_P2toP1!AC64) -> 0.00143 | P58: =MAX(LE11_HEBE_HO_P1toP2!AC64,LE11_HEBE_HO_P2toP1!AC64) -> 0.00141 | Q58: ='LE11_HEBE Walking'!AC64 -> 0 | R58: =MAX(M58:Q58) -> 0.00144 | T58: Max. Axial Total Tensile Strain Midwall (Late Life) | V58: =MAX(LE11_BEHE_HO_P1toP2!AK64,LE11_BEHE_HO_P2toP1!AK64) -> 0.001 | W58: =MAX(LE11_LEBE_HO_P1toP2!AK64,LE11_LEBE_HO_P2toP1!AK64) -> 0.00101 | X58: =MAX(LE11_BEBE_HO_P1toP2!AK64,LE11_BEBE_HO_P2toP1!AK64) -> 0.001 | Y58: =MAX(LE11_HEBE_HO_P1toP2!AK64,LE11_HEBE_HO_P2toP1!AK64) -> 0.00099 | Z58: ='LE11_HEBE Walking'!AK64 -> 0 | AA58: =MAX(V58:Z58) -> 0.00101
B59: Longitudinal Stress Range at Root, MPa (FCD) | C59: Early Life (1 to 15 yr) | K59: Longitudinal Stress Range at Root, MPa (FCD) | L59: Early Life (1 to 15 yr) | T59: Longitudinal Stress Range at Root, MPa (FCD) | U59: Early Life (1 to 15 yr)
C61: Late Life (16 to 25 yr) | L61: Late Life (16 to 25 yr) | U61: Late Life (16 to 25 yr)
B62: Longitudinal Stress Range at Root, MPa (PCD) | C62: Early Life (1 to 15 yr) | K62: Longitudinal Stress Range at Root, MPa (PCD) | L62: Early Life (1 to 15 yr) | T62: Longitudinal Stress Range at Root, MPa (PCD) | U62: Early Life (1 to 15 yr)
C64: Late Life (16 to 25 yr) | L64: Late Life (16 to 25 yr) | U64: Late Life (16 to 25 yr)
B65: Longitudinal Stress Range at Root, MPa (Between Hot Oiling) | C65: Early Life (1 to 15 yr) | K65: Longitudinal Stress Range at Root, MPa (Between Hot Oiling) | L65: Early Life (1 to 15 yr) | T65: Longitudinal Stress Range at Root, MPa (Between Hot Oiling) | U65: Early Life (1 to 15 yr)
C67: Late Life (16 to 25 yr) | L67: Late Life (16 to 25 yr) | U67: Late Life (16 to 25 yr)
B68: Longitudinal Stress Range at Root (Hydrotest), MPa | K68: Longitudinal Stress Range at Root (Hydrotest), MPa | T68: Longitudinal Stress Range at Root (Hydrotest), MPa
B69: Longitudinal Stress Range at Cap, MPa (FCD) | C69: Early Life (1 to 15 yr) | K69: Longitudinal Stress Range at Cap, MPa (FCD) | L69: Early Life (1 to 15 yr) | T69: Longitudinal Stress Range at Cap, MPa (FCD) | U69: Early Life (1 to 15 yr)
C71: Late Life (16 to 25 yr) | L71: Late Life (16 to 25 yr) | U71: Late Life (16 to 25 yr)
B72: Longitudinal Stress Range at Cap, MPa (PCD) | C72: Early Life (1 to 15 yr) | K72: Longitudinal Stress Range at Cap, MPa (PCD) | L72: Early Life (1 to 15 yr) | T72: Longitudinal Stress Range at Cap, MPa (PCD) | U72: Early Life (1 to 15 yr)
C74: Late Life (16 to 25 yr) | L74: Late Life (16 to 25 yr) | U74: Late Life (16 to 25 yr)
B75: Longitudinal Stress Range at Root, MPa (Between Hot Oiling) | C75: Early Life (1 to 15 yr) | K75: Longitudinal Stress Range at Root, MPa (Between Hot Oiling) | L75: Early Life (1 to 15 yr) | T75: Longitudinal Stress Range at Root, MPa (Between Hot Oiling) | U75: Early Life (1 to 15 yr)
C77: Late Life (16 to 25 yr) | L77: Late Life (16 to 25 yr) | U77: Late Life (16 to 25 yr)
B78: Longitudinal Stress Range at CAP (Hydrotest), MPa | K78: Longitudinal Stress Range at CAP (Hydrotest), MPa | T78: Longitudinal Stress Range at CAP (Hydrotest), MPa
