Workbook

Sheet BE-HE_P1toP2
P1: Strain and Stress Ranges | R1: BE-HE | X1: Strain and Stress Ranges | Z1: BE-HE | AF1: Strain and Stress Ranges | AH1: BE-HE
O2: 10in | P2: Max. Axial Mechanical Tensile Strain OD (Hydrotest) | W2: 10in | X2: Max. Axial Mechanical Tensile Strain OD (Hydrotest) | AE2: 10in | AF2: Max. Axial Mechanical Tensile Strain OD (Hydrotest)
O3: Sleeper | P3: Max. Axial Total Tensile Strain OD (Hydrotest) | W3: Structure | X3: Max. Axial Total Tensile Strain OD (Hydrotest) | AE3: Other | AF3: Max. Axial Total Tensile Strain OD (Hydrotest)
P4: Max. Axial Mechanical Tensile Strain ID (Hydrotest) | X4: Max. Axial Mechanical Tensile Strain ID (Hydrotest) | AF4: Max. Axial Mechanical Tensile Strain ID (Hydrotest)
P5: Max. Axial Total Tensile Strain ID (Hydrotest) | X5: Max. Axial Total Tensile Strain ID (Hydrotest) | AF5: Max. Axial Total Tensile Strain ID (Hydrotest)
P6: Max. Axial Mechanical Tensile Strain OD (Design) | X6: Max. Axial Mechanical Tensile Strain OD (Design) | AF6: Max. Axial Mechanical Tensile Strain OD (Design)
P7: Max. Axial Total Tensile Strain OD (Design) | X7: Max. Axial Total Tensile Strain OD (Design) | AF7: Max. Axial Total Tensile Strain OD (Design)
P8: Max. Axial Mechanical Tensile Strain ID (Design) | X8: Max. Axial Mechanical Tensile Strain ID (Design) | AF8: Max. Axial Mechanical Tensile Strain ID (Design)
P9: Max. Axial Total Tensile Strain ID (Design) | X9: Max. Axial Total Tensile Strain ID (Design) | AF9: Max. Axial Total Tensile Strain ID (Design)
P10: Max. Axial Mechanical Tensile Strain OD (Early Life) | X10: Max. Axial Mechanical Tensile Strain OD (Early Life) | AF10: Max. Axial Mechanical Tensile Strain OD (Early Life)
P11: Max. Axial Total Tensile Strain OD (Early Life) | X11: Max. Axial Total Tensile Strain OD (Early Life) | AF11: Max. Axial Total Tensile Strain OD (Early Life)
P12: Max. Axial Mechanical Tensile Strain ID (Early Life) | X12: Max. Axial Mechanical Tensile Strain ID (Early Life) | AF12: Max. Axial Mechanical Tensile Strain ID (Early Life)
P13: Max. Axial Total Tensile Strain ID (Early Life) | X13: Max. Axial Total Tensile Strain ID (Early Life) | AF13: Max. Axial Total Tensile Strain ID (Early Life)
P14: Max. Axial Mechanical Tensile Strain OD (Late Life) | X14: Max. Axial Mechanical Tensile Strain OD (Late Life) | AF14: Max. Axial Mechanical Tensile Strain OD (Late Life)
P15: Max. Axial Total Tensile Strain OD (Late Life) | X15: Max. Axial Total Tensile Strain OD (Late Life) | AF15: Max. Axial Total Tensile Strain OD (Late Life)
... P17: Max. Axial Total Tensile Strain ID (Late Life) | X17: Max. Axial Total Tensile Strain ID (Late Life) | AF17: Max. Axial Total Tensile Strain ID (Late Life)
P18: Longitudinal Stress Range at MidWall, MPa (FCD) | Q18: Early Life (1 to 9 yr) | R18: 272.5185 | S18: =R18*(33/30) -> 299.77035 | T18: checked | U18: x | X18: Longitudinal Stress Range at MidWall, MPa (FCD) | Y18: Early Life (1 to 15 yr) | Z18: 81.690166 | AA18: =Z18*(33/30) -> 89.859183 | AB18: checked | AC18: x | AF18: Longitudinal Stress Range at MidWall, MPa (FCD) | AG18: Early Life (1 to 9 yr) | AH18: 52.435752 | AI18: =AH18*(33/30) -> 57.679327 | AJ18: checked | AK18: x
Q19: Mid Life (10 to 15 yr) | R19: 257.43662 | S19: =R19*(33/30) -> 283.18028 | Y19: Mid Life (10 to 15 yr) | Z19: 80.4867 | AA19: =Z19*(33/30) -> 88.53537 | AG19: Mid Life (10 to 15 yr) | AH19: 52.065058 | AI19: =AH19*(33/30) -> 57.271564
Q20: Late Life (16 to 25 yr) | R20: 257.75939 | S20: =R20*(33/30) -> 283.53533 | T20: checked | U20: x | Y20: Late Life (16 to 25 yr) | Z20: 80.939694 | AA20: =Z20*(33/30) -> 89.033663 | AB20: checked | AC20: x | AG20: Late Life (16 to 25 yr) | AH20: 52.011187 | AI20: =AH20*(33/30) -> 57.212306 | AJ20: checked | AK20: x
P21: Longitudinal Stress Range at MidWall, MPa (PCD) | Q21: Early Life (1 to 9 yr) | R21: 95.723004 | S21: =R21*(33/30) -> 105.2953 | T21: checked | U21: x | X21: Longitudinal Stress Range at MidWall, MPa (PCD) | Y21: Early Life (1 to 9 yr) | Z21: 46.638424 | AA21: =Z21*(33/30) -> 51.302266 | AB21: checked | AC21: x | AF21: Longitudinal Stress Range at MidWall, MPa (PCD) | AG21: Early Life (1 to 9 yr) | AH21: 25.641148 | AI21: =AH21*(33/30) -> 28.205263 | AJ21: checked | AK21: x
Q22: Mid Life (10 to 15 yr) | R22: 70.898492 | S22: =R22*(33/30) -> 77.988341 | Y22: Mid Life (10 to 15 yr) | Z22: 34.015404 | AA22: =Z22*(33/30) -> 37.416944 | AG22: Mid Life (10 to 15 yr) | AH22: 19.599053 | AI22: =AH22*(33/30) -> 21.558958
Q23: Late Life (16 to 25 yr) | R23: 71.097768 | S23: =R23*(33/30) -> 78.207545 | T23: checked | U23: x | Y23: Late Life (16 to 25 yr) | Z23: 36.35367 | AA23: =Z23*(33/30) -> 39.989037 | AB23: checked | AC23: x | AG23: Late Life (16 to 25 yr) | AH23: 22.550618 | AI23: =AH23*(33/30) -> 24.80568 | AJ23: checked | AK23: x
P24: Longitudinal Stress Range at MidWall, MPa (Between Hot Oiling) | Q24: Early Life (1 to 9 yr) | R24: 262.9362 | S24: =R24*(33/30) -> 289.22982 | T24: checked | U24: x | X24: Longitudinal Stress Range at MidWall, MPa (Between Hot Oiling) | Y24: Early Life (1 to 9 yr) | Z24: 50.283734 | AA24: =Z24*(33/30) -> 55.312107 | AB24: checked | AC24: x | AF24: Longitudinal Stress Range at MidWall, MPa (Between Hot Oiling) | AG24: Early Life (1 to 9 yr) | AH24: 34.799299 | AI24: =AH24*(33/30) -> 38.279229 | AJ24: checked | AK24: x
Q25: Mid Life (10 to 15 yr) | R25: 184.48921 | S25: =R25*(33/30) -> 202.93813 | Y25: Mid Life (10 to 15 yr) | Z25: 50.820504 | AA25: =Z25*(33/30) -> 55.902554 | AG25: Mid Life (10 to 15 yr) | AH25: 29.879916 | AI25: =AH25*(33/30) -> 32.867908 | AJ25: checked
Q26: Late Life (16 to 25 yr) | R26: 184.47419 | S26: =R26*(33/30) -> 202.9216 | T26: checked | U26: x | Y26: Late Life (16 to 25 yr) | Z26: 52.672068 | AA26: =Z26*(33/30) -> 57.939275 | AB26: checked | AC26: x | AG26: Late Life (16 to 25 yr) | AH26: 31.69288 | AI26: =AH26*(33/30) -> 34.862167 | AJ26: checked | AK26: x
P27: Longitudinal Stress Range at Midwall (Hydrotest), MPa | R27: 257.69429 | S27: =R27*(33/33) -> 257.69429 | T27: checked | U27: x | X27: Longitudinal Stress Range at Midwall (Hydrotest), MPa | Z27: 163.51738 | AA27: =Z27*(33/33) -> 163.51738 | AB27: checked | AC27: x | AF27: Longitudinal Stress Range at Midwall (Hydrotest), MPa | AH27: 142.3 | AI27: =AH27 -> 142.3 | AJ27: checked | AK27: x
P28: Longitudinal Stress Range at Cap, MPa (FCD) | Q28: Early Life (1 to 9 yr) | R28: 309.11214 | S28: =R28*(33/30) -> 340.02336 | T28: checked | U28: x | X28: Longitudinal Stress Range at Cap, MPa (FCD) | Y28: Early Life (1 to 9 yr) | Z28: 86.45202 | AA28: =Z28*(33/30) -> 95.097222 | AB28: checked | AC28: x | AF28: Longitudinal Stress Range at Cap, MPa (FCD) | AG28: Early Life (1 to 9 yr) | AH28: 52.587956 | AI28: =AH28*(33/30) -> 57.846752 | AJ28: checked | AK28: x
Q29: Mid Life (10 to 15 yr) | R29: 289.98902 | S29: =R29*(33/30) -> 318.98793 | Y29: Mid Life (10 to 15 yr) | Z29: 85.794078 | AA29: =Z29*(33/30) -> 94.373486 | AG29: Mid Life (10 to 15 yr) | AH29: 52.198681 | AI29: =AH29*(33/30) -> 57.418549
Q30: Late Life (16 to 25 yr) | R30: 290.70482 | S30: =R30*(33/30) -> 319.7753 | T30: checked | U30: x | Y30: Late Life (16 to 25 yr) | Z30: 86.289618 | AA30: =Z30*(33/30) -> 94.91858 | AB30: checked | AC30: x | AG30: Late Life (16 to 25 yr) | AH30: 52.14745 | AI30: =AH30*(33/30) -> 57.362195 | AJ30: checked | AK30: x
P31: Longitudinal Stress Range at Cap, MPa (PCD) | Q31: Early Life (1 to 9 yr) | R31: 108.30923 | S31: =R31*(33/30) -> 119.14016 | T31: checked | U31: x | X31: Longitudinal Stress Range at Cap, MPa (PCD) | Y31: Early Life (1 to 9 yr) | Z31: 43.454136 | AA31: =Z31*(33/30) -> 47.79955 | AB31: checked | AC31: x | AF31: Longitudinal Stress Range at Cap, MPa (PCD) | AG31: Early Life (1 to 9 yr) | AH31: 26.02629 | AI31: =AH31*(33/30) -> 28.628919 | AJ31: checked | AK31: x
Q32: Mid Life (10 to 15 yr) | R32: 79.988408 | S32: =R32*(33/30) -> 87.987249 | Y32: Mid Life (10 to 15 yr) | Z32: 36.454376 | AA32: =Z32*(33/30) -> 40.099814 | AG32: Mid Life (10 to 15 yr) | AH32: 19.991138 | AI32: =AH32*(33/30) -> 21.990252
Q33: Late Life (16 to 25 yr) | R33: 80.254896 | S33: =R33*(33/30) -> 88.280386 | T33: checked | U33: x | Y33: Late Life (16 to 25 yr) | Z33: 40.341032 | AA33: =Z33*(33/30) -> 44.375135 | AB33: checked | AC33: x | AG33: Late Life (16 to 25 yr) | AH33: 23.142534 | AI33: =AH33*(33/30) -> 25.456787 | AJ33: checked | AK33: x
P34: Longitudinal Stress Range at Cap, MPa (Between Hot Oiling) | Q34: Early Life (1 to 9 yr) | R34: 294.21514 | S34: =R34*(33/30) -> 323.63665 | T34: checked | U34: x | X34: Longitudinal Stress Range at Cap, MPa (Between Hot Oiling) | Y34: Early Life (1 to 9 yr) | Z34: 59.24906 | AA34: =Z34*(33/30) -> 65.173966 | AB34: checked | AC34: x | AF34: Longitudinal Stress Range at Cap, MPa (Between Hot Oiling) | AG34: Early Life (1 to 9 yr) | AH34: 34.769156 | AI34: =AH34*(33/30) -> 38.246072 | AJ34: checked | AK34: x
Q35: Mid Life (10 to 15 yr) | R35: 205.84825 | S35: =R35*(33/30) -> 226.43308 | Y35: Mid Life (10 to 15 yr) | Z35: 55.394804 | AA35: =Z35*(33/30) -> 60.934284 | AG35: Mid Life (10 to 15 yr) | AH35: 30.125788 | AI35: =AH35*(33/30) -> 33.138366
Q36: Late Life (16 to 25 yr) | R36: 205.86737 | S36: =R36*(33/30) -> 226.45411 | T36: checked | U36: x | Y36: Late Life (16 to 25 yr) | Z36: 57.28958 | AA36: =Z36*(33/30) -> 63.018538 | AB36: checked | AC36: x | AG36: Late Life (16 to 25 yr) | AH36: 31.94841 | AI36: =AH36*(33/30) -> 35.14325 | AJ36: checked | AK36: x
P37: Longitudinal Stress Range at CAP (Hydrotest), MPa | R37: 277.22238 | S37: =R37*(33/33) -> 277.22238 | T37: checked | U37: x | X37: Longitudinal Stress Range at CAP (Hydrotest), MPa | Z37: 172.1276 | AA37: =Z37*(33/33) -> 172.1276 | AB37: checked | AC37: x | AF37: Longitudinal Stress Range at CAP (Hydrotest), MPa | AH37: 146.1 | AI37: =AH37*(33/33) -> 146.1 | AJ37: checked | AK37: x
P40: Strain and Stress Ranges | R40: BE-HE | T40: BE-BE | U40: HE-BE | V40: Input for ECA | X40: Strain and Stress Ranges | Z40: BE-HE | AB40: BE-BE | AC40: HE-BE | AD40: Input for ECA | AF40: Strain and Stress Ranges | AH40: BE-HE | AJ40: BE-BE | AK40: HE-BE | AL40: Input for ECA
O41: 12in | P41: Max. Axial Mechanical Tensile Strain OD (Hydrotest) | W41: 12in | X41: Max. Axial Mechanical Tensile Strain OD (Hydrotest) | AE41: 12in | AF41: Max. Axial Mechanical Tensile Strain OD (Hydrotest)
O42: Sleeper | P42: Max. Axial Total Tensile Strain OD (Hydrotest) | W42: Structure | X42: Max. Axial Total Tensile Strain OD (Hydrotest) | AE42: Other | AF42: Max. Axial Total Tensile Strain OD (Hydrotest)
P43: Max. Axial Mechanical Tensile Strain ID (Hydrotest) | X43: Max. Axial Mechanical Tensile Strain ID (Hydrotest) | AF43: Max. Axial Mechanical Tensile Strain ID (Hydrotest)
P44: Max. Axial Total Tensile Strain ID (Hydrotest) | X44: Max. Axial Total Tensile Strain ID (Hydrotest) | AF44: Max. Axial Total Tensile Strain ID (Hydrotest)
P45: Max. Axial Mechanical Tensile Strain OD (Design) | X45: Max. Axial Mechanical Tensile Strain OD (Design) | AF45: Max. Axial Mechanical Tensile Strain OD (Design)
P46: Max. Axial Total Tensile Strain OD (Design) | X46: Max. Axial Total Tensile Strain OD (Design) | AF46: Max. Axial Total Tensile Strain OD (Design)
P47: Max. Axial Mechanical Tensile Strain ID (Design) | X47: Max. Axial Mechanical Tensile Strain ID (Design) | AF47: Max. Axial Mechanical Tensile Strain ID (Design)
P48: Max. Axial Total Tensile Strain ID (Design) | X48: Max. Axial Total Tensile Strain ID (Design) | AF48: Max. Axial Total Tensile Strain ID (Design)
P49: Max. Axial Mechanical Tensile Strain OD (Early Life) | X49: Max. Axial Mechanical Tensile Strain OD (Early Life) | AF49: Max. Axial Mechanical Tensile Strain OD (Early Life)
P50: Max. Axial Total Tensile Strain OD (Early Life) | X50: Max. Axial Total Tensile Strain OD (Early Life) | AF50: Max. Axial Total Tensile Strain OD (Early Life)
P51: Max. Axial Mechanical Tensile Strain ID (Early Life) | X51: Max. Axial Mechanical Tensile Strain ID (Early Life) | AF51: Max. Axial Mechanical Tensile Strain ID (Early Life)
P52: Max. Axial Total Tensile Strain ID (Early Life) | X52: Max. Axial Total Tensile Strain ID (Early Life) | AF52: Max. Axial Total Tensile Strain ID (Early Life)
P53: Max. Axial Mechanical Tensile Strain OD (Late Life) | X53: Max. Axial Mechanical Tensile Strain OD (Late Life) | AF53: Max. Axial Mechanical Tensile Strain OD (Late Life)
P54: Max. Axial Total Tensile Strain OD (Late Life) | X54: Max. Axial Total Tensile Strain OD (Late Life) | AF54: Max. Axial Total Tensile Strain OD (Late Life)
... P56: Max. Axial Total Tensile Strain ID (Late Life) | X56: Max. Axial Total Tensile Strain ID (Late Life) | AF56: Max. Axial Total Tensile Strain ID (Late Life)
P57: Longitudinal Stress Range at MidWall, MPa (FCD) | Q57: Early Life (1 to 9 yr) | R57: 288.35798 | S57: =R57*(36/33) -> 314.57235 | T57: checked | U57: x | X57: Longitudinal Stress Range at MidWall, MPa (FCD) | Y57: Early Life (1 to 9 yr) | Z57: 59.200968 | AA57: =Z57*(36/33) -> 64.582874 | AB57: checked | AC57: x | AF57: Longitudinal Stress Range at MidWall, MPa (FCD) | AG57: Early Life (1 to 9 yr) | AH57: 51.900745 | AI57: =AH57*(36/33) -> 56.618995 | AJ57: checked | AK57: x
Q58: Mid Life (10 to 15 yr) | R58: 256.57845 | S58: =R58*(36/33) -> 279.90376 | Y58: Mid Life (10 to 15 yr) | Z58: 60.086616 | AA58: =Z58*(33/30) -> 66.095278 | AG58: Mid Life (10 to 15 yr) | AH58: 50.552838 | AI58: =AH58*(33/30) -> 55.608122
Q59: Late Life (16 to 25 yr) | R59: 261.72264 | S59: =R59*(36/33) -> 285.5156 | T59: checked | U59: x | Y59: Late Life (16 to 25 yr) | Z59: 60.456288 | AA59: =Z59*(36/33) -> 65.952314 | AB59: checked | AC59: x | AG59: Late Life (16 to 25 yr) | AH59: 51.965753 | AI59: =AH59*(36/33) -> 56.689912 | AJ59: checked | AK59: x
P60: Longitudinal Stress Range at MidWall, MPa (PCD) | Q60: Early Life (1 to 9 yr) | R60: 82.188 | S60: =R60*(36/33) -> 89.659636 | T60: checked | U60: x | X60: Longitudinal Stress Range at MidWall, MPa (PCD) | Y60: Early Life (1 to 9 yr) | Z60: 40.454052 | AA60: =Z60*(36/33) -> 44.131693 | AB60: checked | AC60: x | AF60: Longitudinal Stress Range at MidWall, MPa (PCD) | AG60: Early Life (1 to 9 yr) | AH60: 26.972586 | AI60: =AH60*(36/33) -> 29.424639 | AJ60: checked | AK60: x
Q61: Mid Life (10 to 15 yr) | R61: 49.99664 | S61: =R61*(36/33) -> 54.541789 | Y61: Mid Life (10 to 15 yr) | Z61: 38.779376 | AA61: =Z61*(33/30) -> 42.657314 | AG61: Mid Life (10 to 15 yr) | AH61: 27.21458 | AI61: =AH61*(33/30) -> 29.936038
Q62: Late Life (16 to 25 yr) | R62: 51.350128 | S62: =R62*(36/33) -> 56.018321 | T62: checked | U62: x | Y62: Late Life (16 to 25 yr) | Z62: 38.897608 | AA62: =Z62*(36/33) -> 42.433754 | AB62: checked | AC62: x | AG62: Late Life (16 to 25 yr) | AH62: 26.533468 | AI62: =AH62*(36/33) -> 28.945601 | AJ62: checked | AK62: x
P63: Longitudinal Stress Range at MidWall, MPa (Between Hot Oiling) | Q63: Early Life (1 to 9 yr) | R63: 212.38643 | S63: =R63*(36/33) -> 231.69429 | T63: checked | U63: x | X63: Longitudinal Stress Range at MidWall, MPa (Between Hot Oiling) | Y63: Early Life (1 to 9 yr) | Z63: 42.3392 | AA63: =Z63*(36/33) -> 46.188218 | AB63: checked | AC63: x | AF63: Longitudinal Stress Range at MidWall, MPa (Between Hot Oiling) | AG63: Early Life (1 to 9 yr) | AH63: 36.642259 | AI63: =AH63*(36/33) -> 39.973373 | AJ63: checked | AK63: x
Q64: Mid Life (10 to 15 yr) | R64: 214.47534 | S64: =R64*(36/33) -> 233.9731 | Y64: Mid Life (10 to 15 yr) | Z64: 45.432936 | AA64: =Z64*(33/30) -> 49.97623 | AG64: Mid Life (10 to 15 yr) | AH64: 35.802582 | AI64: =AH64*(33/30) -> 39.38284
Q65: Late Life (16 to 25 yr) | R65: 219.54097 | S65: =R65*(36/33) -> 239.49924 | T65: checked | U65: x | Y65: Late Life (16 to 25 yr) | Z65: 44.866036 | AA65: =Z65*(36/33) -> 48.944767 | AB65: checked | AC65: x | AG65: Late Life (16 to 25 yr) | AH65: 39.893006 | AI65: =AH65*(36/33) -> 43.519642 | AJ65: checked | AK65: x
P66: Longitudinal Stress Range at Midwall (Hydrotest), MPa | R66: 295.08974 | S66: =R66*(36/36) -> 295.08974 | T66: checked | U66: x | X66: Longitudinal Stress Range at Midwall (Hydrotest), MPa | Z66: 189.05129 | AA66: =Z66*(36/36) -> 189.05129 | AB66: checked | AC66: x | AF66: Longitudinal Stress Range at Midwall (Hydrotest), MPa | AH66: 139.4 | AI66: =AH66*(36/36) -> 139.4 | AJ66: checked | AK66: x
P67: Longitudinal Stress Range at Cap, MPa (FCD) | Q67: Early Life (1 to 9 yr) | R67: 323.25398 | S67: =R67*(36/33) -> 352.6407 | T67: checked | U67: x | X67: Longitudinal Stress Range at Cap, MPa (FCD) | Y67: Early Life (1 to 9 yr) | Z67: 61.687144 | AA67: =Z67*(36/33) -> 67.295066 | AB67: checked | AC67: x | AF67: Longitudinal Stress Range at Cap, MPa (FCD) | AG67: Early Life (1 to 9 yr) | AH67: 52.150188 | AI67: =AH67*(36/33) -> 56.891114 | AJ67: checked | AK67: x
Q68: Mid Life (10 to 15 yr) | R68: 287.88623 | S68: =R68*(36/33) -> 314.05771 | Y68: Mid Life (10 to 15 yr) | Z68: 62.589856 | AA68: =Z68*(33/30) -> 68.848842 | AG68: Mid Life (10 to 15 yr) | AH68: 50.798015 | AI68: =AH68*(33/30) -> 55.877816
Q69: Late Life (16 to 25 yr) | R69: 293.3384 | S69: =R69*(36/33) -> 320.00553 | T69: checked | U69: x | Y69: Late Life (16 to 25 yr) | Z69: 62.990632 | AA69: =Z69*(36/33) -> 68.717053 | AB69: checked | AC69: x | AG69: Late Life (16 to 25 yr) | AH69: 52.218535 | AI69: =AH69*(36/33) -> 56.965675 | AJ69: checked | AK69: x
P70: Longitudinal Stress Range at Cap, MPa (PCD) | Q70: Early Life (1 to 9 yr) | R70: 92.367904 | S70: =R70*(36/33) -> 100.76499 | T70: checked | U70: x | X70: Longitudinal Stress Range at Cap, MPa (PCD) | Y70: Early Life (1 to 9 yr) | Z70: 37.953764 | AA70: =Z70*(36/33) -> 41.404106 | AB70: checked | AC70: x | AF70: Longitudinal Stress Range at Cap, MPa (PCD) | AG70: Early Life (1 to 9 yr) | AH70: 26.337492 | AI70: =AH70*(36/33) -> 28.731809 | AJ70: checked | AK70: x
Q71: Mid Life (10 to 15 yr) | R71: 55.78632 | S71: =R71*(36/33) -> 60.857804 | Y71: Mid Life (10 to 15 yr) | Z71: 41.249908 | AA71: =Z71*(33/30) -> 45.374899 | AG71: Mid Life (10 to 15 yr) | AH71: 28.110828 | AI71: =AH71*(33/30) -> 30.921911
Q72: Late Life (16 to 25 yr) | R72: 57.256328 | S72: =R72*(36/33) -> 62.461449 | T72: checked | U72: x | Y72: Late Life (16 to 25 yr) | Z72: 41.405488 | AA72: =Z72*(36/33) -> 45.169623 | AB72: checked | AC72: x | AG72: Late Life (16 to 25 yr) | AH72: 27.449956 | AI72: =AH72*(36/33) -> 29.945407 | AJ72: checked | AK72: x
P73: Longitudinal Stress Range at Cap, MPa (Between Hot Oiling) | Q73: Early Life (1 to 9 yr) | R73: 237.90602 | S73: =R73*(36/33) -> 259.53384 | T73: checked | U73: x | X73: Longitudinal Stress Range at Cap, MPa (Between Hot Oiling) | Y73: Early Life (1 to 9 yr) | Z73: 38.940152 | AA73: =Z73*(36/33) -> 42.480166 | AB73: checked | AC73: x | AF73: Longitudinal Stress Range at Cap, MPa (Between Hot Oiling) | AG73: Early Life (1 to 9 yr) | AH73: 36.793351 | AI73: =AH73*(36/33) -> 40.138201 | AJ73: checked | AK73: x
Q74: Mid Life (10 to 15 yr) | R74: 240.57435 | S74: =R74*(36/33) -> 262.44475 | Y74: Mid Life (10 to 15 yr) | Z74: 48.844028 | AA74: =Z74*(33/30) -> 53.728431 | AG74: Mid Life (10 to 15 yr) | AH74: 35.894967 | AI74: =AH74*(33/30) -> 39.484464
Q75: Late Life (16 to 25 yr) | R75: 246.13828 | S75: =R75*(36/33) -> 268.51449 | T75: checked | U75: x | Y75: Late Life (16 to 25 yr) | Z75: 48.323404 | AA75: =Z75*(36/33) -> 52.716441 | AB75: checked | AC75: x | AG75: Late Life (16 to 25 yr) | AH75: 40.05673 | AI75: =AH75*(36/33) -> 43.69825 | AJ75: checked | AK75: x
P76: Longitudinal Stress Range at CAP (Hydrotest), MPa | R76: 315.70314 | S76: =R76*(36/36) -> 315.70314 | T76: checked | U76: x | X76: Longitudinal Stress Range at CAP (Hydrotest), MPa | Z76: 198.49409 | AA76: =Z76*(36/36) -> 198.49409 | AB76: checked | AC76: x | AF76: Longitudinal Stress Range at CAP (Hydrotest), MPa | AH76: 140.8 | AI76: =AH76*(36/36) -> 140.8 | AJ76: checked | AK76: x

Sheet BE-HE_P2toP1
P1: Strain and Stress Ranges | R1: BE-HE | X1: Strain and Stress Ranges | Z1: BE-HE | AF1: Strain and Stress Ranges | AH1: BE-HE
O2: 10in | P2: Max. Axial Mechanical Tensile Strain OD (Hydrotest) | W2: 10in | X2: Max. Axial Mechanical Tensile Strain OD (Hydrotest) | AE2: 10in | AF2: Max. Axial Mechanical Tensile Strain OD (Hydrotest)
O3: Sleeper | P3: Max. Axial Total Tensile Strain OD (Hydrotest) | W3: Structure | X3: Max. Axial Total Tensile Strain OD (Hydrotest) | AE3: Other | AF3: Max. Axial Total Tensile Strain OD (Hydrotest)
P4: Max. Axial Mechanical Tensile Strain ID (Hydrotest) | X4: Max. Axial Mechanical Tensile Strain ID (Hydrotest) | AF4: Max. Axial Mechanical Tensile Strain ID (Hydrotest)
P5: Max. Axial Total Tensile Strain ID (Hydrotest) | X5: Max. Axial Total Tensile Strain ID (Hydrotest) | AF5: Max. Axial Total Tensile Strain ID (Hydrotest)
P6: Max. Axial Mechanical Tensile Strain OD (Design) | X6: Max. Axial Mechanical Tensile Strain OD (Design) | AF6: Max. Axial Mechanical Tensile Strain OD (Design)
P7: Max. Axial Total Tensile Strain OD (Design) | X7: Max. Axial Total Tensile Strain OD (Design) | AF7: Max. Axial Total Tensile Strain OD (Design)
P8: Max. Axial Mechanical Tensile Strain ID (Design) | X8: Max. Axial Mechanical Tensile Strain ID (Design) | AF8: Max. Axial Mechanical Tensile Strain ID (Design)
P9: Max. Axial Total Tensile Strain ID (Design) | X9: Max. Axial Total Tensile Strain ID (Design) | AF9: Max. Axial Total Tensile Strain ID (Design)
P10: Max. Axial Mechanical Tensile Strain OD (Early Life) | X10: Max. Axial Mechanical Tensile Strain OD (Early Life) | AF10: Max. Axial Mechanical Tensile Strain OD (Early Life)
P11: Max. Axial Total Tensile Strain OD (Early Life) | X11: Max. Axial Total Tensile Strain OD (Early Life) | AF11: Max. Axial Total Tensile Strain OD (Early Life)
P12: Max. Axial Mechanical Tensile Strain ID (Early Life) | X12: Max. Axial Mechanical Tensile Strain ID (Early Life) | AF12: Max. Axial Mechanical Tensile Strain ID (Early Life)
P13: Max. Axial Total Tensile Strain ID (Early Life) | X13: Max. Axial Total Tensile Strain ID (Early Life) | AF13: Max. Axial Total Tensile Strain ID (Early Life)
P14: Max. Axial Mechanical Tensile Strain OD (Late Life) | X14: Max. Axial Mechanical Tensile Strain OD (Late Life) | AF14: Max. Axial Mechanical Tensile Strain OD (Late Life)
P15: Max. Axial Total Tensile Strain OD (Late Life) | X15: Max. Axial Total Tensile Strain OD (Late Life) | AF15: Max. Axial Total Tensile Strain OD (Late Life)
... P17: Max. Axial Total Tensile Strain ID (Late Life) | X17: Max. Axial Total Tensile Strain ID (Late Life) | AF17: Max. Axial Total Tensile Strain ID (Late Life)
P18: Longitudinal Stress Range at MidWall, MPa (FCD) | Q18: Early Life (1 to 9 yr) | S18: =R18*(33/30) -> 0 | T18: checked | U18: x | X18: Longitudinal Stress Range at MidWall, MPa (FCD) | Y18: Early Life (1 to 15 yr) | AA18: =Z18*(33/30) -> 0 | AB18: checked | AC18: x | AF18: Longitudinal Stress Range at MidWall, MPa (FCD) | AG18: Early Life (1 to 9 yr) | AI18: =AH18*(33/30) -> 0 | AJ18: checked | AK18: x
Q19: Mid Life (10 to 15 yr) | S19: =R19*(33/30) -> 0 | Y19: Mid Life (10 to 15 yr) | AA19: =Z19*(33/30) -> 0 | AG19: Mid Life (10 to 15 yr) | AI19: =AH19*(33/30) -> 0
Q20: Late Life (16 to 25 yr) | S20: =R20*(33/30) -> 0 | T20: checked | U20: x | Y20: Late Life (16 to 25 yr) | AA20: =Z20*(33/30) -> 0 | AB20: checked | AC20: x | AG20: Late Life (16 to 25 yr) | AI20: =AH20*(33/30) -> 0 | AJ20: checked | AK20: x
P21: Longitudinal Stress Range at MidWall, MPa (PCD) | Q21: Early Life (1 to 9 yr) | S21: =R21*(33/30) -> 0 | T21: checked | U21: x | X21: Longitudinal Stress Range at MidWall, MPa (PCD) | Y21: Early Life (1 to 9 yr) | AA21: =Z21*(33/30) -> 0 | AB21: checked | AC21: x | AF21: Longitudinal Stress Range at MidWall, MPa (PCD) | AG21: Early Life (1 to 9 yr) | AI21: =AH21*(33/30) -> 0 | AJ21: checked | AK21: x
Q22: Mid Life (10 to 15 yr) | S22: =R22*(33/30) -> 0 | Y22: Mid Life (10 to 15 yr) | AA22: =Z22*(33/30) -> 0 | AG22: Mid Life (10 to 15 yr) | AI22: =AH22*(33/30) -> 0
Q23: Late Life (16 to 25 yr) | S23: =R23*(33/30) -> 0 | T23: checked | U23: x | Y23: Late Life (16 to 25 yr) | AA23: =Z23*(33/30) -> 0 | AB23: checked | AC23: x | AG23: Late Life (16 to 25 yr) | AI23: =AH23*(33/30) -> 0 | AJ23: checked | AK23: x
P24: Longitudinal Stress Range at MidWall, MPa (Between Hot Oiling) | Q24: Early Life (1 to 9 yr) | S24: =R24*(33/30) -> 0 | T24: checked | U24: x | X24: Longitudinal Stress Range at MidWall, MPa (Between Hot Oiling) | Y24: Early Life (1 to 9 yr) | AA24: =Z24*(33/30) -> 0 | AB24: checked | AC24: x | AF24: Longitudinal Stress Range at MidWall, MPa (Between Hot Oiling) | AG24: Early Life (1 to 9 yr) | AI24: =AH24*(33/30) -> 0 | AJ24: checked | AK24: x
Q25: Mid Life (10 to 15 yr) | S25: =R25*(33/30) -> 0 | Y25: Mid Life (10 to 15 yr) | AA25: =Z25*(33/30) -> 0 | AG25: Mid Life (10 to 15 yr) | AI25: =AH25*(33/30) -> 0 | AJ25: checked
Q26: Late Life (16 to 25 yr) | S26: =R26*(33/30) -> 0 | T26: checked | U26: x | Y26: Late Life (16 to 25 yr) | AA26: =Z26*(33/30) -> 0 | AB26: checked | AC26: x | AG26: Late Life (16 to 25 yr) | AI26: =AH26*(33/30) -> 0 | AJ26: checked | AK26: x
P27: Longitudinal Stress Range at Midwall (Hydrotest), MPa | R27: 257.69429 | S27: =R27*(33/33) -> 257.69429 | T27: checked | U27: x | X27: Longitudinal Stress Range at Midwall (Hydrotest), MPa | Z27: 163.51738 | AA27: =Z27*(33/33) -> 163.51738 | AB27: checked | AC27: x | AF27: Longitudinal Stress Range at Midwall (Hydrotest), MPa | AH27: 142.3 | AI27: =AH27 -> 142.3 | AJ27: checked | AK27: x
P28: Longitudinal Stress Range at Cap, MPa (FCD) | Q28: Early Life (1 to 9 yr) | S28: =R28*(33/30) -> 0 | T28: checked | U28: x | X28: Longitudinal Stress Range at Cap, MPa (FCD) | Y28: Early Life (1 to 9 yr) | AA28: =Z28*(33/30) -> 0 | AB28: checked | AC28: x | AF28: Longitudinal Stress Range at Cap, MPa (FCD) | AG28: Early Life (1 to 9 yr) | AI28: =AH28*(33/30) -> 0 | AJ28: checked | AK28: x
Q29: Mid Life (10 to 15 yr) | S29: =R29*(33/30) -> 0 | Y29: Mid Life (10 to 15 yr) | AA29: =Z29*(33/30) -> 0 | AG29: Mid Life (10 to 15 yr) | AI29: =AH29*(33/30) -> 0
Q30: Late Life (16 to 25 yr) | S30: =R30*(33/30) -> 0 | T30: checked | U30: x | Y30: Late Life (16 to 25 yr) | AA30: =Z30*(33/30) -> 0 | AB30: checked | AC30: x | AG30: Late Life (16 to 25 yr) | AI30: =AH30*(33/30) -> 0 | AJ30: checked | AK30: x
P31: Longitudinal Stress Range at Cap, MPa (PCD) | Q31: Early Life (1 to 9 yr) | S31: =R31*(33/30) -> 0 | T31: checked | U31: x | X31: Longitudinal Stress Range at Cap, MPa (PCD) | Y31: Early Life (1 to 9 yr) | AA31: =Z31*(33/30) -> 0 | AB31: checked | AC31: x | AF31: Longitudinal Stress Range at Cap, MPa (PCD) | AG31: Early Life (1 to 9 yr) | AI31: =AH31*(33/30) -> 0 | AJ31: checked | AK31: x
Q32: Mid Life (10 to 15 yr) | S32: =R32*(33/30) -> 0 | Y32: Mid Life (10 to 15 yr) | AA32: =Z32*(33/30) -> 0 | AG32: Mid Life (10 to 15 yr) | AI32: =AH32*(33/30) -> 0
Q33: Late Life (16 to 25 yr) | S33: =R33*(33/30) -> 0 | T33: checked | U33: x | Y33: Late Life (16 to 25 yr) | AA33: =Z33*(33/30) -> 0 | AB33: checked | AC33: x | AG33: Late Life (16 to 25 yr) | AI33: =AH33*(33/30) -> 0 | AJ33: checked | AK33: x
P34: Longitudinal Stress Range at Cap, MPa (Between Hot Oiling) | Q34: Early Life (1 to 9 yr) | S34: =R34*(33/30) -> 0 | T34: checked | U34: x | X34: Longitudinal Stress Range at Cap, MPa (Between Hot Oiling) | Y34: Early Life (1 to 9 yr) | AA34: =Z34*(33/30) -> 0 | AB34: checked | AC34: x | AF34: Longitudinal Stress Range at Cap, MPa (Between Hot Oiling) | AG34: Early Life (1 to 9 yr) | AI34: =AH34*(33/30) -> 0 | AJ34: checked | AK34: x
Q35: Mid Life (10 to 15 yr) | S35: =R35*(33/30) -> 0 | Y35: Mid Life (10 to 15 yr) | AA35: =Z35*(33/30) -> 0 | AG35: Mid Life (10 to 15 yr) | AI35: =AH35*(33/30) -> 0
Q36: Late Life (16 to 25 yr) | S36: =R36*(33/30) -> 0 | T36: checked | U36: x | Y36: Late Life (16 to 25 yr) | AA36: =Z36*(33/30) -> 0 | AB36: checked | AC36: x | AG36: Late Life (16 to 25 yr) | AI36: =AH36*(33/30) -> 0 | AJ36: checked | AK36: x
P37: Longitudinal Stress Range at CAP (Hydrotest), MPa | R37: 277.22238 | S37: =R37*(33/33) -> 277.22238 | T37: checked | U37: x | X37: Longitudinal Stress Range at CAP (Hydrotest), MPa | Z37: 172.1276 | AA37: =Z37*(33/33) -> 172.1276 | AB37: checked | AC37: x | AF37: Longitudinal Stress Range at CAP (Hydrotest), MPa | AH37: 146.1 | AI37: =AH37*(33/33) -> 146.1 | AJ37: checked | AK37: x
P40: Strain and Stress Ranges | R40: BE-HE | T40: BE-BE | U40: HE-BE | V40: Input for ECA | X40: Strain and Stress Ranges | Z40: BE-HE | AB40: BE-BE | AC40: HE-BE | AD40: Input for ECA | AF40: Strain and Stress Ranges | AH40: BE-HE | AJ40: BE-BE | AK40: HE-BE | AL40: Input for ECA
O41: 12in | P41: Max. Axial Mechanical Tensile Strain OD (Hydrotest) | W41: 12in | X41: Max. Axial Mechanical Tensile Strain OD (Hydrotest) | AE41: 12in | AF41: Max. Axial Mechanical Tensile Strain OD (Hydrotest)
O42: Sleeper | P42: Max. Axial Total Tensile Strain OD (Hydrotest) | W42: Structure | X42: Max. Axial Total Tensile Strain OD (Hydrotest) | AE42: Other | AF42: Max. Axial Total Tensile Strain OD (Hydrotest)
P43: Max. Axial Mechanical Tensile Strain ID (Hydrotest) | X43: Max. Axial Mechanical Tensile Strain ID (Hydrotest) | AF43: Max. Axial Mechanical Tensile Strain ID (Hydrotest)
P44: Max. Axial Total Tensile Strain ID (Hydrotest) | X44: Max. Axial Total Tensile Strain ID (Hydrotest) | AF44: Max. Axial Total Tensile Strain ID (Hydrotest)
P45: Max. Axial Mechanical Tensile Strain OD (Design) | X45: Max. Axial Mechanical Tensile Strain OD (Design) | AF45: Max. Axial Mechanical Tensile Strain OD (Design)
P46: Max. Axial Total Tensile Strain OD (Design) | X46: Max. Axial Total Tensile Strain OD (Design) | AF46: Max. Axial Total Tensile Strain OD (Design)
P47: Max. Axial Mechanical Tensile Strain ID (Design) | X47: Max. Axial Mechanical Tensile Strain ID (Design) | AF47: Max. Axial Mechanical Tensile Strain ID (Design)
P48: Max. Axial Total Tensile Strain ID (Design) | X48: Max. Axial Total Tensile Strain ID (Design) | AF48: Max. Axial Total Tensile Strain ID (Design)
P49: Max. Axial Mechanical Tensile Strain OD (Early Life) | X49: Max. Axial Mechanical Tensile Strain OD (Early Life) | AF49: Max. Axial Mechanical Tensile Strain OD (Early Life)
P50: Max. Axial Total Tensile Strain OD (Early Life) | X50: Max. Axial Total Tensile Strain OD (Early Life) | AF50: Max. Axial Total Tensile Strain OD (Early Life)
P51: Max. Axial Mechanical Tensile Strain ID (Early Life) | X51: Max. Axial Mechanical Tensile Strain ID (Early Life) | AF51: Max. Axial Mechanical Tensile Strain ID (Early Life)
P52: Max. Axial Total Tensile Strain ID (Early Life) | X52: Max. Axial Total Tensile Strain ID (Early Life) | AF52: Max. Axial Total Tensile Strain ID (Early Life)
P53: Max. Axial Mechanical Tensile Strain OD (Late Life) | X53: Max. Axial Mechanical Tensile Strain OD (Late Life) | AF53: Max. Axial Mechanical Tensile Strain OD (Late Life)
P54: Max. Axial Total Tensile Strain OD (Late Life) | X54: Max. Axial Total Tensile Strain OD (Late Life) | AF54: Max. Axial Total Tensile Strain OD (Late Life)
... P56: Max. Axial Total Tensile Strain ID (Late Life) | X56: Max. Axial Total Tensile Strain ID (Late Life) | AF56: Max. Axial Total Tensile Strain ID (Late Life)
P57: Longitudinal Stress Range at MidWall, MPa (FCD) | Q57: Early Life (1 to 9 yr) | S57: =R57*(36/33) -> 0 | T57: checked | U57: x | X57: Longitudinal Stress Range at MidWall, MPa (FCD) | Y57: Early Life (1 to 9 yr) | AA57: =Z57*(36/33) -> 0 | AB57: checked | AC57: x | AF57: Longitudinal Stress Range at MidWall, MPa (FCD) | AG57: Early Life (1 to 9 yr) | AI57: =AH57*(36/33) -> 0 | AJ57: checked | AK57: x
Q58: Mid Life (10 to 15 yr) | S58: =R58*(36/33) -> 0 | Y58: Mid Life (10 to 15 yr) | AA58: =Z58*(33/30) -> 0 | AG58: Mid Life (10 to 15 yr) | AI58: =AH58*(33/30) -> 0
Q59: Late Life (16 to 25 yr) | S59: =R59*(36/33) -> 0 | T59: checked | U59: x | Y59: Late Life (16 to 25 yr) | AA59: =Z59*(36/33) -> 0 | AB59: checked | AC59: x | AG59: Late Life (16 to 25 yr) | AI59: =AH59*(36/33) -> 0 | AJ59: checked | AK59: x
P60: Longitudinal Stress Range at MidWall, MPa (PCD) | Q60: Early Life (1 to 9 yr) | S60: =R60*(36/33) -> 0 | T60: checked | U60: x | X60: Longitudinal Stress Range at MidWall, MPa (PCD) | Y60: Early Life (1 to 9 yr) | AA60: =Z60*(36/33) -> 0 | AB60: checked | AC60: x | AF60: Longitudinal Stress Range at MidWall, MPa (PCD) | AG60: Early Life (1 to 9 yr) | AI60: =AH60*(36/33) -> 0 | AJ60: checked | AK60: x
Q61: Mid Life (10 to 15 yr) | S61: =R61*(36/33) -> 0 | Y61: Mid Life (10 to 15 yr) | AA61: =Z61*(33/30) -> 0 | AG61: Mid Life (10 to 15 yr) | AI61: =AH61*(33/30) -> 0
Q62: Late Life (16 to 25 yr) | S62: =R62*(36/33) -> 0 | T62: checked | U62: x | Y62: Late Life (16 to 25 yr) | AA62: =Z62*(36/33) -> 0 | AB62: checked | AC62: x | AG62: Late Life (16 to 25 yr) | AI62: =AH62*(36/33) -> 0 | AJ62: checked | AK62: x
P63: Longitudinal Stress Range at MidWall, MPa (Between Hot Oiling) | Q63: Early Life (1 to 9 yr) | S63: =R63*(36/33) -> 0 | T63: checked | U63: x | X63: Longitudinal Stress Range at MidWall, MPa (Between Hot Oiling) | Y63: Early Life (1 to 9 yr) | AA63: =Z63*(36/33) -> 0 | AB63: checked | AC63: x | AF63: Longitudinal Stress Range at MidWall, MPa (Between Hot Oiling) | AG63: Early Life (1 to 9 yr) | AI63: =AH63*(36/33) -> 0 | AJ63: checked | AK63: x
Q64: Mid Life (10 to 15 yr) | S64: =R64*(36/33) -> 0 | Y64: Mid Life (10 to 15 yr) | AA64: =Z64*(33/30) -> 0 | AG64: Mid Life (10 to 15 yr) | AI64: =AH64*(33/30) -> 0
Q65: Late Life (16 to 25 yr) | S65: =R65*(36/33) -> 0 | T65: checked | U65: x | Y65: Late Life (16 to 25 yr) | AA65: =Z65*(36/33) -> 0 | AB65: checked | AC65: x | AG65: Late Life (16 to 25 yr) | AI65: =AH65*(36/33) -> 0 | AJ65: checked | AK65: x
P66: Longitudinal Stress Range at Midwall (Hydrotest), MPa | R66: 295.08974 | S66: =R66*(36/36) -> 295.08974 | T66: checked | U66: x | X66: Longitudinal Stress Range at Midwall (Hydrotest), MPa | Z66: 189.05129 | AA66: =Z66*(36/36) -> 189.05129 | AB66: checked | AC66: x | AF66: Longitudinal Stress Range at Midwall (Hydrotest), MPa | AH66: 139.4 | AI66: =AH66*(36/36) -> 139.4 | AJ66: checked | AK66: x
P67: Longitudinal Stress Range at Cap, MPa (FCD) | Q67: Early Life (1 to 9 yr) | S67: =R67*(36/33) -> 0 | T67: checked | U67: x | X67: Longitudinal Stress Range at Cap, MPa (FCD) | Y67: Early Life (1 to 9 yr) | AA67: =Z67*(36/33) -> 0 | AB67: checked | AC67: x | AF67: Longitudinal Stress Range at Cap, MPa (FCD) | AG67: Early Life (1 to 9 yr) | AI67: =AH67*(36/33) -> 0 | AJ67: checked | AK67: x
Q68: Mid Life (10 to 15 yr) | S68: =R68*(36/33) -> 0 | Y68: Mid Life (10 to 15 yr) | AA68: =Z68*(33/30) -> 0 | AG68: Mid Life (10 to 15 yr) | AI68: =AH68*(33/30) -> 0
Q69: Late Life (16 to 25 yr) | S69: =R69*(36/33) -> 0 | T69: checked | U69: x | Y69: Late Life (16 to 25 yr) | AA69: =Z69*(36/33) -> 0 | AB69: checked | AC69: x | AG69: Late Life (16 to 25 yr) | AI69: =AH69*(36/33) -> 0 | AJ69: checked | AK69: x
P70: Longitudinal Stress Range at Cap, MPa (PCD) | Q70: Early Life (1 to 9 yr) | S70: =R70*(36/33) -> 0 | T70: checked | U70: x | X70: Longitudinal Stress Range at Cap, MPa (PCD) | Y70: Early Life (1 to 9 yr) | AA70: =Z70*(36/33) -> 0 | AB70: checked | AC70: x | AF70: Longitudinal Stress Range at Cap, MPa (PCD) | AG70: Early Life (1 to 9 yr) | AI70: =AH70*(36/33) -> 0 | AJ70: checked | AK70: x
Q71: Mid Life (10 to 15 yr) | S71: =R71*(36/33) -> 0 | Y71: Mid Life (10 to 15 yr) | AA71: =Z71*(33/30) -> 0 | AG71: Mid Life (10 to 15 yr) | AI71: =AH71*(33/30) -> 0
Q72: Late Life (16 to 25 yr) | S72: =R72*(36/33) -> 0 | T72: checked | U72: x | Y72: Late Life (16 to 25 yr) | AA72: =Z72*(36/33) -> 0 | AB72: checked | AC72: x | AG72: Late Life (16 to 25 yr) | AI72: =AH72*(36/33) -> 0 | AJ72: checked | AK72: x
P73: Longitudinal Stress Range at Cap, MPa (Between Hot Oiling) | Q73: Early Life (1 to 9 yr) | S73: =R73*(36/33) -> 0 | T73: checked | U73: x | X73: Longitudinal Stress Range at Cap, MPa (Between Hot Oiling) | Y73: Early Life (1 to 9 yr) | AA73: =Z73*(36/33) -> 0 | AB73: checked | AC73: x | AF73: Longitudinal Stress Range at Cap, MPa (Between Hot Oiling) | AG73: Early Life (1 to 9 yr) | AI73: =AH73*(36/33) -> 0 | AJ73: checked | AK73: x
Q74: Mid Life (10 to 15 yr) | S74: =R74*(36/33) -> 0 | Y74: Mid Life (10 to 15 yr) | AA74: =Z74*(33/30) -> 0 | AG74: Mid Life (10 to 15 yr) | AI74: =AH74*(33/30) -> 0
Q75: Late Life (16 to 25 yr) | S75: =R75*(36/33) -> 0 | T75: checked | U75: x | Y75: Late Life (16 to 25 yr) | AA75: =Z75*(36/33) -> 0 | AB75: checked | AC75: x | AG75: Late Life (16 to 25 yr) | AI75: =AH75*(36/33) -> 0 | AJ75: checked | AK75: x
P76: Longitudinal Stress Range at CAP (Hydrotest), MPa | R76: 315.70314 | S76: =R76*(36/36) -> 315.70314 | T76: checked | U76: x | X76: Longitudinal Stress Range at CAP (Hydrotest), MPa | Z76: 198.49409 | AA76: =Z76*(36/36) -> 198.49409 | AB76: checked | AC76: x | AF76: Longitudinal Stress Range at CAP (Hydrotest), MPa | AH76: 140.8 | AI76: =AH76*(36/36) -> 140.8 | AJ76: checked | AK76: x

Sheet BE-BE_P1toP2
P1: Strain and Stress Ranges | R1: BE-BE | X1: Strain and Stress Ranges | Z1: BE-BE | AF1: Strain and Stress Ranges | AH1: BE-BE
O2: 10in | P2: Max. Axial Mechanical Tensile Strain OD (Hydrotest) | W2: 10in | X2: Max. Axial Mechanical Tensile Strain OD (Hydrotest) | AE2: 10in | AF2: Max. Axial Mechanical Tensile Strain OD (Hydrotest)
O3: Sleeper | P3: Max. Axial Total Tensile Strain OD (Hydrotest) | W3: Structure | X3: Max. Axial Total Tensile Strain OD (Hydrotest) | AE3: Other | AF3: Max. Axial Total Tensile Strain OD (Hydrotest)
P4: Max. Axial Mechanical Tensile Strain ID (Hydrotest) | X4: Max. Axial Mechanical Tensile Strain ID (Hydrotest) | AF4: Max. Axial Mechanical Tensile Strain ID (Hydrotest)
P5: Max. Axial Total Tensile Strain ID (Hydrotest) | X5: Max. Axial Total Tensile Strain ID (Hydrotest) | AF5: Max. Axial Total Tensile Strain ID (Hydrotest)
P6: Max. Axial Mechanical Tensile Strain OD (Design) | X6: Max. Axial Mechanical Tensile Strain OD (Design) | AF6: Max. Axial Mechanical Tensile Strain OD (Design)
P7: Max. Axial Total Tensile Strain OD (Design) | X7: Max. Axial Total Tensile Strain OD (Design) | AF7: Max. Axial Total Tensile Strain OD (Design)
P8: Max. Axial Mechanical Tensile Strain ID (Design) | X8: Max. Axial Mechanical Tensile Strain ID (Design) | AF8: Max. Axial Mechanical Tensile Strain ID (Design)
P9: Max. Axial Total Tensile Strain ID (Design) | X9: Max. Axial Total Tensile Strain ID (Design) | AF9: Max. Axial Total Tensile Strain ID (Design)
P10: Max. Axial Mechanical Tensile Strain OD (Early Life) | X10: Max. Axial Mechanical Tensile Strain OD (Early Life) | AF10: Max. Axial Mechanical Tensile Strain OD (Early Life)
P11: Max. Axial Total Tensile Strain OD (Early Life) | X11: Max. Axial Total Tensile Strain OD (Early Life) | AF11: Max. Axial Total Tensile Strain OD (Early Life)
P12: Max. Axial Mechanical Tensile Strain ID (Early Life) | X12: Max. Axial Mechanical Tensile Strain ID (Early Life) | AF12: Max. Axial Mechanical Tensile Strain ID (Early Life)
P13: Max. Axial Total Tensile Strain ID (Early Life) | X13: Max. Axial Total Tensile Strain ID (Early Life) | AF13: Max. Axial Total Tensile Strain ID (Early Life)
P14: Max. Axial Mechanical Tensile Strain OD (Late Life) | X14: Max. Axial Mechanical Tensile Strain OD (Late Life) | AF14: Max. Axial Mechanical Tensile Strain OD (Late Life)
P15: Max. Axial Total Tensile Strain OD (Late Life) | X15: Max. Axial Total Tensile Strain OD (Late Life) | AF15: Max. Axial Total Tensile Strain OD (Late Life)
... P17: Max. Axial Total Tensile Strain ID (Late Life) | X17: Max. Axial Total Tensile Strain ID (Late Life) | AF17: Max. Axial Total Tensile Strain ID (Late Life)
P18: Longitudinal Stress Range at MidWall, MPa (FCD) | Q18: Early Life (1 to 9 yr) | R18: 237.92414 | S18: =R18*(33/30) -> 261.71655 | T18: checked | U18: x | X18: Longitudinal Stress Range at MidWall, MPa (FCD) | Y18: Early Life (1 to 9 yr) | Z18: 80.831584 | AA18: =Z18*(33/30) -> 88.914742 | AB18: checked | AC18: x | AF18: Longitudinal Stress Range at MidWall, MPa (FCD) | AG18: Early Life (1 to 9 yr) | AH18: 52.857608 | AI18: =AH18*(33/30) -> 58.143369 | AJ18: checked | AK18: x
Q19: Mid Life (10 to 15 yr) | R19: 228.96671 | S19: =R19*(33/30) -> 251.86338 | Y19: Mid Life (10 to 15 yr) | Z19: 82.687432 | AA19: =Z19*(33/30) -> 90.956175 | AG19: Mid Life (10 to 15 yr) | AH19: 52.49224 | AI19: =AH19*(33/30) -> 57.741464
Q20: Late Life (16 to 25 yr) | R20: 231.05079 | S20: =R20*(33/30) -> 254.15587 | T20: checked | U20: x | Y20: Late Life (16 to 25 yr) | Z20: 83.623908 | AA20: =Z20*(33/30) -> 91.986299 | AB20: checked | AC20: x | AG20: Late Life (16 to 25 yr) | AH20: 52.481115 | AI20: =AH20*(33/30) -> 57.729227 | AJ20: checked | AK20: x
P21: Longitudinal Stress Range at MidWall, MPa (PCD) | Q21: Early Life (1 to 9 yr) | R21: 88.525586 | S21: =R21*(33/30) -> 97.378145 | T21: checked | U21: x | X21: Longitudinal Stress Range at MidWall, MPa (PCD) | Y21: Early Life (1 to 9 yr) | Z21: 46.638424 | AA21: =Z21*(33/30) -> 51.302266 | AB21: checked | AC21: x | AF21: Longitudinal Stress Range at MidWall, MPa (PCD) | AG21: Early Life (1 to 9 yr) | AH21: 25.970224 | AI21: =AH21*(33/30) -> 28.567246 | AJ21: checked | AK21: x
Q22: Mid Life (10 to 15 yr) | R22: 64.188312 | S22: =R22*(33/30) -> 70.607143 | Y22: Mid Life (10 to 15 yr) | Z22: 35.035524 | AA22: =Z22*(33/30) -> 38.539076 | AG22: Mid Life (10 to 15 yr) | AH22: 19.599053 | AI22: =AH22*(33/30) -> 21.558958
Q23: Late Life (16 to 25 yr) | R23: 66.631252 | S23: =R23*(33/30) -> 73.294377 | T23: checked | U23: x | Y23: Late Life (16 to 25 yr) | Z23: 34.068908 | AA23: =Z23*(33/30) -> 37.475799 | AB23: checked | AC23: x | AG23: Late Life (16 to 25 yr) | AH23: 22.550618 | AI23: =AH23*(33/30) -> 24.80568 | AJ23: checked | AK23: x
P24: Longitudinal Stress Range at MidWall, MPa (Between Hot Oiling) | Q24: Early Life (1 to 9 yr) | R24: 235.15484 | S24: =R24*(33/30) -> 258.67033 | T24: checked | U24: x | X24: Longitudinal Stress Range at MidWall, MPa (Between Hot Oiling) | Y24: Early Life (1 to 15 yr) | Z24: 54.7664 | AA24: =Z24*(33/30) -> 60.24304 | AB24: checked | AC24: x | AF24: Longitudinal Stress Range at MidWall, MPa (Between Hot Oiling) | AG24: Early Life (1 to 9 yr) | AH24: 34.840507 | AI24: =AH24*(33/30) -> 38.324558 | AJ24: checked | AK24: x
Q25: Mid Life (10 to 15 yr) | R25: 166.43383 | S25: =R25*(33/30) -> 183.07721 | Y25: Mid Life (10 to 15 yr) | Z25: 50.820504 | AA25: =Z25*(33/30) -> 55.902554 | AG25: Mid Life (10 to 15 yr) | AH25: 29.879916 | AI25: =AH25*(33/30) -> 32.867908
Q26: Late Life (16 to 25 yr) | R26: 166.50995 | S26: =R26*(33/30) -> 183.16094 | T26: checked | U26: x | Y26: Late Life (16 to 25 yr) | Z26: 52.793888 | AA26: =Z26*(33/30) -> 58.073277 | AB26: checked | AC26: x | AG26: Late Life (16 to 25 yr) | AH26: 31.69288 | AI26: =AH26*(33/30) -> 34.862167 | AJ26: checked | AK26: x
P27: Longitudinal Stress Range at Midwall (Hydrotest), MPa | R27: 276.39056 | S27: =R27*(33/33) -> 276.39056 | T27: checked | U27: x | X27: Longitudinal Stress Range at Midwall (Hydrotest), MPa | Z27: 178.26163 | AA27: =Z27*(33/33) -> 178.26163 | AB27: checked | AC27: x | AF27: Longitudinal Stress Range at Midwall (Hydrotest), MPa | AH27: 170.5 | AI27: =AH27*(33/33) -> 170.5 | AJ27: checked | AK27: x
P28: Longitudinal Stress Range at Cap, MPa (FCD) | Q28: Early Life (1 to 9 yr) | R28: 269.57085 | S28: =R28*(33/30) -> 296.52793 | T28: checked | U28: x | X28: Longitudinal Stress Range at Cap, MPa (FCD) | Y28: Early Life (1 to 9 yr) | Z28: 86.15708 | AA28: =Z28*(33/30) -> 94.772788 | AB28: checked | AC28: x | AF28: Longitudinal Stress Range at Cap, MPa (FCD) | AG28: Early Life (1 to 9 yr) | AH28: 53.011371 | AI28: =AH28*(33/30) -> 58.312508 | AJ28: checked | AK28: x
Q29: Mid Life (10 to 15 yr) | R29: 257.64983 | S29: =R29*(33/30) -> 283.41481 | Y29: Mid Life (10 to 15 yr) | Z29: 88.073056 | AA29: =Z29*(33/30) -> 96.880362 | AG29: Mid Life (10 to 15 yr) | AH29: 52.62682 | AI29: =AH29*(33/30) -> 57.889502
Q30: Late Life (16 to 25 yr) | R30: 260.14455 | S30: =R30*(33/30) -> 286.159 | T30: checked | U30: x | Y30: Late Life (16 to 25 yr) | Z30: 89.07167 | AA30: =Z30*(33/30) -> 97.978837 | AB30: checked | AC30: x | AG30: Late Life (16 to 25 yr) | AH30: 52.614821 | AI30: =AH30*(33/30) -> 57.876303 | AJ30: checked | AK30: x
P31: Longitudinal Stress Range at Cap, MPa (PCD) | Q31: Early Life (1 to 9 yr) | R31: 100.43367 | S31: =R31*(33/30) -> 110.47703 | T31: checked | U31: x | X31: Longitudinal Stress Range at Cap, MPa (PCD) | Y31: Early Life (1 to 9 yr) | Z31: 49.822712 | AA31: =Z31*(33/30) -> 54.804983 | AB31: checked | AC31: x | AF31: Longitudinal Stress Range at Cap, MPa (PCD) | AG31: Early Life (1 to 9 yr) | AH31: 26.333564 | AI31: =AH31*(33/30) -> 28.96692 | AJ31: checked | AK31: x
Q32: Mid Life (10 to 15 yr) | R32: 72.389316 | S32: =R32*(33/30) -> 79.628248 | Y32: Mid Life (10 to 15 yr) | Z32: 37.478496 | AA32: =Z32*(33/30) -> 41.226346 | AG32: Mid Life (10 to 15 yr) | AH32: 19.991138 | AI32: =AH32*(33/30) -> 21.990252
Q33: Late Life (16 to 25 yr) | R33: 75.211976 | S33: =R33*(33/30) -> 82.733174 | T33: checked | U33: x | Y33: Late Life (16 to 25 yr) | Z33: 36.477764 | AA33: =Z33*(33/30) -> 40.12554 | AB33: checked | AC33: x | AG33: Late Life (16 to 25 yr) | AH33: 23.142534 | AI33: =AH33*(33/30) -> 25.456787 | AJ33: checked | AK33: x
P34: Longitudinal Stress Range at Cap, MPa (Between Hot Oiling) | Q34: Early Life (1 to 9 yr) | R34: 262.62108 | S34: =R34*(33/30) -> 288.88319 | T34: checked | U34: x | X34: Longitudinal Stress Range at Cap, MPa (Between Hot Oiling) | Y34: Early Life (1 to 9 yr) | Z34: 59.24906 | AA34: =Z34*(33/30) -> 65.173966 | AB34: checked | AC34: x | AF34: Longitudinal Stress Range at Cap, MPa (Between Hot Oiling) | AG34: Early Life (1 to 9 yr) | AH34: 34.867995 | AI34: =AH34*(33/30) -> 38.354795 | AJ34: checked | AK34: x
Q35: Mid Life (10 to 15 yr) | R35: 185.31456 | S35: =R35*(33/30) -> 203.84602 | Y35: Mid Life (10 to 15 yr) | Z35: 55.394804 | AA35: =Z35*(33/30) -> 60.934284 | AG35: Mid Life (10 to 15 yr) | AH35: 30.125788 | AI35: =AH35*(33/30) -> 33.138366
Q36: Late Life (16 to 25 yr) | R36: 185.45806 | S36: =R36*(33/30) -> 204.00387 | T36: checked | U36: x | Y36: Late Life (16 to 25 yr) | Z36: 57.381052 | AA36: =Z36*(33/30) -> 63.119157 | AB36: checked | AC36: x | AG36: Late Life (16 to 25 yr) | AH36: 31.94841 | AI36: =AH36*(33/30) -> 35.14325 | AJ36: checked | AK36: x
P37: Longitudinal Stress Range at CAP (Hydrotest), MPa | R37: 296.29962 | S37: =R37*(33/33) -> 296.29962 | T37: checked | U37: x | X37: Longitudinal Stress Range at CAP (Hydrotest), MPa | Z37: 186.89988 | AA37: =Z37*(33/33) -> 186.89988 | AB37: checked | AC37: x | AF37: Longitudinal Stress Range at CAP (Hydrotest), MPa | AH37: 176 | AI37: =AH37*(33/33) -> 176 | AJ37: checked | AK37: x
P40: Strain and Stress Ranges | R40: BE-HE | T40: BE-BE | U40: HE-BE | V40: Input for ECA | X40: Strain and Stress Ranges | Z40: BE-HE | AB40: BE-BE | AC40: HE-BE | AD40: Input for ECA | AF40: Strain and Stress Ranges | AH40: BE-HE | AJ40: BE-BE | AK40: HE-BE | AL40: Input for ECA
O41: 12in | P41: Max. Axial Mechanical Tensile Strain OD (Hydrotest) | W41: 12in | X41: Max. Axial Mechanical Tensile Strain OD (Hydrotest) | AE41: 12in | AF41: Max. Axial Mechanical Tensile Strain OD (Hydrotest)
O42: Sleeper | P42: Max. Axial Total Tensile Strain OD (Hydrotest) | W42: Structure | X42: Max. Axial Total Tensile Strain OD (Hydrotest) | AE42: Other | AF42: Max. Axial Total Tensile Strain OD (Hydrotest)
P43: Max. Axial Mechanical Tensile Strain ID (Hydrotest) | X43: Max. Axial Mechanical Tensile Strain ID (Hydrotest) | AF43: Max. Axial Mechanical Tensile Strain ID (Hydrotest)
P44: Max. Axial Total Tensile Strain ID (Hydrotest) | X44: Max. Axial Total Tensile Strain ID (Hydrotest) | AF44: Max. Axial Total Tensile Strain ID (Hydrotest)
P45: Max. Axial Mechanical Tensile Strain OD (Design) | X45: Max. Axial Mechanical Tensile Strain OD (Design) | AF45: Max. Axial Mechanical Tensile Strain OD (Design)
P46: Max. Axial Total Tensile Strain OD (Design) | X46: Max. Axial Total Tensile Strain OD (Design) | AF46: Max. Axial Total Tensile Strain OD (Design)
P47: Max. Axial Mechanical Tensile Strain ID (Design) | X47: Max. Axial Mechanical Tensile Strain ID (Design) | AF47: Max. Axial Mechanical Tensile Strain ID (Design)
P48: Max. Axial Total Tensile Strain ID (Design) | X48: Max. Axial Total Tensile Strain ID (Design) | AF48: Max. Axial Total Tensile Strain ID (Design)
P49: Max. Axial Mechanical Tensile Strain OD (Early Life) | X49: Max. Axial Mechanical Tensile Strain OD (Early Life) | AF49: Max. Axial Mechanical Tensile Strain OD (Early Life)
P50: Max. Axial Total Tensile Strain OD (Early Life) | X50: Max. Axial Total Tensile Strain OD (Early Life) | AF50: Max. Axial Total Tensile Strain OD (Early Life)
P51: Max. Axial Mechanical Tensile Strain ID (Early Life) | X51: Max. Axial Mechanical Tensile Strain ID (Early Life) | AF51: Max. Axial Mechanical Tensile Strain ID (Early Life)
P52: Max. Axial Total Tensile Strain ID (Early Life) | X52: Max. Axial Total Tensile Strain ID (Early Life) | AF52: Max. Axial Total Tensile Strain ID (Early Life)
P53: Max. Axial Mechanical Tensile Strain OD (Late Life) | X53: Max. Axial Mechanical Tensile Strain OD (Late Life) | AF53: Max. Axial Mechanical Tensile Strain OD (Late Life)
P54: Max. Axial Total Tensile Strain OD (Late Life) | X54: Max. Axial Total Tensile Strain OD (Late Life) | AF54: Max. Axial Total Tensile Strain OD (Late Life)
... P56: Max. Axial Total Tensile Strain ID (Late Life) | X56: Max. Axial Total Tensile Strain ID (Late Life) | AF56: Max. Axial Total Tensile Strain ID (Late Life)
P57: Longitudinal Stress Range at MidWall, MPa (FCD) | Q57: Early Life (1 to 9 yr) | R57: 249.22026 | S57: =R57*(36/33) -> 271.87664 | T57: checked | U57: x | X57: Longitudinal Stress Range at MidWall, MPa (FCD) | Y57: Early Life (1 to 9 yr) | Z57: 60.390816 | AA57: =Z57*(36/33) -> 65.88089 | AB57: checked | AC57: x | AF57: Longitudinal Stress Range at MidWall, MPa (FCD) | AG57: Early Life (1 to 9 yr) | AH57: 52.702283 | AI57: =AH57*(36/33) -> 57.4934 | AJ57: checked | AK57: x
Q58: Mid Life (10 to 15 yr) | R58: 227.98912 | S58: =R58*(36/33) -> 248.7154 | Y58: Mid Life (10 to 15 yr) | Z58: 62.143536 | AA58: =Z58*(36/33) -> 67.792948 | AG58: Mid Life (10 to 15 yr) | AH58: 51.696528 | AI58: =AH58*(36/33) -> 56.396213
Q59: Late Life (16 to 25 yr) | R59: 232.85484 | S59: =R59*(36/33) -> 254.02346 | T59: checked | U59: x | Y59: Late Life (16 to 25 yr) | Z59: 62.944848 | AA59: =Z59*(36/33) -> 68.667107 | AB59: checked | AC59: x | AG59: Late Life (16 to 25 yr) | AH59: 53.386548 | AI59: =AH59*(36/33) -> 58.23987 | AJ59: checked | AK59: x
P60: Longitudinal Stress Range at MidWall, MPa (PCD) | Q60: Early Life (1 to 9 yr) | R60: 53.371904 | S60: =R60*(36/33) -> 58.223895 | T60: checked | U60: x | X60: Longitudinal Stress Range at MidWall, MPa (PCD) | Y60: Early Life (1 to 9 yr) | Z60: 40.454052 | AA60: =Z60*(36/33) -> 44.131693 | AB60: checked | AC60: x | AF60: Longitudinal Stress Range at MidWall, MPa (PCD) | AG60: Early Life (1 to 9 yr) | AH60: 26.972586 | AI60: =AH60*(36/33) -> 29.424639 | AJ60: checked | AK60: x
Q61: Mid Life (10 to 15 yr) | R61: 48.51578 | S61: =R61*(36/33) -> 52.926305 | Y61: Mid Life (10 to 15 yr) | Z61: 38.779376 | AA61: =Z61*(36/33) -> 42.304774 | AG61: Mid Life (10 to 15 yr) | AH61: 27.21458 | AI61: =AH61*(36/33) -> 29.688633
Q62: Late Life (16 to 25 yr) | R62: 50.561412 | S62: =R62*(36/33) -> 55.157904 | T62: checked | U62: x | Y62: Late Life (16 to 25 yr) | Z62: 38.897608 | AA62: =Z62*(36/33) -> 42.433754 | AB62: checked | AC62: x | AG62: Late Life (16 to 25 yr) | AH62: 27.73931 | AI62: =AH62*(36/33) -> 30.261065 | AJ62: checked | AK62: x
P63: Longitudinal Stress Range at MidWall, MPa (Between Hot Oiling) | Q63: Early Life (1 to 9 yr) | R63: 194.23184 | S63: =R63*(36/33) -> 211.88928 | T63: checked | U63: x | X63: Longitudinal Stress Range at MidWall, MPa (Between Hot Oiling) | Y63: Early Life (1 to 9 yr) | Z63: 42.3392 | AA63: =Z63*(36/33) -> 46.188218 | AB63: checked | AC63: x | AF63: Longitudinal Stress Range at MidWall, MPa (Between Hot Oiling) | AG63: Early Life (1 to 9 yr) | AH63: 36.717805 | AI63: =AH63*(36/33) -> 40.055787 | AJ63: checked | AK63: x
Q64: Mid Life (10 to 15 yr) | R64: 195.89023 | S64: =R64*(36/33) -> 213.69843 | Y64: Mid Life (10 to 15 yr) | Z64: 45.432936 | AA64: =Z64*(36/33) -> 49.563203 | AG64: Mid Life (10 to 15 yr) | AH64: 35.382094 | AI64: =AH64*(36/33) -> 38.598647
Q65: Late Life (16 to 25 yr) | R65: 200.75881 | S65: =R65*(36/33) -> 219.00961 | T65: checked | U65: x | Y65: Late Life (16 to 25 yr) | Z65: 44.866036 | AA65: =Z65*(36/33) -> 48.944767 | AB65: checked | AC65: x | AG65: Late Life (16 to 25 yr) | AH65: 39.734403 | AI65: =AH65*(36/33) -> 43.346622 | AJ65: checked | AK65: x
P66: Longitudinal Stress Range at Midwall (Hydrotest), MPa | R66: 315.79849 | S66: =R66*(36/36) -> 315.79849 | T66: checked | U66: x | X66: Longitudinal Stress Range at Midwall (Hydrotest), MPa | Z66: 205.16565 | AA66: =Z66*(36/36) -> 205.16565 | AB66: checked | AC66: x | AF66: Longitudinal Stress Range at Midwall (Hydrotest), MPa | AH66: 186.6 | AI66: =AH66*(36/36) -> 186.6 | AJ66: checked | AK66: x
P67: Longitudinal Stress Range at Cap, MPa (FCD) | Q67: Early Life (1 to 9 yr) | R67: 279.66716 | S67: =R67*(36/33) -> 305.09145 | T67: checked | U67: x | X67: Longitudinal Stress Range at Cap, MPa (FCD) | Y67: Early Life (1 to 9 yr) | Z67: 62.90652 | AA67: =Z67*(36/33) -> 68.625295 | AB67: checked | AC67: x | AF67: Longitudinal Stress Range at Cap, MPa (FCD) | AG67: Early Life (1 to 9 yr) | AH67: 52.948068 | AI67: =AH67*(36/33) -> 57.761529 | AJ67: checked | AK67: x
Q68: Mid Life (10 to 15 yr) | R68: 255.68986 | S68: =R68*(36/33) -> 278.93439 | Y68: Mid Life (10 to 15 yr) | Z68: 64.705208 | AA68: =Z68*(36/33) -> 70.5875 | AG68: Mid Life (10 to 15 yr) | AH68: 51.941096 | AI68: =AH68*(36/33) -> 56.663014
Q69: Late Life (16 to 25 yr) | R69: 261.01577 | S69: =R69*(36/33) -> 284.74447 | T69: checked | U69: x | Y69: Late Life (16 to 25 yr) | Z69: 65.550104 | AA69: =Z69*(36/33) -> 71.509204 | AB69: checked | AC69: x | AG69: Late Life (16 to 25 yr) | AH69: 53.640773 | AI69: =AH69*(36/33) -> 58.517207 | AJ69: checked | AK69: x
P70: Longitudinal Stress Range at Cap, MPa (PCD) | Q70: Early Life (1 to 9 yr) | R70: 59.936352 | S70: =R70*(36/33) -> 65.385111 | T70: checked | U70: x | X70: Longitudinal Stress Range at Cap, MPa (PCD) | Y70: Early Life (1 to 9 yr) | Z70: 42.954328 | AA70: =Z70*(36/33) -> 46.859267 | AB70: checked | AC70: x | AF70: Longitudinal Stress Range at Cap, MPa (PCD) | AG70: Early Life (1 to 9 yr) | AH70: 27.607682 | AI70: =AH70*(36/33) -> 30.117471 | AJ70: checked | AK70: x
Q71: Mid Life (10 to 15 yr) | R71: 54.157048 | S71: =R71*(36/33) -> 59.080416 | Y71: Mid Life (10 to 15 yr) | Z71: 41.249908 | AA71: =Z71*(36/33) -> 44.9999 | AG71: Mid Life (10 to 15 yr) | AH71: 28.110828 | AI71: =AH71*(36/33) -> 30.666358
Q72: Late Life (16 to 25 yr) | R72: 56.406392 | S72: =R72*(36/33) -> 61.534246 | T72: checked | U72: x | Y72: Late Life (16 to 25 yr) | Z72: 41.405488 | AA72: =Z72*(36/33) -> 45.169623 | AB72: checked | AC72: x | AG72: Late Life (16 to 25 yr) | AH72: 28.662092 | AI72: =AH72*(36/33) -> 31.267737 | AJ72: checked | AK72: x
P73: Longitudinal Stress Range at Cap, MPa (Between Hot Oiling) | Q73: Early Life (1 to 9 yr) | R73: 217.60706 | S73: =R73*(36/33) -> 237.38952 | T73: checked | U73: x | X73: Longitudinal Stress Range at Cap, MPa (Between Hot Oiling) | Y73: Early Life (1 to 9 yr) | Z73: 45.738244 | AA73: =Z73*(36/33) -> 49.896266 | AB73: checked | AC73: x | AF73: Longitudinal Stress Range at Cap, MPa (Between Hot Oiling) | AG73: Early Life (1 to 9 yr) | AH73: 36.793351 | AI73: =AH73*(36/33) -> 40.138201 | AJ73: checked | AK73: x
Q74: Mid Life (10 to 15 yr) | R74: 219.82658 | S74: =R74*(36/33) -> 239.81081 | Y74: Mid Life (10 to 15 yr) | Z74: 48.844028 | AA74: =Z74*(36/33) -> 53.284394 | AG74: Mid Life (10 to 15 yr) | AH74: 35.466814 | AI74: =AH74*(36/33) -> 38.691069
Q75: Late Life (16 to 25 yr) | R75: 225.1741 | S75: =R75*(36/33) -> 245.64448 | T75: checked | U75: x | Y75: Late Life (16 to 25 yr) | Z75: 48.323404 | AA75: =Z75*(36/33) -> 52.716441 | AB75: checked | AC75: x | AG75: Late Life (16 to 25 yr) | AH75: 39.905181 | AI75: =AH75*(36/33) -> 43.532924 | AJ75: checked | AK75: x
P76: Longitudinal Stress Range at CAP (Hydrotest), MPa | R76: 336.80647 | S76: =R76*(36/36) -> 336.80647 | T76: checked | U76: x | X76: Longitudinal Stress Range at CAP (Hydrotest), MPa | Z76: 214.39874 | AA76: =Z76*(36/36) -> 214.39874 | AB76: checked | AC76: x | AF76: Longitudinal Stress Range at CAP (Hydrotest), MPa | AH76: 191.5 | AI76: =AH76*(36/36) -> 191.5 | AJ76: checked | AK76: x

Sheet BE-BE_P2toP1
P1: Strain and Stress Ranges | R1: BE-BE | X1: Strain and Stress Ranges | Z1: BE-BE | AF1: Strain and Stress Ranges | AH1: BE-BE
O2: 10in | P2: Max. Axial Mechanical Tensile Strain OD (Hydrotest) | W2: 10in | X2: Max. Axial Mechanical Tensile Strain OD (Hydrotest) | AE2: 10in | AF2: Max. Axial Mechanical Tensile Strain OD (Hydrotest)
O3: Sleeper | P3: Max. Axial Total Tensile Strain OD (Hydrotest) | W3: Structure | X3: Max. Axial Total Tensile Strain OD (Hydrotest) | AE3: Other | AF3: Max. Axial Total Tensile Strain OD (Hydrotest)
P4: Max. Axial Mechanical Tensile Strain ID (Hydrotest) | X4: Max. Axial Mechanical Tensile Strain ID (Hydrotest) | AF4: Max. Axial Mechanical Tensile Strain ID (Hydrotest)
P5: Max. Axial Total Tensile Strain ID (Hydrotest) | X5: Max. Axial Total Tensile Strain ID (Hydrotest) | AF5: Max. Axial Total Tensile Strain ID (Hydrotest)
P6: Max. Axial Mechanical Tensile Strain OD (Design) | X6: Max. Axial Mechanical Tensile Strain OD (Design) | AF6: Max. Axial Mechanical Tensile Strain OD (Design)
P7: Max. Axial Total Tensile Strain OD (Design) | X7: Max. Axial Total Tensile Strain OD (Design) | AF7: Max. Axial Total Tensile Strain OD (Design)
P8: Max. Axial Mechanical Tensile Strain ID (Design) | X8: Max. Axial Mechanical Tensile Strain ID (Design) | AF8: Max. Axial Mechanical Tensile Strain ID (Design)
P9: Max. Axial Total Tensile Strain ID (Design) | X9: Max. Axial Total Tensile Strain ID (Design) | AF9: Max. Axial Total Tensile Strain ID (Design)
P10: Max. Axial Mechanical Tensile Strain OD (Early Life) | X10: Max. Axial Mechanical Tensile Strain OD (Early Life) | AF10: Max. Axial Mechanical Tensile Strain OD (Early Life)
P11: Max. Axial Total Tensile Strain OD (Early Life) | X11: Max. Axial Total Tensile Strain OD (Early Life) | AF11: Max. Axial Total Tensile Strain OD (Early Life)
P12: Max. Axial Mechanical Tensile Strain ID (Early Life) | X12: Max. Axial Mechanical Tensile Strain ID (Early Life) | AF12: Max. Axial Mechanical Tensile Strain ID (Early Life)
P13: Max. Axial Total Tensile Strain ID (Early Life) | X13: Max. Axial Total Tensile Strain ID (Early Life) | AF13: Max. Axial Total Tensile Strain ID (Early Life)
P14: Max. Axial Mechanical Tensile Strain OD (Late Life) | X14: Max. Axial Mechanical Tensile Strain OD (Late Life) | AF14: Max. Axial Mechanical Tensile Strain OD (Late Life)
P15: Max. Axial Total Tensile Strain OD (Late Life) | X15: Max. Axial Total Tensile Strain OD (Late Life) | AF15: Max. Axial Total Tensile Strain OD (Late Life)
... P17: Max. Axial Total Tensile Strain ID (Late Life) | X17: Max. Axial Total Tensile Strain ID (Late Life) | AF17: Max. Axial Total Tensile Strain ID (Late Life)
P18: Longitudinal Stress Range at MidWall, MPa (FCD) | Q18: Early Life (1 to 9 yr) | R18: 237.92414 | S18: =R18*(33/30) -> 261.71655 | T18: checked | U18: x | X18: Longitudinal Stress Range at MidWall, MPa (FCD) | Y18: Early Life (1 to 9 yr) | Z18: 80.831584 | AA18: =Z18*(33/30) -> 88.914742 | AB18: checked | AC18: x | AF18: Longitudinal Stress Range at MidWall, MPa (FCD) | AG18: Early Life (1 to 9 yr) | AH18: 52.857608 | AI18: =AH18*(33/30) -> 58.143369 | AJ18: checked | AK18: x
Q19: Mid Life (10 to 15 yr) | R19: 228.96671 | S19: =R19*(33/30) -> 251.86338 | Y19: Mid Life (10 to 15 yr) | Z19: 82.687432 | AA19: =Z19*(33/30) -> 90.956175 | AG19: Mid Life (10 to 15 yr) | AH19: 52.49224 | AI19: =AH19*(33/30) -> 57.741464
Q20: Late Life (16 to 25 yr) | R20: 231.05079 | S20: =R20*(33/30) -> 254.15587 | T20: checked | U20: x | Y20: Late Life (16 to 25 yr) | Z20: 83.623908 | AA20: =Z20*(33/30) -> 91.986299 | AB20: checked | AC20: x | AG20: Late Life (16 to 25 yr) | AH20: 52.481115 | AI20: =AH20*(33/30) -> 57.729227 | AJ20: checked | AK20: x
P21: Longitudinal Stress Range at MidWall, MPa (PCD) | Q21: Early Life (1 to 9 yr) | R21: 88.525586 | S21: =R21*(33/30) -> 97.378145 | T21: checked | U21: x | X21: Longitudinal Stress Range at MidWall, MPa (PCD) | Y21: Early Life (1 to 9 yr) | Z21: 46.638424 | AA21: =Z21*(33/30) -> 51.302266 | AB21: checked | AC21: x | AF21: Longitudinal Stress Range at MidWall, MPa (PCD) | AG21: Early Life (1 to 9 yr) | AH21: 25.970224 | AI21: =AH21*(33/30) -> 28.567246 | AJ21: checked | AK21: x
Q22: Mid Life (10 to 15 yr) | R22: 64.188312 | S22: =R22*(33/30) -> 70.607143 | Y22: Mid Life (10 to 15 yr) | Z22: 35.035524 | AA22: =Z22*(33/30) -> 38.539076 | AG22: Mid Life (10 to 15 yr) | AH22: 19.599053 | AI22: =AH22*(33/30) -> 21.558958
Q23: Late Life (16 to 25 yr) | R23: 66.631252 | S23: =R23*(33/30) -> 73.294377 | T23: checked | U23: x | Y23: Late Life (16 to 25 yr) | Z23: 34.068908 | AA23: =Z23*(33/30) -> 37.475799 | AB23: checked | AC23: x | AG23: Late Life (16 to 25 yr) | AH23: 22.550618 | AI23: =AH23*(33/30) -> 24.80568 | AJ23: checked | AK23: x
P24: Longitudinal Stress Range at MidWall, MPa (Between Hot Oiling) | Q24: Early Life (1 to 9 yr) | R24: 235.15484 | S24: =R24*(33/30) -> 258.67033 | T24: checked | U24: x | X24: Longitudinal Stress Range at MidWall, MPa (Between Hot Oiling) | Y24: Early Life (1 to 15 yr) | Z24: 54.7664 | AA24: =Z24*(33/30) -> 60.24304 | AB24: checked | AC24: x | AF24: Longitudinal Stress Range at MidWall, MPa (Between Hot Oiling) | AG24: Early Life (1 to 9 yr) | AH24: 34.840507 | AI24: =AH24*(33/30) -> 38.324558 | AJ24: checked | AK24: x
Q25: Mid Life (10 to 15 yr) | R25: 166.43383 | S25: =R25*(33/30) -> 183.07721 | Y25: Mid Life (10 to 15 yr) | Z25: 50.820504 | AA25: =Z25*(33/30) -> 55.902554 | AG25: Mid Life (10 to 15 yr) | AH25: 29.879916 | AI25: =AH25*(33/30) -> 32.867908
Q26: Late Life (16 to 25 yr) | R26: 166.50995 | S26: =R26*(33/30) -> 183.16094 | T26: checked | U26: x | Y26: Late Life (16 to 25 yr) | Z26: 52.793888 | AA26: =Z26*(33/30) -> 58.073277 | AB26: checked | AC26: x | AG26: Late Life (16 to 25 yr) | AH26: 31.69288 | AI26: =AH26*(33/30) -> 34.862167 | AJ26: checked | AK26: x
P27: Longitudinal Stress Range at Midwall (Hydrotest), MPa | R27: 276.39056 | S27: =R27*(33/33) -> 276.39056 | T27: checked | U27: x | X27: Longitudinal Stress Range at Midwall (Hydrotest), MPa | Z27: 178.26163 | AA27: =Z27*(33/33) -> 178.26163 | AB27: checked | AC27: x | AF27: Longitudinal Stress Range at Midwall (Hydrotest), MPa | AH27: 170.5 | AI27: =AH27*(33/33) -> 170.5 | AJ27: checked | AK27: x
P28: Longitudinal Stress Range at Cap, MPa (FCD) | Q28: Early Life (1 to 9 yr) | R28: 269.57085 | S28: =R28*(33/30) -> 296.52793 | T28: checked | U28: x | X28: Longitudinal Stress Range at Cap, MPa (FCD) | Y28: Early Life (1 to 9 yr) | Z28: 86.15708 | AA28: =Z28*(33/30) -> 94.772788 | AB28: checked | AC28: x | AF28: Longitudinal Stress Range at Cap, MPa (FCD) | AG28: Early Life (1 to 9 yr) | AH28: 53.011371 | AI28: =AH28*(33/30) -> 58.312508 | AJ28: checked | AK28: x
Q29: Mid Life (10 to 15 yr) | R29: 257.64983 | S29: =R29*(33/30) -> 283.41481 | Y29: Mid Life (10 to 15 yr) | Z29: 88.073056 | AA29: =Z29*(33/30) -> 96.880362 | AG29: Mid Life (10 to 15 yr) | AH29: 52.62682 | AI29: =AH29*(33/30) -> 57.889502
Q30: Late Life (16 to 25 yr) | R30: 260.14455 | S30: =R30*(33/30) -> 286.159 | T30: checked | U30: x | Y30: Late Life (16 to 25 yr) | Z30: 89.07167 | AA30: =Z30*(33/30) -> 97.978837 | AB30: checked | AC30: x | AG30: Late Life (16 to 25 yr) | AH30: 52.614821 | AI30: =AH30*(33/30) -> 57.876303 | AJ30: checked | AK30: x
P31: Longitudinal Stress Range at Cap, MPa (PCD) | Q31: Early Life (1 to 9 yr) | R31: 100.43367 | S31: =R31*(33/30) -> 110.47703 | T31: checked | U31: x | X31: Longitudinal Stress Range at Cap, MPa (PCD) | Y31: Early Life (1 to 9 yr) | Z31: 49.822712 | AA31: =Z31*(33/30) -> 54.804983 | AB31: checked | AC31: x | AF31: Longitudinal Stress Range at Cap, MPa (PCD) | AG31: Early Life (1 to 9 yr) | AH31: 26.333564 | AI31: =AH31*(33/30) -> 28.96692 | AJ31: checked | AK31: x
Q32: Mid Life (10 to 15 yr) | R32: 72.389316 | S32: =R32*(33/30) -> 79.628248 | Y32: Mid Life (10 to 15 yr) | Z32: 37.478496 | AA32: =Z32*(33/30) -> 41.226346 | AG32: Mid Life (10 to 15 yr) | AH32: 19.991138 | AI32: =AH32*(33/30) -> 21.990252
Q33: Late Life (16 to 25 yr) | R33: 75.211976 | S33: =R33*(33/30) -> 82.733174 | T33: checked | U33: x | Y33: Late Life (16 to 25 yr) | Z33: 36.477764 | AA33: =Z33*(33/30) -> 40.12554 | AB33: checked | AC33: x | AG33: Late Life (16 to 25 yr) | AH33: 23.142534 | AI33: =AH33*(33/30) -> 25.456787 | AJ33: checked | AK33: x
P34: Longitudinal Stress Range at Cap, MPa (Between Hot Oiling) | Q34: Early Life (1 to 9 yr) | R34: 262.62108 | S34: =R34*(33/30) -> 288.88319 | T34: checked | U34: x | X34: Longitudinal Stress Range at Cap, MPa (Between Hot Oiling) | Y34: Early Life (1 to 9 yr) | Z34: 59.24906 | AA34: =Z34*(33/30) -> 65.173966 | AB34: checked | AC34: x | AF34: Longitudinal Stress Range at Cap, MPa (Between Hot Oiling) | AG34: Early Life (1 to 9 yr) | AH34: 34.867995 | AI34: =AH34*(33/30) -> 38.354795 | AJ34: checked | AK34: x
Q35: Mid Life (10 to 15 yr) | R35: 185.31456 | S35: =R35*(33/30) -> 203.84602 | Y35: Mid Life (10 to 15 yr) | Z35: 55.394804 | AA35: =Z35*(33/30) -> 60.934284 | AG35: Mid Life (10 to 15 yr) | AH35: 30.125788 | AI35: =AH35*(33/30) -> 33.138366
Q36: Late Life (16 to 25 yr) | R36: 185.45806 | S36: =R36*(33/30) -> 204.00387 | T36: checked | U36: x | Y36: Late Life (16 to 25 yr) | Z36: 57.381052 | AA36: =Z36*(33/30) -> 63.119157 | AB36: checked | AC36: x | AG36: Late Life (16 to 25 yr) | AH36: 31.94841 | AI36: =AH36*(33/30) -> 35.14325 | AJ36: checked | AK36: x
P37: Longitudinal Stress Range at CAP (Hydrotest), MPa | R37: 296.29962 | S37: =R37*(33/33) -> 296.29962 | T37: checked | U37: x | X37: Longitudinal Stress Range at CAP (Hydrotest), MPa | Z37: 186.89988 | AA37: =Z37*(33/33) -> 186.89988 | AB37: checked | AC37: x | AF37: Longitudinal Stress Range at CAP (Hydrotest), MPa | AH37: 176 | AI37: =AH37*(33/33) -> 176 | AJ37: checked | AK37: x
P40: Strain and Stress Ranges | R40: BE-HE | T40: BE-BE | U40: HE-BE | V40: Input for ECA | X40: Strain and Stress Ranges | Z40: BE-HE | AB40: BE-BE | AC40: HE-BE | AD40: Input for ECA | AF40: Strain and Stress Ranges | AH40: BE-HE | AJ40: BE-BE | AK40: HE-BE | AL40: Input for ECA
O41: 12in | P41: Max. Axial Mechanical Tensile Strain OD (Hydrotest) | W41: 12in | X41: Max. Axial Mechanical Tensile Strain OD (Hydrotest) | AE41: 12in | AF41: Max. Axial Mechanical Tensile Strain OD (Hydrotest)
O42: Sleeper | P42: Max. Axial Total Tensile Strain OD (Hydrotest) | W42: Structure | X42: Max. Axial Total Tensile Strain OD (Hydrotest) | AE42: Other | AF42: Max. Axial Total Tensile Strain OD (Hydrotest)
P43: Max. Axial Mechanical Tensile Strain ID (Hydrotest) | X43: Max. Axial Mechanical Tensile Strain ID (Hydrotest) | AF43: Max. Axial Mechanical Tensile Strain ID (Hydrotest)
P44: Max. Axial Total Tensile Strain ID (Hydrotest) | X44: Max. Axial Total Tensile Strain ID (Hydrotest) | AF44: Max. Axial Total Tensile Strain ID (Hydrotest)
P45: Max. Axial Mechanical Tensile Strain OD (Design) | X45: Max. Axial Mechanical Tensile Strain OD (Design) | AF45: Max. Axial Mechanical Tensile Strain OD (Design)
P46: Max. Axial Total Tensile Strain OD (Design) | X46: Max. Axial Total Tensile Strain OD (Design) | AF46: Max. Axial Total Tensile Strain OD (Design)
P47: Max. Axial Mechanical Tensile Strain ID (Design) | X47: Max. Axial Mechanical Tensile Strain ID (Design) | AF47: Max. Axial Mechanical Tensile Strain ID (Design)
P48: Max. Axial Total Tensile Strain ID (Design) | X48: Max. Axial Total Tensile Strain ID (Design) | AF48: Max. Axial Total Tensile Strain ID (Design)
P49: Max. Axial Mechanical Tensile Strain OD (Early Life) | X49: Max. Axial Mechanical Tensile Strain OD (Early Life) | AF49: Max. Axial Mechanical Tensile Strain OD (Early Life)
P50: Max. Axial Total Tensile Strain OD (Early Life) | X50: Max. Axial Total Tensile Strain OD (Early Life) | AF50: Max. Axial Total Tensile Strain OD (Early Life)
P51: Max. Axial Mechanical Tensile Strain ID (Early Life) | X51: Max. Axial Mechanical Tensile Strain ID (Early Life) | AF51: Max. Axial Mechanical Tensile Strain ID (Early Life)
P52: Max. Axial Total Tensile Strain ID (Early Life) | X52: Max. Axial Total Tensile Strain ID (Early Life) | AF52: Max. Axial Total Tensile Strain ID (Early Life)
P53: Max. Axial Mechanical Tensile Strain OD (Late Life) | X53: Max. Axial Mechanical Tensile Strain OD (Late Life) | AF53: Max. Axial Mechanical Tensile Strain OD (Late Life)
P54: Max. Axial Total Tensile Strain OD (Late Life) | X54: Max. Axial Total Tensile Strain OD (Late Life) | AF54: Max. Axial Total Tensile Strain OD (Late Life)
... P56: Max. Axial Total Tensile Strain ID (Late Life) | X56: Max. Axial Total Tensile Strain ID (Late Life) | AF56: Max. Axial Total Tensile Strain ID (Late Life)
P57: Longitudinal Stress Range at MidWall, MPa (FCD) | Q57: Early Life (1 to 9 yr) | R57: 249.22026 | S57: =R57*(36/33) -> 271.87664 | T57: checked | U57: x | X57: Longitudinal Stress Range at MidWall, MPa (FCD) | Y57: Early Life (1 to 9 yr) | Z57: 60.390816 | AA57: =Z57*(36/33) -> 65.88089 | AB57: checked | AC57: x | AF57: Longitudinal Stress Range at MidWall, MPa (FCD) | AG57: Early Life (1 to 9 yr) | AH57: 52.702283 | AI57: =AH57*(36/33) -> 57.4934 | AJ57: checked | AK57: x
Q58: Mid Life (10 to 15 yr) | R58: 227.98912 | S58: =R58*(36/33) -> 248.7154 | Y58: Mid Life (10 to 15 yr) | Z58: 62.143536 | AA58: =Z58*(36/33) -> 67.792948 | AG58: Mid Life (10 to 15 yr) | AH58: 51.696528 | AI58: =AH58*(36/33) -> 56.396213
Q59: Late Life (16 to 25 yr) | R59: 232.85484 | S59: =R59*(36/33) -> 254.02346 | T59: checked | U59: x | Y59: Late Life (16 to 25 yr) | Z59: 62.944848 | AA59: =Z59*(36/33) -> 68.667107 | AB59: checked | AC59: x | AG59: Late Life (16 to 25 yr) | AH59: 53.386548 | AI59: =AH59*(36/33) -> 58.23987 | AJ59: checked | AK59: x
P60: Longitudinal Stress Range at MidWall, MPa (PCD) | Q60: Early Life (1 to 9 yr) | R60: 53.371904 | S60: =R60*(36/33) -> 58.223895 | T60: checked | U60: x | X60: Longitudinal Stress Range at MidWall, MPa (PCD) | Y60: Early Life (1 to 9 yr) | Z60: 40.454052 | AA60: =Z60*(36/33) -> 44.131693 | AB60: checked | AC60: x | AF60: Longitudinal Stress Range at MidWall, MPa (PCD) | AG60: Early Life (1 to 9 yr) | AH60: 26.972586 | AI60: =AH60*(36/33) -> 29.424639 | AJ60: checked | AK60: x
Q61: Mid Life (10 to 15 yr) | R61: 48.51578 | S61: =R61*(36/33) -> 52.926305 | Y61: Mid Life (10 to 15 yr) | Z61: 38.779376 | AA61: =Z61*(36/33) -> 42.304774 | AG61: Mid Life (10 to 15 yr) | AH61: 27.21458 | AI61: =AH61*(36/33) -> 29.688633
Q62: Late Life (16 to 25 yr) | R62: 50.561412 | S62: =R62*(36/33) -> 55.157904 | T62: checked | U62: x | Y62: Late Life (16 to 25 yr) | Z62: 38.897608 | AA62: =Z62*(36/33) -> 42.433754 | AB62: checked | AC62: x | AG62: Late Life (16 to 25 yr) | AH62: 27.73931 | AI62: =AH62*(36/33) -> 30.261065 | AJ62: checked | AK62: x
P63: Longitudinal Stress Range at MidWall, MPa (Between Hot Oiling) | Q63: Early Life (1 to 9 yr) | R63: 194.23184 | S63: =R63*(36/33) -> 211.88928 | T63: checked | U63: x | X63: Longitudinal Stress Range at MidWall, MPa (Between Hot Oiling) | Y63: Early Life (1 to 9 yr) | Z63: 42.3392 | AA63: =Z63*(36/33) -> 46.188218 | AB63: checked | AC63: x | AF63: Longitudinal Stress Range at MidWall, MPa (Between Hot Oiling) | AG63: Early Life (1 to 9 yr) | AH63: 36.717805 | AI63: =AH63*(36/33) -> 40.055787 | AJ63: checked | AK63: x
Q64: Mid Life (10 to 15 yr) | R64: 195.89023 | S64: =R64*(36/33) -> 213.69843 | Y64: Mid Life (10 to 15 yr) | Z64: 45.432936 | AA64: =Z64*(36/33) -> 49.563203 | AG64: Mid Life (10 to 15 yr) | AH64: 35.382094 | AI64: =AH64*(36/33) -> 38.598647
Q65: Late Life (16 to 25 yr) | R65: 200.75881 | S65: =R65*(36/33) -> 219.00961 | T65: checked | U65: x | Y65: Late Life (16 to 25 yr) | Z65: 44.866036 | AA65: =Z65*(36/33) -> 48.944767 | AB65: checked | AC65: x | AG65: Late Life (16 to 25 yr) | AH65: 39.734403 | AI65: =AH65*(36/33) -> 43.346622 | AJ65: checked | AK65: x
P66: Longitudinal Stress Range at Midwall (Hydrotest), MPa | R66: 315.79849 | S66: =R66*(36/36) -> 315.79849 | T66: checked | U66: x | X66: Longitudinal Stress Range at Midwall (Hydrotest), MPa | Z66: 205.16565 | AA66: =Z66*(36/36) -> 205.16565 | AB66: checked | AC66: x | AF66: Longitudinal Stress Range at Midwall (Hydrotest), MPa | AH66: 186.6 | AI66: =AH66*(36/36) -> 186.6 | AJ66: checked | AK66: x
P67: Longitudinal Stress Range at Cap, MPa (FCD) | Q67: Early Life (1 to 9 yr) | R67: 279.66716 | S67: =R67*(36/33) -> 305.09145 | T67: checked | U67: x | X67: Longitudinal Stress Range at Cap, MPa (FCD) | Y67: Early Life (1 to 9 yr) | Z67: 62.90652 | AA67: =Z67*(36/33) -> 68.625295 | AB67: checked | AC67: x | AF67: Longitudinal Stress Range at Cap, MPa (FCD) | AG67: Early Life (1 to 9 yr) | AH67: 52.948068 | AI67: =AH67*(36/33) -> 57.761529 | AJ67: checked | AK67: x
Q68: Mid Life (10 to 15 yr) | R68: 255.68986 | S68: =R68*(36/33) -> 278.93439 | Y68: Mid Life (10 to 15 yr) | Z68: 64.705208 | AA68: =Z68*(36/33) -> 70.5875 | AG68: Mid Life (10 to 15 yr) | AH68: 51.941096 | AI68: =AH68*(36/33) -> 56.663014
Q69: Late Life (16 to 25 yr) | R69: 261.01577 | S69: =R69*(36/33) -> 284.74447 | T69: checked | U69: x | Y69: Late Life (16 to 25 yr) | Z69: 65.550104 | AA69: =Z69*(36/33) -> 71.509204 | AB69: checked | AC69: x | AG69: Late Life (16 to 25 yr) | AH69: 53.640773 | AI69: =AH69*(36/33) -> 58.517207 | AJ69: checked | AK69: x
P70: Longitudinal Stress Range at Cap, MPa (PCD) | Q70: Early Life (1 to 9 yr) | R70: 59.936352 | S70: =R70*(36/33) -> 65.385111 | T70: checked | U70: x | X70: Longitudinal Stress Range at Cap, MPa (PCD) | Y70: Early Life (1 to 9 yr) | Z70: 42.954328 | AA70: =Z70*(36/33) -> 46.859267 | AB70: checked | AC70: x | AF70: Longitudinal Stress Range at Cap, MPa (PCD) | AG70: Early Life (1 to 9 yr) | AH70: 27.607682 | AI70: =AH70*(36/33) -> 30.117471 | AJ70: checked | AK70: x
Q71: Mid Life (10 to 15 yr) | R71: 54.157048 | S71: =R71*(36/33) -> 59.080416 | Y71: Mid Life (10 to 15 yr) | Z71: 41.249908 | AA71: =Z71*(36/33) -> 44.9999 | AG71: Mid Life (10 to 15 yr) | AH71: 28.110828 | AI71: =AH71*(36/33) -> 30.666358
Q72: Late Life (16 to 25 yr) | R72: 56.406392 | S72: =R72*(36/33) -> 61.534246 | T72: checked | U72: x | Y72: Late Life (16 to 25 yr) | Z72: 41.405488 | AA72: =Z72*(36/33) -> 45.169623 | AB72: checked | AC72: x | AG72: Late Life (16 to 25 yr) | AH72: 28.662092 | AI72: =AH72*(36/33) -> 31.267737 | AJ72: checked | AK72: x
P73: Longitudinal Stress Range at Cap, MPa (Between Hot Oiling) | Q73: Early Life (1 to 9 yr) | R73: 217.60706 | S73: =R73*(36/33) -> 237.38952 | T73: checked | U73: x | X73: Longitudinal Stress Range at Cap, MPa (Between Hot Oiling) | Y73: Early Life (1 to 9 yr) | Z73: 45.738244 | AA73: =Z73*(36/33) -> 49.896266 | AB73: checked | AC73: x | AF73: Longitudinal Stress Range at Cap, MPa (Between Hot Oiling) | AG73: Early Life (1 to 9 yr) | AH73: 36.793351 | AI73: =AH73*(36/33) -> 40.138201 | AJ73: checked | AK73: x
Q74: Mid Life (10 to 15 yr) | R74: 219.82658 | S74: =R74*(36/33) -> 239.81081 | Y74: Mid Life (10 to 15 yr) | Z74: 48.844028 | AA74: =Z74*(36/33) -> 53.284394 | AG74: Mid Life (10 to 15 yr) | AH74: 35.466814 | AI74: =AH74*(36/33) -> 38.691069
Q75: Late Life (16 to 25 yr) | R75: 225.1741 | S75: =R75*(36/33) -> 245.64448 | T75: checked | U75: x | Y75: Late Life (16 to 25 yr) | Z75: 48.323404 | AA75: =Z75*(36/33) -> 52.716441 | AB75: checked | AC75: x | AG75: Late Life (16 to 25 yr) | AH75: 39.905181 | AI75: =AH75*(36/33) -> 43.532924 | AJ75: checked | AK75: x
P76: Longitudinal Stress Range at CAP (Hydrotest), MPa | R76: 336.80647 | S76: =R76*(36/36) -> 336.80647 | T76: checked | U76: x | X76: Longitudinal Stress Range at CAP (Hydrotest), MPa | Z76: 214.39874 | AA76: =Z76*(36/36) -> 214.39874 | AB76: checked | AC76: x | AF76: Longitudinal Stress Range at CAP (Hydrotest), MPa | AH76: 191.5 | AI76: =AH76*(36/36) -> 191.5 | AJ76: checked | AK76: x

Sheet HE-BEWalking
P1: Strain and Stress Ranges | R1: HE-BE | X1: Strain and Stress Ranges | Z1: HE-BE
O2: 10in | P2: Max. Axial Mechanical Tensile Strain OD (Hydrotest) | W2: 10in | X2: Max. Axial Mechanical Tensile Strain OD (Hydrotest)
O3: Non-Structural | P3: Max. Axial Total Tensile Strain OD (Hydrotest) | W3: Structure | X3: Max. Axial Total Tensile Strain OD (Hydrotest)
P4: Max. Axial Mechanical Tensile Strain ID (Hydrotest) | X4: Max. Axial Mechanical Tensile Strain ID (Hydrotest)
P5: Max. Axial Total Tensile Strain ID (Hydrotest) | X5: Max. Axial Total Tensile Strain ID (Hydrotest)
P6: Max. Axial Mechanical Tensile Strain OD (Design) | X6: Max. Axial Mechanical Tensile Strain OD (Design)
P7: Max. Axial Total Tensile Strain OD (Design) | X7: Max. Axial Total Tensile Strain OD (Design)
P8: Max. Axial Mechanical Tensile Strain ID (Design) | X8: Max. Axial Mechanical Tensile Strain ID (Design)
P9: Max. Axial Total Tensile Strain ID (Design) | X9: Max. Axial Total Tensile Strain ID (Design)
P10: Max. Axial Mechanical Tensile Strain OD (Early Life) | X10: Max. Axial Mechanical Tensile Strain OD (Early Life)
P11: Max. Axial Total Tensile Strain OD (Early Life) | X11: Max. Axial Total Tensile Strain OD (Early Life)
P12: Max. Axial Mechanical Tensile Strain ID (Early Life) | X12: Max. Axial Mechanical Tensile Strain ID (Early Life)
P13: Max. Axial Total Tensile Strain ID (Early Life) | X13: Max. Axial Total Tensile Strain ID (Early Life)
P14: Max. Axial Mechanical Tensile Strain OD (Late Life) | X14: Max. Axial Mechanical Tensile Strain OD (Late Life)
P15: Max. Axial Total Tensile Strain OD (Late Life) | X15: Max. Axial Total Tensile Strain OD (Late Life)
... P17: Max. Axial Total Tensile Strain ID (Late Life) | X17: Max. Axial Total Tensile Strain ID (Late Life)
P18: Longitudinal Stress Range at MidWall, MPa (FCD) | Q18: Early Life (1 to 15 yr) | S18: =R18*(33/30) -> 0 | T18: checked | U18: 222.9 | V18: r2tr1 | X18: Longitudinal Stress Range at MidWall, MPa (FCD) | Y18: Early Life (1 to 15 yr) | AA18: =Z18*(33/30) -> 0 | AB18: checked | AC18: 133.8 | AD18: r2tr1
Q19: Late Life (16 to 25 yr) | S19: =R19*(33/30) -> 0 | T19: checked | U19: 233 | V19: r2tr1 | Y19: Late Life (16 to 25 yr) | AA19: =Z19*(33/30) -> 0 | AB19: checked | AC19: 145.8 | AD19: r1tr2
P20: Longitudinal Stress Range at MidWall, MPa (PCD) | Q20: Early Life (1 to 15 yr) | S20: =R20*(33/30) -> 0 | T20: checked(RB) | U20: 40.7 | V20: R1tR2_rogue | X20: Longitudinal Stress Range at MidWall, MPa (PCD) | Y20: Early Life (1 to 15 yr) | AA20: =Z20*(33/30) -> 0 | AB20: checked | AC20: 56.4 | AD20: r2tr1
Q21: Late Life (16 to 25 yr) | S21: =R21*(33/30) -> 0 | T21: checked(RB) | U21: 39.2 | V21: R1tR2_rogue | Y21: Late Life (16 to 25 yr) | AA21: =Z21*(33/30) -> 0 | AB21: checked | AC21: 40.2 | AD21: r1tr2
P22: Longitudinal Stress Range at MidWall, MPa (Between Hot Oiling) | Q22: Early Life (1 to 15 yr) | S22: =R22*(33/30) -> 0 | T22: checked | U22: 97.9 | V22: R1tR2 | X22: Longitudinal Stress Range at MidWall, MPa (Between Hot Oiling) | Y22: Early Life (1 to 15 yr) | AA22: =Z22*(33/30) -> 0 | AB22: checked | AC22: 54 | AD22: r2tr1
Q23: Late Life (16 to 25 yr) | S23: =R23*(33/30) -> 0 | T23: checked | U23: 72.7 | V23: R1tR2 | Y23: Late Life (16 to 25 yr) | AA23: =Z23*(33/30) -> 0 | AB23: checked | AC23: 37.4 | AD23: r2tr1
P24: Longitudinal Stress Range at Midwall (Hydrotest), MPa | S24: =R24*(33/33) -> 0 | T24: checked | X24: Longitudinal Stress Range at Midwall (Hydrotest), MPa | AA24: =Z24*(33/33) -> 0 | AB24: checked
P25: Longitudinal Stress Range at Cap, MPa (FCD) | Q25: Early Life (1 to 15 yr) | S25: =R25*(33/30) -> 0 | T25: checked | U25: 250.7 | V25: r2tr1 | X25: Longitudinal Stress Range at Cap, MPa (FCD) | Y25: Early Life (1 to 15 yr) | AA25: =Z25*(33/30) -> 0 | AB25: checked | AC25: 140.7 | AD25: r2tr1
Q26: Late Life (16 to 25 yr) | S26: =R26*(33/30) -> 0 | T26: checked | U26: 261.3 | V26: r2tr1 | Y26: Late Life (16 to 25 yr) | AA26: =Z26*(33/30) -> 0 | AB26: checked | AC26: 153.9 | AD26: r1tr2
P27: Longitudinal Stress Range at Cap, MPa (PCD) | Q27: Early Life (1 to 15 yr) | S27: =R27*(33/30) -> 0 | T27: checked | U27: 44.8 | V27: R1tR2_rogue | X27: Longitudinal Stress Range at Cap, MPa (PCD) | Y27: Early Life (1 to 15 yr) | AA27: =Z27*(33/30) -> 0 | AB27: checked | AC27: 60 | AD27: r2tr1
Q28: Late Life (16 to 25 yr) | S28: =R28*(33/30) -> 0 | T28: checked | U28: 43 | V28: R1tR2_rogue | Y28: Late Life (16 to 25 yr) | AA28: =Z28*(33/30) -> 0 | AB28: checked | AC28: 43.1 | AD28: r1tr2
P29: Longitudinal Stress Range at Cap, MPa (Between Hot Oiling) | Q29: Early Life (1 to 15 yr) | S29: =R29*(33/30) -> 0 | T29: checked | U29: 110.2 | V29: R1tR2 | X29: Longitudinal Stress Range at Cap, MPa (Between Hot Oiling) | Y29: Early Life (1 to 15 yr) | AA29: =Z29*(33/30) -> 0 | AB29: checked | AC29: 58.8 | AD29: r2tr1
Q30: Late Life (16 to 25 yr) | S30: =R30*(33/30) -> 0 | T30: checked | U30: 81.8 | V30: R1tR2 | Y30: Late Life (16 to 25 yr) | AA30: =Z30*(33/30) -> 0 | AB30: checked | AC30: 40.5 | AD30: r2tr1
P31: Longitudinal Stress Range at CAP (Hydrotest), MPa | S31: =R31*(33/33) -> 0 | T31: checked | X31: Longitudinal Stress Range at CAP (Hydrotest), MPa | AA31: =Z31*(33/33) -> 0 | AB31: checked
P34: Strain and Stress Ranges | R34: BE-HE | S34: LE-BE | T34: BE-BE | U34: HE-BE | V34: Input for ECA | X34: Strain and Stress Ranges | Z34: BE-HE | AA34: LE-BE | AB34: BE-BE | AC34: HE-BE | AD34: Input for ECA
O35: 12in | P35: Max. Axial Mechanical Tensile Strain OD (Hydrotest) | W35: 12in | X35: Max. Axial Mechanical Tensile Strain OD (Hydrotest)
O36: Non-Structural | P36: Max. Axial Total Tensile Strain OD (Hydrotest) | W36: Structure | X36: Max. Axial Total Tensile Strain OD (Hydrotest)
P37: Max. Axial Mechanical Tensile Strain ID (Hydrotest) | X37: Max. Axial Mechanical Tensile Strain ID (Hydrotest)
P38: Max. Axial Total Tensile Strain ID (Hydrotest) | X38: Max. Axial Total Tensile Strain ID (Hydrotest)
P39: Max. Axial Mechanical Tensile Strain OD (Design) | X39: Max. Axial Mechanical Tensile Strain OD (Design)
P40: Max. Axial Total Tensile Strain OD (Design) | X40: Max. Axial Total Tensile Strain OD (Design)
P41: Max. Axial Mechanical Tensile Strain ID (Design) | X41: Max. Axial Mechanical Tensile Strain ID (Design)
P42: Max. Axial Total Tensile Strain ID (Design) | X42: Max. Axial Total Tensile Strain ID (Design)
P43: Max. Axial Mechanical Tensile Strain OD (Early Life) | X43: Max. Axial Mechanical Tensile Strain OD (Early Life)
P44: Max. Axial Total Tensile Strain OD (Early Life) | X44: Max. Axial Total Tensile Strain OD (Early Life)
P45: Max. Axial Mechanical Tensile Strain ID (Early Life) | X45: Max. Axial Mechanical Tensile Strain ID (Early Life)
P46: Max. Axial Total Tensile Strain ID (Early Life) | X46: Max. Axial Total Tensile Strain ID (Early Life)
P47: Max. Axial Mechanical Tensile Strain OD (Late Life) | X47: Max. Axial Mechanical Tensile Strain OD (Late Life)
P48: Max. Axial Total Tensile Strain OD (Late Life) | X48: Max. Axial Total Tensile Strain OD (Late Life)
... P50: Max. Axial Total Tensile Strain ID (Late Life) | X50: Max. Axial Total Tensile Strain ID (Late Life)
P51: Longitudinal Stress Range at MidWall, MPa (FCD) | Q51: Early Life (1 to 15 yr) | S51: =R51*(36/33) -> 0 | T51: checked | U51: 208.8 | V51: r1tr2 | X51: Longitudinal Stress Range at MidWall, MPa (FCD) | Y51: Early Life (1 to 15 yr) | AA51: =Z51*(36/33) -> 0 | AB51: checked | AC51: 101.1 | AD51: r2tr1
Q52: Late Life (16 to 25 yr) | S52: =R52*(36/33) -> 0 | T52: checked | U52: 204.5 | V52: r2tr1 | Y52: Late Life (16 to 25 yr) | AA52: =Z52*(36/33) -> 0 | AB52: checked | AC52: 107.5 | AD52: r1tr2
P53: Longitudinal Stress Range at MidWall, MPa (PCD) | Q53: Early Life (1 to 15 yr) | S53: =R53*(36/33) -> 0 | T53: checked | U53: 41.2 | V53: r2tr1 | X53: Longitudinal Stress Range at MidWall, MPa (PCD) | Y53: Early Life (1 to 15 yr) | AA53: =Z53*(36/33) -> 0 | AB53: checked | AC53: 41.6 | AD53: r1tr2
Q54: Late Life (16 to 25 yr) | S54: =R54*(36/33) -> 0 | T54: checked | U54: 41 | V54: r2tr1 | Y54: Late Life (16 to 25 yr) | AA54: =Z54*(36/33) -> 0 | AB54: checked | AC54: 32.6 | AD54: r1tr2
P55: Longitudinal Stress Range at MidWall, MPa (Between Hot Oiling) | Q55: Early Life (1 to 15 yr) | S55: =R55*(36/33) -> 0 | T55: checked | U55: 97.7 | V55: r1tr2 | X55: Longitudinal Stress Range at MidWall, MPa (Between Hot Oiling) | Y55: Early Life (1 to 15 yr) | AA55: =Z55*(36/33) -> 0 | AB55: checked | AC55: 21.9 | AD55: r2tr1
Q56: Late Life (16 to 25 yr) | S56: =R56*(36/33) -> 0 | T56: checked | U56: 106.6 | V56: r1tr2 | Y56: Late Life (16 to 25 yr) | AA56: =Z56*(36/33) -> 0 | AB56: checked | AC56: 24.7 | AD56: r2tr1
P57: Longitudinal Stress Range at Midwall (Hydrotest), MPa | S57: =R57*(36/36) -> 0 | T57: checked | X57: Longitudinal Stress Range at Midwall (Hydrotest), MPa | AA57: =Z57*(36/36) -> 0 | AB57: checked
P58: Longitudinal Stress Range at Cap, MPa (FCD) | Q58: Early Life (1 to 15 yr) | S58: =R58*(36/33) -> 0 | T58: checked | U58: 233.6 | V58: r1tr2 | X58: Longitudinal Stress Range at Cap, MPa (FCD) | Y58: Early Life (1 to 15 yr) | AA58: =Z58*(36/33) -> 0 | AB58: checked | AC58: 105.9 | AD58: r2tr1
Q59: Late Life (16 to 25 yr) | S59: =R59*(36/33) -> 0 | T59: checked | U59: 226.6 | V59: r2tr1 | Y59: Late Life (16 to 25 yr) | AA59: =Z59*(36/33) -> 0 | AB59: checked | AC59: 113.2 | AD59: r1tr2
P60: Longitudinal Stress Range at Cap, MPa (PCD) | Q60: Early Life (1 to 15 yr) | S60: =R60*(36/33) -> 0 | T60: checked | U60: 45.6 | V60: r2tr1 | X60: Longitudinal Stress Range at Cap, MPa (PCD) | Y60: Early Life (1 to 15 yr) | AA60: =Z60*(36/33) -> 0 | AB60: checked | AC60: 44 | AD60: r1tr2
Q61: Late Life (16 to 25 yr) | S61: =R61*(36/33) -> 0 | T61: checked | U61: 45.6 | V61: r2tr1 | Y61: Late Life (16 to 25 yr) | AA61: =Z61*(36/33) -> 0 | AB61: checked | AC61: 34.5 | AD61: r2tr1
P62: Longitudinal Stress Range at Cap, MPa (Between Hot Oiling) | Q62: Early Life (1 to 15 yr) | S62: =R62*(36/33) -> 0 | T62: checked | U62: 108.8 | V62: r1tr2 | X62: Longitudinal Stress Range at Cap, MPa (Between Hot Oiling) | Y62: Early Life (1 to 15 yr) | AA62: =Z62*(36/33) -> 0 | AB62: checked | AC62: 22.3 | AD62: r2tr1
Q63: Late Life (16 to 25 yr) | S63: =R63*(36/33) -> 0 | T63: checked | U63: 119.1 | V63: r1tr2 | Y63: Late Life (16 to 25 yr) | AA63: =Z63*(36/33) -> 0 | AB63: checked | AC63: 25.1 | AD63: r2tr1
P64: Longitudinal Stress Range at CAP (Hydrotest), MPa | S64: =R64*(36/36) -> 0 | T64: checked | X64: Longitudinal Stress Range at CAP (Hydrotest), MPa | AA64: =Z64*(36/36) -> 0 | AB64: checked

Sheet HEBE_P1toP2
P1: Strain and Stress Ranges | R1: HE-BE | X1: Strain and Stress Ranges | Z1: HE-BE | AF1: Strain and Stress Ranges | AH1: HE-BE
O2: 10in | P2: Max. Axial Mechanical Tensile Strain OD (Hydrotest) | W2: 10in | X2: Max. Axial Mechanical Tensile Strain OD (Hydrotest) | AE2: 10in | AF2: Max. Axial Mechanical Tensile Strain OD (Hydrotest)
O3: Sleeper | P3: Max. Axial Total Tensile Strain OD (Hydrotest) | W3: Structure | X3: Max. Axial Total Tensile Strain OD (Hydrotest) | AE3: Other | AF3: Max. Axial Total Tensile Strain OD (Hydrotest)
P4: Max. Axial Mechanical Tensile Strain ID (Hydrotest) | X4: Max. Axial Mechanical Tensile Strain ID (Hydrotest) | AF4: Max. Axial Mechanical Tensile Strain ID (Hydrotest)
P5: Max. Axial Total Tensile Strain ID (Hydrotest) | X5: Max. Axial Total Tensile Strain ID (Hydrotest) | AF5: Max. Axial Total Tensile Strain ID (Hydrotest)
P6: Max. Axial Mechanical Tensile Strain OD (Design) | X6: Max. Axial Mechanical Tensile Strain OD (Design) | AF6: Max. Axial Mechanical Tensile Strain OD (Design)
P7: Max. Axial Total Tensile Strain OD (Design) | X7: Max. Axial Total Tensile Strain OD (Design) | AF7: Max. Axial Total Tensile Strain OD (Design)
P8: Max. Axial Mechanical Tensile Strain ID (Design) | X8: Max. Axial Mechanical Tensile Strain ID (Design) | AF8: Max. Axial Mechanical Tensile Strain ID (Design)
P9: Max. Axial Total Tensile Strain ID (Design) | X9: Max. Axial Total Tensile Strain ID (Design) | AF9: Max. Axial Total Tensile Strain ID (Design)
P10: Max. Axial Mechanical Tensile Strain OD (Early Life) | X10: Max. Axial Mechanical Tensile Strain OD (Early Life) | AF10: Max. Axial Mechanical Tensile Strain OD (Early Life)
P11: Max. Axial Total Tensile Strain OD (Early Life) | X11: Max. Axial Total Tensile Strain OD (Early Life) | AF11: Max. Axial Total Tensile Strain OD (Early Life)
P12: Max. Axial Mechanical Tensile Strain ID (Early Life) | X12: Max. Axial Mechanical Tensile Strain ID (Early Life) | AF12: Max. Axial Mechanical Tensile Strain ID (Early Life)
P13: Max. Axial Total Tensile Strain ID (Early Life) | X13: Max. Axial Total Tensile Strain ID (Early Life) | AF13: Max. Axial Total Tensile Strain ID (Early Life)
P14: Max. Axial Mechanical Tensile Strain OD (Late Life) | X14: Max. Axial Mechanical Tensile Strain OD (Late Life) | AF14: Max. Axial Mechanical Tensile Strain OD (Late Life)
P15: Max. Axial Total Tensile Strain OD (Late Life) | X15: Max. Axial Total Tensile Strain OD (Late Life) | AF15: Max. Axial Total Tensile Strain OD (Late Life)
... P17: Max. Axial Total Tensile Strain ID (Late Life) | X17: Max. Axial Total Tensile Strain ID (Late Life) | AF17: Max. Axial Total Tensile Strain ID (Late Life)
P18: Longitudinal Stress Range at MidWall, MPa (FCD) | Q18: Early Life (1 to 9 yr) | R18: 216.2 | S18: =R18*(33/30) -> 237.82 | T18: checked | U18: x | X18: Longitudinal Stress Range at MidWall, MPa (FCD) | Y18: Early Life (1 to 15 yr) | Z18: 81.690166 | AA18: =Z18*(33/30) -> 89.859183 | AB18: checked | AC18: x | AF18: Longitudinal Stress Range at MidWall, MPa (FCD) | AG18: Early Life (1 to 9 yr) | AH18: 67.1 | AI18: =AH18*(33/30) -> 73.81 | AJ18: checked | AK18: x
Q19: Mid Life (10 to 15 yr) | R19: 257.43662 | S19: =R19*(33/30) -> 283.18028 | Y19: Mid Life (10 to 15 yr) | Z19: 80.4867 | AA19: =Z19*(33/30) -> 88.53537 | AG19: Mid Life (10 to 15 yr) | AH19: 52.065058 | AI19: =AH19*(33/30) -> 57.271564
Q20: Late Life (16 to 25 yr) | R20: 257.75939 | S20: =R20*(33/30) -> 283.53533 | T20: checked | U20: x | Y20: Late Life (16 to 25 yr) | Z20: 80.939694 | AA20: =Z20*(33/30) -> 89.033663 | AB20: checked | AC20: x | AG20: Late Life (16 to 25 yr) | AH20: 52.011187 | AI20: =AH20*(33/30) -> 57.212306 | AJ20: checked | AK20: x
P21: Longitudinal Stress Range at MidWall, MPa (PCD) | Q21: Early Life (1 to 9 yr) | R21: 59.9 | S21: =R21*(33/30) -> 65.89 | T21: checked | U21: x | X21: Longitudinal Stress Range at MidWall, MPa (PCD) | Y21: Early Life (1 to 9 yr) | Z21: 46.638424 | AA21: =Z21*(33/30) -> 51.302266 | AB21: checked | AC21: x | AF21: Longitudinal Stress Range at MidWall, MPa (PCD) | AG21: Early Life (1 to 9 yr) | AH21: 25.641148 | AI21: =AH21*(33/30) -> 28.205263 | AJ21: checked | AK21: x
Q22: Mid Life (10 to 15 yr) | R22: 70.898492 | S22: =R22*(33/30) -> 77.988341 | Y22: Mid Life (10 to 15 yr) | Z22: 34.015404 | AA22: =Z22*(33/30) -> 37.416944 | AG22: Mid Life (10 to 15 yr) | AH22: 19.599053 | AI22: =AH22*(33/30) -> 21.558958
Q23: Late Life (16 to 25 yr) | R23: 71.097768 | S23: =R23*(33/30) -> 78.207545 | T23: checked | U23: x | Y23: Late Life (16 to 25 yr) | Z23: 36.35367 | AA23: =Z23*(33/30) -> 39.989037 | AB23: checked | AC23: x | AG23: Late Life (16 to 25 yr) | AH23: 22.550618 | AI23: =AH23*(33/30) -> 24.80568 | AJ23: checked | AK23: x
P24: Longitudinal Stress Range at MidWall, MPa (Between Hot Oiling) | Q24: Early Life (1 to 9 yr) | R24: 228.3 | S24: =R24*(33/30) -> 251.13 | T24: checked | U24: x | X24: Longitudinal Stress Range at MidWall, MPa (Between Hot Oiling) | Y24: Early Life (1 to 9 yr) | Z24: 50.283734 | AA24: =Z24*(33/30) -> 55.312107 | AB24: checked | AC24: x | AF24: Longitudinal Stress Range at MidWall, MPa (Between Hot Oiling) | AG24: Early Life (1 to 9 yr) | AH24: 34.799299 | AI24: =AH24*(33/30) -> 38.279229 | AJ24: checked | AK24: x
Q25: Mid Life (10 to 15 yr) | R25: 184.48921 | S25: =R25*(33/30) -> 202.93813 | Y25: Mid Life (10 to 15 yr) | Z25: 50.820504 | AA25: =Z25*(33/30) -> 55.902554 | AG25: Mid Life (10 to 15 yr) | AH25: 29.879916 | AI25: =AH25*(33/30) -> 32.867908 | AJ25: checked
Q26: Late Life (16 to 25 yr) | R26: 184.47419 | S26: =R26*(33/30) -> 202.9216 | T26: checked | U26: x | Y26: Late Life (16 to 25 yr) | Z26: 52.672068 | AA26: =Z26*(33/30) -> 57.939275 | AB26: checked | AC26: x | AG26: Late Life (16 to 25 yr) | AH26: 31.69288 | AI26: =AH26*(33/30) -> 34.862167 | AJ26: checked | AK26: x
P27: Longitudinal Stress Range at Midwall (Hydrotest), MPa | R27: 257.69429 | S27: =R27*(33/33) -> 257.69429 | T27: checked | U27: x | X27: Longitudinal Stress Range at Midwall (Hydrotest), MPa | Z27: 163.51738 | AA27: =Z27*(33/33) -> 163.51738 | AB27: checked | AC27: x | AF27: Longitudinal Stress Range at Midwall (Hydrotest), MPa | AH27: 142.3 | AI27: =AH27 -> 142.3 | AJ27: checked | AK27: x
P28: Longitudinal Stress Range at Cap, MPa (FCD) | Q28: Early Life (1 to 9 yr) | R28: 245.4 | S28: =R28*(33/30) -> 269.94 | T28: checked | U28: x | X28: Longitudinal Stress Range at Cap, MPa (FCD) | Y28: Early Life (1 to 9 yr) | Z28: 86.45202 | AA28: =Z28*(33/30) -> 95.097222 | AB28: checked | AC28: x | AF28: Longitudinal Stress Range at Cap, MPa (FCD) | AG28: Early Life (1 to 9 yr) | AH28: 67.8 | AI28: =AH28*(33/30) -> 74.58 | AJ28: checked | AK28: x
Q29: Mid Life (10 to 15 yr) | R29: 289.98902 | S29: =R29*(33/30) -> 318.98793 | Y29: Mid Life (10 to 15 yr) | Z29: 85.794078 | AA29: =Z29*(33/30) -> 94.373486 | AG29: Mid Life (10 to 15 yr) | AH29: 52.198681 | AI29: =AH29*(33/30) -> 57.418549
Q30: Late Life (16 to 25 yr) | R30: 290.70482 | S30: =R30*(33/30) -> 319.7753 | T30: checked | U30: x | Y30: Late Life (16 to 25 yr) | Z30: 86.289618 | AA30: =Z30*(33/30) -> 94.91858 | AB30: checked | AC30: x | AG30: Late Life (16 to 25 yr) | AH30: 52.14745 | AI30: =AH30*(33/30) -> 57.362195 | AJ30: checked | AK30: x
P31: Longitudinal Stress Range at Cap, MPa (PCD) | Q31: Early Life (1 to 9 yr) | R31: 66.9 | S31: =R31*(33/30) -> 73.59 | T31: checked | U31: x | X31: Longitudinal Stress Range at Cap, MPa (PCD) | Y31: Early Life (1 to 9 yr) | Z31: 43.454136 | AA31: =Z31*(33/30) -> 47.79955 | AB31: checked | AC31: x | AF31: Longitudinal Stress Range at Cap, MPa (PCD) | AG31: Early Life (1 to 9 yr) | AH31: 26.02629 | AI31: =AH31*(33/30) -> 28.628919 | AJ31: checked | AK31: x
Q32: Mid Life (10 to 15 yr) | R32: 79.988408 | S32: =R32*(33/30) -> 87.987249 | Y32: Mid Life (10 to 15 yr) | Z32: 36.454376 | AA32: =Z32*(33/30) -> 40.099814 | AG32: Mid Life (10 to 15 yr) | AH32: 19.991138 | AI32: =AH32*(33/30) -> 21.990252
Q33: Late Life (16 to 25 yr) | R33: 80.254896 | S33: =R33*(33/30) -> 88.280386 | T33: checked | U33: x | Y33: Late Life (16 to 25 yr) | Z33: 40.341032 | AA33: =Z33*(33/30) -> 44.375135 | AB33: checked | AC33: x | AG33: Late Life (16 to 25 yr) | AH33: 23.142534 | AI33: =AH33*(33/30) -> 25.456787 | AJ33: checked | AK33: x
P34: Longitudinal Stress Range at Cap, MPa (Between Hot Oiling) | Q34: Early Life (1 to 9 yr) | R34: 254.8 | S34: =R34*(33/30) -> 280.28 | T34: checked | U34: x | X34: Longitudinal Stress Range at Cap, MPa (Between Hot Oiling) | Y34: Early Life (1 to 9 yr) | Z34: 59.24906 | AA34: =Z34*(33/30) -> 65.173966 | AB34: checked | AC34: x | AF34: Longitudinal Stress Range at Cap, MPa (Between Hot Oiling) | AG34: Early Life (1 to 9 yr) | AH34: 34.769156 | AI34: =AH34*(33/30) -> 38.246072 | AJ34: checked | AK34: x
Q35: Mid Life (10 to 15 yr) | R35: 205.84825 | S35: =R35*(33/30) -> 226.43308 | Y35: Mid Life (10 to 15 yr) | Z35: 55.394804 | AA35: =Z35*(33/30) -> 60.934284 | AG35: Mid Life (10 to 15 yr) | AH35: 30.125788 | AI35: =AH35*(33/30) -> 33.138366
Q36: Late Life (16 to 25 yr) | R36: 205.86737 | S36: =R36*(33/30) -> 226.45411 | T36: checked | U36: x | Y36: Late Life (16 to 25 yr) | Z36: 57.28958 | AA36: =Z36*(33/30) -> 63.018538 | AB36: checked | AC36: x | AG36: Late Life (16 to 25 yr) | AH36: 31.94841 | AI36: =AH36*(33/30) -> 35.14325 | AJ36: checked | AK36: x
P37: Longitudinal Stress Range at CAP (Hydrotest), MPa | R37: 277.22238 | S37: =R37*(33/33) -> 277.22238 | T37: checked | U37: x | X37: Longitudinal Stress Range at CAP (Hydrotest), MPa | Z37: 172.1276 | AA37: =Z37*(33/33) -> 172.1276 | AB37: checked | AC37: x | AF37: Longitudinal Stress Range at CAP (Hydrotest), MPa | AH37: 146.1 | AI37: =AH37*(33/33) -> 146.1 | AJ37: checked | AK37: x
P40: Strain and Stress Ranges | R40: HE-BE | T40: BE-BE | U40: HE-BE | V40: Input for ECA | X40: Strain and Stress Ranges | Z40: HE-BE | AB40: BE-BE | AC40: HE-BE | AD40: Input for ECA | AF40: Strain and Stress Ranges | AH40: HE-BE | AJ40: BE-BE | AK40: HE-BE | AL40: Input for ECA
O41: 12in | P41: Max. Axial Mechanical Tensile Strain OD (Hydrotest) | W41: 12in | X41: Max. Axial Mechanical Tensile Strain OD (Hydrotest) | AE41: 12in | AF41: Max. Axial Mechanical Tensile Strain OD (Hydrotest)
O42: Sleeper | P42: Max. Axial Total Tensile Strain OD (Hydrotest) | W42: Structure | X42: Max. Axial Total Tensile Strain OD (Hydrotest) | AE42: Other | AF42: Max. Axial Total Tensile Strain OD (Hydrotest)
P43: Max. Axial Mechanical Tensile Strain ID (Hydrotest) | X43: Max. Axial Mechanical Tensile Strain ID (Hydrotest) | AF43: Max. Axial Mechanical Tensile Strain ID (Hydrotest)
P44: Max. Axial Total Tensile Strain ID (Hydrotest) | X44: Max. Axial Total Tensile Strain ID (Hydrotest) | AF44: Max. Axial Total Tensile Strain ID (Hydrotest)
P45: Max. Axial Mechanical Tensile Strain OD (Design) | X45: Max. Axial Mechanical Tensile Strain OD (Design) | AF45: Max. Axial Mechanical Tensile Strain OD (Design)
P46: Max. Axial Total Tensile Strain OD (Design) | X46: Max. Axial Total Tensile Strain OD (Design) | AF46: Max. Axial Total Tensile Strain OD (Design)
P47: Max. Axial Mechanical Tensile Strain ID (Design) | X47: Max. Axial Mechanical Tensile Strain ID (Design) | AF47: Max. Axial Mechanical Tensile Strain ID (Design)
P48: Max. Axial Total Tensile Strain ID (Design) | X48: Max. Axial Total Tensile Strain ID (Design) | AF48: Max. Axial Total Tensile Strain ID (Design)
P49: Max. Axial Mechanical Tensile Strain OD (Early Life) | X49: Max. Axial Mechanical Tensile Strain OD (Early Life) | AF49: Max. Axial Mechanical Tensile Strain OD (Early Life)
P50: Max. Axial Total Tensile Strain OD (Early Life) | X50: Max. Axial Total Tensile Strain OD (Early Life) | AF50: Max. Axial Total Tensile Strain OD (Early Life)
P51: Max. Axial Mechanical Tensile Strain ID (Early Life) | X51: Max. Axial Mechanical Tensile Strain ID (Early Life) | AF51: Max. Axial Mechanical Tensile Strain ID (Early Life)
P52: Max. Axial Total Tensile Strain ID (Early Life) | X52: Max. Axial Total Tensile Strain ID (Early Life) | AF52: Max. Axial Total Tensile Strain ID (Early Life)
P53: Max. Axial Mechanical Tensile Strain OD (Late Life) | X53: Max. Axial Mechanical Tensile Strain OD (Late Life) | AF53: Max. Axial Mechanical Tensile Strain OD (Late Life)
P54: Max. Axial Total Tensile Strain OD (Late Life) | X54: Max. Axial Total Tensile Strain OD (Late Life) | AF54: Max. Axial Total Tensile Strain OD (Late Life)
... P56: Max. Axial Total Tensile Strain ID (Late Life) | X56: Max. Axial Total Tensile Strain ID (Late Life) | AF56: Max. Axial Total Tensile Strain ID (Late Life)
P57: Longitudinal Stress Range at MidWall, MPa (FCD) | Q57: Early Life (1 to 9 yr) | R57: 288.35798 | S57: =R57*(36/33) -> 314.57235 | T57: checked | U57: x | X57: Longitudinal Stress Range at MidWall, MPa (FCD) | Y57: Early Life (1 to 9 yr) | Z57: 59.200968 | AA57: =Z57*(36/33) -> 64.582874 | AB57: checked | AC57: x | AF57: Longitudinal Stress Range at MidWall, MPa (FCD) | AG57: Early Life (1 to 9 yr) | AH57: 51.900745 | AI57: =AH57*(36/33) -> 56.618995 | AJ57: checked | AK57: x
Q58: Mid Life (10 to 15 yr) | R58: 256.57845 | S58: =R58*(36/33) -> 279.90376 | Y58: Mid Life (10 to 15 yr) | Z58: 60.086616 | AA58: =Z58*(33/30) -> 66.095278 | AG58: Mid Life (10 to 15 yr) | AH58: 50.552838 | AI58: =AH58*(33/30) -> 55.608122
Q59: Late Life (16 to 25 yr) | R59: 261.72264 | S59: =R59*(36/33) -> 285.5156 | T59: checked | U59: x | Y59: Late Life (16 to 25 yr) | Z59: 60.456288 | AA59: =Z59*(36/33) -> 65.952314 | AB59: checked | AC59: x | AG59: Late Life (16 to 25 yr) | AH59: 51.965753 | AI59: =AH59*(36/33) -> 56.689912 | AJ59: checked | AK59: x
P60: Longitudinal Stress Range at MidWall, MPa (PCD) | Q60: Early Life (1 to 9 yr) | R60: 82.188 | S60: =R60*(36/33) -> 89.659636 | T60: checked | U60: x | X60: Longitudinal Stress Range at MidWall, MPa (PCD) | Y60: Early Life (1 to 9 yr) | Z60: 40.454052 | AA60: =Z60*(36/33) -> 44.131693 | AB60: checked | AC60: x | AF60: Longitudinal Stress Range at MidWall, MPa (PCD) | AG60: Early Life (1 to 9 yr) | AH60: 26.972586 | AI60: =AH60*(36/33) -> 29.424639 | AJ60: checked | AK60: x
Q61: Mid Life (10 to 15 yr) | R61: 49.99664 | S61: =R61*(36/33) -> 54.541789 | Y61: Mid Life (10 to 15 yr) | Z61: 38.779376 | AA61: =Z61*(33/30) -> 42.657314 | AG61: Mid Life (10 to 15 yr) | AH61: 27.21458 | AI61: =AH61*(33/30) -> 29.936038
Q62: Late Life (16 to 25 yr) | R62: 51.350128 | S62: =R62*(36/33) -> 56.018321 | T62: checked | U62: x | Y62: Late Life (16 to 25 yr) | Z62: 38.897608 | AA62: =Z62*(36/33) -> 42.433754 | AB62: checked | AC62: x | AG62: Late Life (16 to 25 yr) | AH62: 26.533468 | AI62: =AH62*(36/33) -> 28.945601 | AJ62: checked | AK62: x
P63: Longitudinal Stress Range at MidWall, MPa (Between Hot Oiling) | Q63: Early Life (1 to 9 yr) | R63: 212.38643 | S63: =R63*(36/33) -> 231.69429 | T63: checked | U63: x | X63: Longitudinal Stress Range at MidWall, MPa (Between Hot Oiling) | Y63: Early Life (1 to 9 yr) | Z63: 42.3392 | AA63: =Z63*(36/33) -> 46.188218 | AB63: checked | AC63: x | AF63: Longitudinal Stress Range at MidWall, MPa (Between Hot Oiling) | AG63: Early Life (1 to 9 yr) | AH63: 36.642259 | AI63: =AH63*(36/33) -> 39.973373 | AJ63: checked | AK63: x
Q64: Mid Life (10 to 15 yr) | R64: 214.47534 | S64: =R64*(36/33) -> 233.9731 | Y64: Mid Life (10 to 15 yr) | Z64: 45.432936 | AA64: =Z64*(33/30) -> 49.97623 | AG64: Mid Life (10 to 15 yr) | AH64: 35.802582 | AI64: =AH64*(33/30) -> 39.38284
Q65: Late Life (16 to 25 yr) | R65: 219.54097 | S65: =R65*(36/33) -> 239.49924 | T65: checked | U65: x | Y65: Late Life (16 to 25 yr) | Z65: 44.866036 | AA65: =Z65*(36/33) -> 48.944767 | AB65: checked | AC65: x | AG65: Late Life (16 to 25 yr) | AH65: 39.893006 | AI65: =AH65*(36/33) -> 43.519642 | AJ65: checked | AK65: x
P66: Longitudinal Stress Range at Midwall (Hydrotest), MPa | R66: 295.08974 | S66: =R66*(36/36) -> 295.08974 | T66: checked | U66: x | X66: Longitudinal Stress Range at Midwall (Hydrotest), MPa | Z66: 189.05129 | AA66: =Z66*(36/36) -> 189.05129 | AB66: checked | AC66: x | AF66: Longitudinal Stress Range at Midwall (Hydrotest), MPa | AH66: 139.4 | AI66: =AH66*(36/36) -> 139.4 | AJ66: checked | AK66: x
P67: Longitudinal Stress Range at Cap, MPa (FCD) | Q67: Early Life (1 to 9 yr) | R67: 323.25398 | S67: =R67*(36/33) -> 352.6407 | T67: checked | U67: x | X67: Longitudinal Stress Range at Cap, MPa (FCD) | Y67: Early Life (1 to 9 yr) | Z67: 61.687144 | AA67: =Z67*(36/33) -> 67.295066 | AB67: checked | AC67: x | AF67: Longitudinal Stress Range at Cap, MPa (FCD) | AG67: Early Life (1 to 9 yr) | AH67: 52.150188 | AI67: =AH67*(36/33) -> 56.891114 | AJ67: checked | AK67: x
Q68: Mid Life (10 to 15 yr) | R68: 287.88623 | S68: =R68*(36/33) -> 314.05771 | Y68: Mid Life (10 to 15 yr) | Z68: 62.589856 | AA68: =Z68*(33/30) -> 68.848842 | AG68: Mid Life (10 to 15 yr) | AH68: 50.798015 | AI68: =AH68*(33/30) -> 55.877816
Q69: Late Life (16 to 25 yr) | R69: 293.3384 | S69: =R69*(36/33) -> 320.00553 | T69: checked | U69: x | Y69: Late Life (16 to 25 yr) | Z69: 62.990632 | AA69: =Z69*(36/33) -> 68.717053 | AB69: checked | AC69: x | AG69: Late Life (16 to 25 yr) | AH69: 52.218535 | AI69: =AH69*(36/33) -> 56.965675 | AJ69: checked | AK69: x
P70: Longitudinal Stress Range at Cap, MPa (PCD) | Q70: Early Life (1 to 9 yr) | R70: 92.367904 | S70: =R70*(36/33) -> 100.76499 | T70: checked | U70: x | X70: Longitudinal Stress Range at Cap, MPa (PCD) | Y70: Early Life (1 to 9 yr) | Z70: 37.953764 | AA70: =Z70*(36/33) -> 41.404106 | AB70: checked | AC70: x | AF70: Longitudinal Stress Range at Cap, MPa (PCD) | AG70: Early Life (1 to 9 yr) | AH70: 26.337492 | AI70: =AH70*(36/33) -> 28.731809 | AJ70: checked | AK70: x
Q71: Mid Life (10 to 15 yr) | R71: 55.78632 | S71: =R71*(36/33) -> 60.857804 | Y71: Mid Life (10 to 15 yr) | Z71: 41.249908 | AA71: =Z71*(33/30) -> 45.374899 | AG71: Mid Life (10 to 15 yr) | AH71: 28.110828 | AI71: =AH71*(33/30) -> 30.921911
Q72: Late Life (16 to 25 yr) | R72: 57.256328 | S72: =R72*(36/33) -> 62.461449 | T72: checked | U72: x | Y72: Late Life (16 to 25 yr) | Z72: 41.405488 | AA72: =Z72*(36/33) -> 45.169623 | AB72: checked | AC72: x | AG72: Late Life (16 to 25 yr) | AH72: 27.449956 | AI72: =AH72*(36/33) -> 29.945407 | AJ72: checked | AK72: x
P73: Longitudinal Stress Range at Cap, MPa (Between Hot Oiling) | Q73: Early Life (1 to 9 yr) | R73: 237.90602 | S73: =R73*(36/33) -> 259.53384 | T73: checked | U73: x | X73: Longitudinal Stress Range at Cap, MPa (Between Hot Oiling) | Y73: Early Life (1 to 9 yr) | Z73: 38.940152 | AA73: =Z73*(36/33) -> 42.480166 | AB73: checked | AC73: x | AF73: Longitudinal Stress Range at Cap, MPa (Between Hot Oiling) | AG73: Early Life (1 to 9 yr) | AH73: 36.793351 | AI73: =AH73*(36/33) -> 40.138201 | AJ73: checked | AK73: x
Q74: Mid Life (10 to 15 yr) | R74: 240.57435 | S74: =R74*(36/33) -> 262.44475 | Y74: Mid Life (10 to 15 yr) | Z74: 48.844028 | AA74: =Z74*(33/30) -> 53.728431 | AG74: Mid Life (10 to 15 yr) | AH74: 35.894967 | AI74: =AH74*(33/30) -> 39.484464
Q75: Late Life (16 to 25 yr) | R75: 246.13828 | S75: =R75*(36/33) -> 268.51449 | T75: checked | U75: x | Y75: Late Life (16 to 25 yr) | Z75: 48.323404 | AA75: =Z75*(36/33) -> 52.716441 | AB75: checked | AC75: x | AG75: Late Life (16 to 25 yr) | AH75: 40.05673 | AI75: =AH75*(36/33) -> 43.69825 | AJ75: checked | AK75: x
P76: Longitudinal Stress Range at CAP (Hydrotest), MPa | R76: 315.70314 | S76: =R76*(36/36) -> 315.70314 | T76: checked | U76: x | X76: Longitudinal Stress Range at CAP (Hydrotest), MPa | Z76: 198.49409 | AA76: =Z76*(36/36) -> 198.49409 | AB76: checked | AC76: x | AF76: Longitudinal Stress Range at CAP (Hydrotest), MPa | AH76: 140.8 | AI76: =AH76*(36/36) -> 140.8 | AJ76: checked | AK76: x

Sheet HEBE_P2toP1
P1: Strain and Stress Ranges | R1: HE-BE | X1: Strain and Stress Ranges | Z1: HE-BE | AF1: Strain and Stress Ranges | AH1: HE-BE
O2: 10in | P2: Max. Axial Mechanical Tensile Strain OD (Hydrotest) | W2: 10in | X2: Max. Axial Mechanical Tensile Strain OD (Hydrotest) | AE2: 10in | AF2: Max. Axial Mechanical Tensile Strain OD (Hydrotest)
O3: Sleeper | P3: Max. Axial Total Tensile Strain OD (Hydrotest) | W3: Structure | X3: Max. Axial Total Tensile Strain OD (Hydrotest) | AE3: Other | AF3: Max. Axial Total Tensile Strain OD (Hydrotest)
P4: Max. Axial Mechanical Tensile Strain ID (Hydrotest) | X4: Max. Axial Mechanical Tensile Strain ID (Hydrotest) | AF4: Max. Axial Mechanical Tensile Strain ID (Hydrotest)
P5: Max. Axial Total Tensile Strain ID (Hydrotest) | X5: Max. Axial Total Tensile Strain ID (Hydrotest) | AF5: Max. Axial Total Tensile Strain ID (Hydrotest)
P6: Max. Axial Mechanical Tensile Strain OD (Design) | X6: Max. Axial Mechanical Tensile Strain OD (Design) | AF6: Max. Axial Mechanical Tensile Strain OD (Design)
P7: Max. Axial Total Tensile Strain OD (Design) | X7: Max. Axial Total Tensile Strain OD (Design) | AF7: Max. Axial Total Tensile Strain OD (Design)
P8: Max. Axial Mechanical Tensile Strain ID (Design) | X8: Max. Axial Mechanical Tensile Strain ID (Design) | AF8: Max. Axial Mechanical Tensile Strain ID (Design)
P9: Max. Axial Total Tensile Strain ID (Design) | X9: Max. Axial Total Tensile Strain ID (Design) | AF9: Max. Axial Total Tensile Strain ID (Design)
P10: Max. Axial Mechanical Tensile Strain OD (Early Life) | X10: Max. Axial Mechanical Tensile Strain OD (Early Life) | AF10: Max. Axial Mechanical Tensile Strain OD (Early Life)
P11: Max. Axial Total Tensile Strain OD (Early Life) | X11: Max. Axial Total Tensile Strain OD (Early Life) | AF11: Max. Axial Total Tensile Strain OD (Early Life)
P12: Max. Axial Mechanical Tensile Strain ID (Early Life) | X12: Max. Axial Mechanical Tensile Strain ID (Early Life) | AF12: Max. Axial Mechanical Tensile Strain ID (Early Life)
P13: Max. Axial Total Tensile Strain ID (Early Life) | X13: Max. Axial Total Tensile Strain ID (Early Life) | AF13: Max. Axial Total Tensile Strain ID (Early Life)
P14: Max. Axial Mechanical Tensile Strain OD (Late Life) | X14: Max. Axial Mechanical Tensile Strain OD (Late Life) | AF14: Max. Axial Mechanical Tensile Strain OD (Late Life)
P15: Max. Axial Total Tensile Strain OD (Late Life) | X15: Max. Axial Total Tensile Strain OD (Late Life) | AF15: Max. Axial Total Tensile Strain OD (Late Life)
... P17: Max. Axial Total Tensile Strain ID (Late Life) | X17: Max. Axial Total Tensile Strain ID (Late Life) | AF17: Max. Axial Total Tensile Strain ID (Late Life)
P18: Longitudinal Stress Range at MidWall, MPa (FCD) | Q18: Early Life (1 to 9 yr) | R18: 216.2 | S18: =R18*(33/30) -> 237.82 | T18: checked | U18: x | X18: Longitudinal Stress Range at MidWall, MPa (FCD) | Y18: Early Life (1 to 15 yr) | Z18: 81.690166 | AA18: =Z18*(33/30) -> 89.859183 | AB18: checked | AC18: x | AF18: Longitudinal Stress Range at MidWall, MPa (FCD) | AG18: Early Life (1 to 9 yr) | AH18: 67.1 | AI18: =AH18*(33/30) -> 73.81 | AJ18: checked | AK18: x
Q19: Mid Life (10 to 15 yr) | R19: 257.43662 | S19: =R19*(33/30) -> 283.18028 | Y19: Mid Life (10 to 15 yr) | Z19: 80.4867 | AA19: =Z19*(33/30) -> 88.53537 | AG19: Mid Life (10 to 15 yr) | AH19: 52.065058 | AI19: =AH19*(33/30) -> 57.271564
Q20: Late Life (16 to 25 yr) | R20: 257.75939 | S20: =R20*(33/30) -> 283.53533 | T20: checked | U20: x | Y20: Late Life (16 to 25 yr) | Z20: 80.939694 | AA20: =Z20*(33/30) -> 89.033663 | AB20: checked | AC20: x | AG20: Late Life (16 to 25 yr) | AH20: 52.011187 | AI20: =AH20*(33/30) -> 57.212306 | AJ20: checked | AK20: x
P21: Longitudinal Stress Range at MidWall, MPa (PCD) | Q21: Early Life (1 to 9 yr) | R21: 59.9 | S21: =R21*(33/30) -> 65.89 | T21: checked | U21: x | X21: Longitudinal Stress Range at MidWall, MPa (PCD) | Y21: Early Life (1 to 9 yr) | Z21: 46.638424 | AA21: =Z21*(33/30) -> 51.302266 | AB21: checked | AC21: x | AF21: Longitudinal Stress Range at MidWall, MPa (PCD) | AG21: Early Life (1 to 9 yr) | AH21: 25.641148 | AI21: =AH21*(33/30) -> 28.205263 | AJ21: checked | AK21: x
Q22: Mid Life (10 to 15 yr) | R22: 70.898492 | S22: =R22*(33/30) -> 77.988341 | Y22: Mid Life (10 to 15 yr) | Z22: 34.015404 | AA22: =Z22*(33/30) -> 37.416944 | AG22: Mid Life (10 to 15 yr) | AH22: 19.599053 | AI22: =AH22*(33/30) -> 21.558958
Q23: Late Life (16 to 25 yr) | R23: 71.097768 | S23: =R23*(33/30) -> 78.207545 | T23: checked | U23: x | Y23: Late Life (16 to 25 yr) | Z23: 36.35367 | AA23: =Z23*(33/30) -> 39.989037 | AB23: checked | AC23: x | AG23: Late Life (16 to 25 yr) | AH23: 22.550618 | AI23: =AH23*(33/30) -> 24.80568 | AJ23: checked | AK23: x
P24: Longitudinal Stress Range at MidWall, MPa (Between Hot Oiling) | Q24: Early Life (1 to 9 yr) | R24: 228.3 | S24: =R24*(33/30) -> 251.13 | T24: checked | U24: x | X24: Longitudinal Stress Range at MidWall, MPa (Between Hot Oiling) | Y24: Early Life (1 to 9 yr) | Z24: 50.283734 | AA24: =Z24*(33/30) -> 55.312107 | AB24: checked | AC24: x | AF24: Longitudinal Stress Range at MidWall, MPa (Between Hot Oiling) | AG24: Early Life (1 to 9 yr) | AH24: 34.799299 | AI24: =AH24*(33/30) -> 38.279229 | AJ24: checked | AK24: x
Q25: Mid Life (10 to 15 yr) | R25: 184.48921 | S25: =R25*(33/30) -> 202.93813 | Y25: Mid Life (10 to 15 yr) | Z25: 50.820504 | AA25: =Z25*(33/30) -> 55.902554 | AG25: Mid Life (10 to 15 yr) | AH25: 29.879916 | AI25: =AH25*(33/30) -> 32.867908 | AJ25: checked
Q26: Late Life (16 to 25 yr) | R26: 184.47419 | S26: =R26*(33/30) -> 202.9216 | T26: checked | U26: x | Y26: Late Life (16 to 25 yr) | Z26: 52.672068 | AA26: =Z26*(33/30) -> 57.939275 | AB26: checked | AC26: x | AG26: Late Life (16 to 25 yr) | AH26: 31.69288 | AI26: =AH26*(33/30) -> 34.862167 | AJ26: checked | AK26: x
P27: Longitudinal Stress Range at Midwall (Hydrotest), MPa | R27: 257.69429 | S27: =R27*(33/33) -> 257.69429 | T27: checked | U27: x | X27: Longitudinal Stress Range at Midwall (Hydrotest), MPa | Z27: 163.51738 | AA27: =Z27*(33/33) -> 163.51738 | AB27: checked | AC27: x | AF27: Longitudinal Stress Range at Midwall (Hydrotest), MPa | AH27: 142.3 | AI27: =AH27 -> 142.3 | AJ27: checked | AK27: x
P28: Longitudinal Stress Range at Cap, MPa (FCD) | Q28: Early Life (1 to 9 yr) | R28: 245.4 | S28: =R28*(33/30) -> 269.94 | T28: checked | U28: x | X28: Longitudinal Stress Range at Cap, MPa (FCD) | Y28: Early Life (1 to 9 yr) | Z28: 86.45202 | AA28: =Z28*(33/30) -> 95.097222 | AB28: checked | AC28: x | AF28: Longitudinal Stress Range at Cap, MPa (FCD) | AG28: Early Life (1 to 9 yr) | AH28: 67.8 | AI28: =AH28*(33/30) -> 74.58 | AJ28: checked | AK28: x
Q29: Mid Life (10 to 15 yr) | R29: 289.98902 | S29: =R29*(33/30) -> 318.98793 | Y29: Mid Life (10 to 15 yr) | Z29: 85.794078 | AA29: =Z29*(33/30) -> 94.373486 | AG29: Mid Life (10 to 15 yr) | AH29: 52.198681 | AI29: =AH29*(33/30) -> 57.418549
Q30: Late Life (16 to 25 yr) | R30: 290.70482 | S30: =R30*(33/30) -> 319.7753 | T30: checked | U30: x | Y30: Late Life (16 to 25 yr) | Z30: 86.289618 | AA30: =Z30*(33/30) -> 94.91858 | AB30: checked | AC30: x | AG30: Late Life (16 to 25 yr) | AH30: 52.14745 | AI30: =AH30*(33/30) -> 57.362195 | AJ30: checked | AK30: x
P31: Longitudinal Stress Range at Cap, MPa (PCD) | Q31: Early Life (1 to 9 yr) | R31: 66.9 | S31: =R31*(33/30) -> 73.59 | T31: checked | U31: x | X31: Longitudinal Stress Range at Cap, MPa (PCD) | Y31: Early Life (1 to 9 yr) | Z31: 43.454136 | AA31: =Z31*(33/30) -> 47.79955 | AB31: checked | AC31: x | AF31: Longitudinal Stress Range at Cap, MPa (PCD) | AG31: Early Life (1 to 9 yr) | AH31: 26.02629 | AI31: =AH31*(33/30) -> 28.628919 | AJ31: checked | AK31: x
Q32: Mid Life (10 to 15 yr) | R32: 79.988408 | S32: =R32*(33/30) -> 87.987249 | Y32: Mid Life (10 to 15 yr) | Z32: 36.454376 | AA32: =Z32*(33/30) -> 40.099814 | AG32: Mid Life (10 to 15 yr) | AH32: 19.991138 | AI32: =AH32*(33/30) -> 21.990252
Q33: Late Life (16 to 25 yr) | R33: 80.254896 | S33: =R33*(33/30) -> 88.280386 | T33: checked | U33: x | Y33: Late Life (16 to 25 yr) | Z33: 40.341032 | AA33: =Z33*(33/30) -> 44.375135 | AB33: checked | AC33: x | AG33: Late Life (16 to 25 yr) | AH33: 23.142534 | AI33: =AH33*(33/30) -> 25.456787 | AJ33: checked | AK33: x
P34: Longitudinal Stress Range at Cap, MPa (Between Hot Oiling) | Q34: Early Life (1 to 9 yr) | R34: 254.8 | S34: =R34*(33/30) -> 280.28 | T34: checked | U34: x | X34: Longitudinal Stress Range at Cap, MPa (Between Hot Oiling) | Y34: Early Life (1 to 9 yr) | Z34: 59.24906 | AA34: =Z34*(33/30) -> 65.173966 | AB34: checked | AC34: x | AF34: Longitudinal Stress Range at Cap, MPa (Between Hot Oiling) | AG34: Early Life (1 to 9 yr) | AH34: 34.769156 | AI34: =AH34*(33/30) -> 38.246072 | AJ34: checked | AK34: x
Q35: Mid Life (10 to 15 yr) | R35: 205.84825 | S35: =R35*(33/30) -> 226.43308 | Y35: Mid Life (10 to 15 yr) | Z35: 55.394804 | AA35: =Z35*(33/30) -> 60.934284 | AG35: Mid Life (10 to 15 yr) | AH35: 30.125788 | AI35: =AH35*(33/30) -> 33.138366
Q36: Late Life (16 to 25 yr) | R36: 205.86737 | S36: =R36*(33/30) -> 226.45411 | T36: checked | U36: x | Y36: Late Life (16 to 25 yr) | Z36: 57.28958 | AA36: =Z36*(33/30) -> 63.018538 | AB36: checked | AC36: x | AG36: Late Life (16 to 25 yr) | AH36: 31.94841 | AI36: =AH36*(33/30) -> 35.14325 | AJ36: checked | AK36: x
P37: Longitudinal Stress Range at CAP (Hydrotest), MPa | R37: 277.22238 | S37: =R37*(33/33) -> 277.22238 | T37: checked | U37: x | X37: Longitudinal Stress Range at CAP (Hydrotest), MPa | Z37: 172.1276 | AA37: =Z37*(33/33) -> 172.1276 | AB37: checked | AC37: x | AF37: Longitudinal Stress Range at CAP (Hydrotest), MPa | AH37: 146.1 | AI37: =AH37*(33/33) -> 146.1 | AJ37: checked | AK37: x
P40: Strain and Stress Ranges | R40: HE-BE | T40: BE-BE | U40: HE-BE | V40: Input for ECA | X40: Strain and Stress Ranges | Z40: HE-BE | AB40: BE-BE | AC40: HE-BE | AD40: Input for ECA | AF40: Strain and Stress Ranges | AH40: HE-BE | AJ40: BE-BE | AK40: HE-BE | AL40: Input for ECA
O41: 12in | P41: Max. Axial Mechanical Tensile Strain OD (Hydrotest) | W41: 12in | X41: Max. Axial Mechanical Tensile Strain OD (Hydrotest) | AE41: 12in | AF41: Max. Axial Mechanical Tensile Strain OD (Hydrotest)
O42: Sleeper | P42: Max. Axial Total Tensile Strain OD (Hydrotest) | W42: Structure | X42: Max. Axial Total Tensile Strain OD (Hydrotest) | AE42: Other | AF42: Max. Axial Total Tensile Strain OD (Hydrotest)
P43: Max. Axial Mechanical Tensile Strain ID (Hydrotest) | X43: Max. Axial Mechanical Tensile Strain ID (Hydrotest) | AF43: Max. Axial Mechanical Tensile Strain ID (Hydrotest)
P44: Max. Axial Total Tensile Strain ID (Hydrotest) | X44: Max. Axial Total Tensile Strain ID (Hydrotest) | AF44: Max. Axial Total Tensile Strain ID (Hydrotest)
P45: Max. Axial Mechanical Tensile Strain OD (Design) | X45: Max. Axial Mechanical Tensile Strain OD (Design) | AF45: Max. Axial Mechanical Tensile Strain OD (Design)
P46: Max. Axial Total Tensile Strain OD (Design) | X46: Max. Axial Total Tensile Strain OD (Design) | AF46: Max. Axial Total Tensile Strain OD (Design)
P47: Max. Axial Mechanical Tensile Strain ID (Design) | X47: Max. Axial Mechanical Tensile Strain ID (Design) | AF47: Max. Axial Mechanical Tensile Strain ID (Design)
P48: Max. Axial Total Tensile Strain ID (Design) | X48: Max. Axial Total Tensile Strain ID (Design) | AF48: Max. Axial Total Tensile Strain ID (Design)
P49: Max. Axial Mechanical Tensile Strain OD (Early Life) | X49: Max. Axial Mechanical Tensile Strain OD (Early Life) | AF49: Max. Axial Mechanical Tensile Strain OD (Early Life)
P50: Max. Axial Total Tensile Strain OD (Early Life) | X50: Max. Axial Total Tensile Strain OD (Early Life) | AF50: Max. Axial Total Tensile Strain OD (Early Life)
P51: Max. Axial Mechanical Tensile Strain ID (Early Life) | X51: Max. Axial Mechanical Tensile Strain ID (Early Life) | AF51: Max. Axial Mechanical Tensile Strain ID (Early Life)
P52: Max. Axial Total Tensile Strain ID (Early Life) | X52: Max. Axial Total Tensile Strain ID (Early Life) | AF52: Max. Axial Total Tensile Strain ID (Early Life)
P53: Max. Axial Mechanical Tensile Strain OD (Late Life) | X53: Max. Axial Mechanical Tensile Strain OD (Late Life) | AF53: Max. Axial Mechanical Tensile Strain OD (Late Life)
P54: Max. Axial Total Tensile Strain OD (Late Life) | X54: Max. Axial Total Tensile Strain OD (Late Life) | AF54: Max. Axial Total Tensile Strain OD (Late Life)
... P56: Max. Axial Total Tensile Strain ID (Late Life) | X56: Max. Axial Total Tensile Strain ID (Late Life) | AF56: Max. Axial Total Tensile Strain ID (Late Life)
P57: Longitudinal Stress Range at MidWall, MPa (FCD) | Q57: Early Life (1 to 9 yr) | R57: 288.35798 | S57: =R57*(36/33) -> 314.57235 | T57: checked | U57: x | X57: Longitudinal Stress Range at MidWall, MPa (FCD) | Y57: Early Life (1 to 9 yr) | Z57: 59.200968 | AA57: =Z57*(36/33) -> 64.582874 | AB57: checked | AC57: x | AF57: Longitudinal Stress Range at MidWall, MPa (FCD) | AG57: Early Life (1 to 9 yr) | AH57: 51.900745 | AI57: =AH57*(36/33) -> 56.618995 | AJ57: checked | AK57: x
Q58: Mid Life (10 to 15 yr) | R58: 256.57845 | S58: =R58*(36/33) -> 279.90376 | Y58: Mid Life (10 to 15 yr) | Z58: 60.086616 | AA58: =Z58*(33/30) -> 66.095278 | AG58: Mid Life (10 to 15 yr) | AH58: 50.552838 | AI58: =AH58*(33/30) -> 55.608122
Q59: Late Life (16 to 25 yr) | R59: 261.72264 | S59: =R59*(36/33) -> 285.5156 | T59: checked | U59: x | Y59: Late Life (16 to 25 yr) | Z59: 60.456288 | AA59: =Z59*(36/33) -> 65.952314 | AB59: checked | AC59: x | AG59: Late Life (16 to 25 yr) | AH59: 51.965753 | AI59: =AH59*(36/33) -> 56.689912 | AJ59: checked | AK59: x
P60: Longitudinal Stress Range at MidWall, MPa (PCD) | Q60: Early Life (1 to 9 yr) | R60: 82.188 | S60: =R60*(36/33) -> 89.659636 | T60: checked | U60: x | X60: Longitudinal Stress Range at MidWall, MPa (PCD) | Y60: Early Life (1 to 9 yr) | Z60: 40.454052 | AA60: =Z60*(36/33) -> 44.131693 | AB60: checked | AC60: x | AF60: Longitudinal Stress Range at MidWall, MPa (PCD) | AG60: Early Life (1 to 9 yr) | AH60: 26.972586 | AI60: =AH60*(36/33) -> 29.424639 | AJ60: checked | AK60: x
Q61: Mid Life (10 to 15 yr) | R61: 49.99664 | S61: =R61*(36/33) -> 54.541789 | Y61: Mid Life (10 to 15 yr) | Z61: 38.779376 | AA61: =Z61*(33/30) -> 42.657314 | AG61: Mid Life (10 to 15 yr) | AH61: 27.21458 | AI61: =AH61*(33/30) -> 29.936038
Q62: Late Life (16 to 25 yr) | R62: 51.350128 | S62: =R62*(36/33) -> 56.018321 | T62: checked | U62: x | Y62: Late Life (16 to 25 yr) | Z62: 38.897608 | AA62: =Z62*(36/33) -> 42.433754 | AB62: checked | AC62: x | AG62: Late Life (16 to 25 yr) | AH62: 26.533468 | AI62: =AH62*(36/33) -> 28.945601 | AJ62: checked | AK62: x
P63: Longitudinal Stress Range at MidWall, MPa (Between Hot Oiling) | Q63: Early Life (1 to 9 yr) | R63: 212.38643 | S63: =R63*(36/33) -> 231.69429 | T63: checked | U63: x | X63: Longitudinal Stress Range at MidWall, MPa (Between Hot Oiling) | Y63: Early Life (1 to 9 yr) | Z63: 42.3392 | AA63: =Z63*(36/33) -> 46.188218 | AB63: checked | AC63: x | AF63: Longitudinal Stress Range at MidWall, MPa (Between Hot Oiling) | AG63: Early Life (1 to 9 yr) | AH63: 36.642259 | AI63: =AH63*(36/33) -> 39.973373 | AJ63: checked | AK63: x
Q64: Mid Life (10 to 15 yr) | R64: 214.47534 | S64: =R64*(36/33) -> 233.9731 | Y64: Mid Life (10 to 15 yr) | Z64: 45.432936 | AA64: =Z64*(33/30) -> 49.97623 | AG64: Mid Life (10 to 15 yr) | AH64: 35.802582 | AI64: =AH64*(33/30) -> 39.38284
Q65: Late Life (16 to 25 yr) | R65: 219.54097 | S65: =R65*(36/33) -> 239.49924 | T65: checked | U65: x | Y65: Late Life (16 to 25 yr) | Z65: 44.866036 | AA65: =Z65*(36/33) -> 48.944767 | AB65: checked | AC65: x | AG65: Late Life (16 to 25 yr) | AH65: 39.893006 | AI65: =AH65*(36/33) -> 43.519642 | AJ65: checked | AK65: x
P66: Longitudinal Stress Range at Midwall (Hydrotest), MPa | R66: 295.08974 | S66: =R66*(36/36) -> 295.08974 | T66: checked | U66: x | X66: Longitudinal Stress Range at Midwall (Hydrotest), MPa | Z66: 189.05129 | AA66: =Z66*(36/36) -> 189.05129 | AB66: checked | AC66: x | AF66: Longitudinal Stress Range at Midwall (Hydrotest), MPa | AH66: 139.4 | AI66: =AH66*(36/36) -> 139.4 | AJ66: checked | AK66: x
P67: Longitudinal Stress Range at Cap, MPa (FCD) | Q67: Early Life (1 to 9 yr) | R67: 323.25398 | S67: =R67*(36/33) -> 352.6407 | T67: checked | U67: x | X67: Longitudinal Stress Range at Cap, MPa (FCD) | Y67: Early Life (1 to 9 yr) | Z67: 61.687144 | AA67: =Z67*(36/33) -> 67.295066 | AB67: checked | AC67: x | AF67: Longitudinal Stress Range at Cap, MPa (FCD) | AG67: Early Life (1 to 9 yr) | AH67: 52.150188 | AI67: =AH67*(36/33) -> 56.891114 | AJ67: checked | AK67: x
Q68: Mid Life (10 to 15 yr) | R68: 287.88623 | S68: =R68*(36/33) -> 314.05771 | Y68: Mid Life (10 to 15 yr) | Z68: 62.589856 | AA68: =Z68*(33/30) -> 68.848842 | AG68: Mid Life (10 to 15 yr) | AH68: 50.798015 | AI68: =AH68*(33/30) -> 55.877816
Q69: Late Life (16 to 25 yr) | R69: 293.3384 | S69: =R69*(36/33) -> 320.00553 | T69: checked | U69: x | Y69: Late Life (16 to 25 yr) | Z69: 62.990632 | AA69: =Z69*(36/33) -> 68.717053 | AB69: checked | AC69: x | AG69: Late Life (16 to 25 yr) | AH69: 52.218535 | AI69: =AH69*(36/33) -> 56.965675 | AJ69: checked | AK69: x
P70: Longitudinal Stress Range at Cap, MPa (PCD) | Q70: Early Life (1 to 9 yr) | R70: 92.367904 | S70: =R70*(36/33) -> 100.76499 | T70: checked | U70: x | X70: Longitudinal Stress Range at Cap, MPa (PCD) | Y70: Early Life (1 to 9 yr) | Z70: 37.953764 | AA70: =Z70*(36/33) -> 41.404106 | AB70: checked | AC70: x | AF70: Longitudinal Stress Range at Cap, MPa (PCD) | AG70: Early Life (1 to 9 yr) | AH70: 26.337492 | AI70: =AH70*(36/33) -> 28.731809 | AJ70: checked | AK70: x
Q71: Mid Life (10 to 15 yr) | R71: 55.78632 | S71: =R71*(36/33) -> 60.857804 | Y71: Mid Life (10 to 15 yr) | Z71: 41.249908 | AA71: =Z71*(33/30) -> 45.374899 | AG71: Mid Life (10 to 15 yr) | AH71: 28.110828 | AI71: =AH71*(33/30) -> 30.921911
Q72: Late Life (16 to 25 yr) | R72: 57.256328 | S72: =R72*(36/33) -> 62.461449 | T72: checked | U72: x | Y72: Late Life (16 to 25 yr) | Z72: 41.405488 | AA72: =Z72*(36/33) -> 45.169623 | AB72: checked | AC72: x | AG72: Late Life (16 to 25 yr) | AH72: 27.449956 | AI72: =AH72*(36/33) -> 29.945407 | AJ72: checked | AK72: x
P73: Longitudinal Stress Range at Cap, MPa (Between Hot Oiling) | Q73: Early Life (1 to 9 yr) | R73: 237.90602 | S73: =R73*(36/33) -> 259.53384 | T73: checked | U73: x | X73: Longitudinal Stress Range at Cap, MPa (Between Hot Oiling) | Y73: Early Life (1 to 9 yr) | Z73: 38.940152 | AA73: =Z73*(36/33) -> 42.480166 | AB73: checked | AC73: x | AF73: Longitudinal Stress Range at Cap, MPa (Between Hot Oiling) | AG73: Early Life (1 to 9 yr) | AH73: 36.793351 | AI73: =AH73*(36/33) -> 40.138201 | AJ73: checked | AK73: x
Q74: Mid Life (10 to 15 yr) | R74: 240.57435 | S74: =R74*(36/33) -> 262.44475 | Y74: Mid Life (10 to 15 yr) | Z74: 48.844028 | AA74: =Z74*(33/30) -> 53.728431 | AG74: Mid Life (10 to 15 yr) | AH74: 35.894967 | AI74: =AH74*(33/30) -> 39.484464
Q75: Late Life (16 to 25 yr) | R75: 246.13828 | S75: =R75*(36/33) -> 268.51449 | T75: checked | U75: x | Y75: Late Life (16 to 25 yr) | Z75: 48.323404 | AA75: =Z75*(36/33) -> 52.716441 | AB75: checked | AC75: x | AG75: Late Life (16 to 25 yr) | AH75: 40.05673 | AI75: =AH75*(36/33) -> 43.69825 | AJ75: checked | AK75: x
P76: Longitudinal Stress Range at CAP (Hydrotest), MPa | R76: 315.70314 | S76: =R76*(36/36) -> 315.70314 | T76: checked | U76: x | X76: Longitudinal Stress Range at CAP (Hydrotest), MPa | Z76: 198.49409 | AA76: =Z76*(36/36) -> 198.49409 | AB76: checked | AC76: x | AF76: Longitudinal Stress Range at CAP (Hydrotest), MPa | AH76: 140.8 | AI76: =AH76*(36/36) -> 140.8 | AJ76: checked | AK76: x

Sheet LEBE_P1toP2
P1: Strain and Stress Ranges | R1: HE-BE | X1: Strain and Stress Ranges | Z1: HE-BE | AF1: Strain and Stress Ranges | AH1: HE-BE
O2: 10in | P2: Max. Axial Mechanical Tensile Strain OD (Hydrotest) | W2: 10in | X2: Max. Axial Mechanical Tensile Strain OD (Hydrotest) | AE2: 10in | AF2: Max. Axial Mechanical Tensile Strain OD (Hydrotest)
O3: Sleeper | P3: Max. Axial Total Tensile Strain OD (Hydrotest) | W3: Structure | X3: Max. Axial Total Tensile Strain OD (Hydrotest) | AE3: Other | AF3: Max. Axial Total Tensile Strain OD (Hydrotest)
P4: Max. Axial Mechanical Tensile Strain ID (Hydrotest) | X4: Max. Axial Mechanical Tensile Strain ID (Hydrotest) | AF4: Max. Axial Mechanical Tensile Strain ID (Hydrotest)
P5: Max. Axial Total Tensile Strain ID (Hydrotest) | X5: Max. Axial Total Tensile Strain ID (Hydrotest) | AF5: Max. Axial Total Tensile Strain ID (Hydrotest)
P6: Max. Axial Mechanical Tensile Strain OD (Design) | X6: Max. Axial Mechanical Tensile Strain OD (Design) | AF6: Max. Axial Mechanical Tensile Strain OD (Design)
P7: Max. Axial Total Tensile Strain OD (Design) | X7: Max. Axial Total Tensile Strain OD (Design) | AF7: Max. Axial Total Tensile Strain OD (Design)
P8: Max. Axial Mechanical Tensile Strain ID (Design) | X8: Max. Axial Mechanical Tensile Strain ID (Design) | AF8: Max. Axial Mechanical Tensile Strain ID (Design)
P9: Max. Axial Total Tensile Strain ID (Design) | X9: Max. Axial Total Tensile Strain ID (Design) | AF9: Max. Axial Total Tensile Strain ID (Design)
P10: Max. Axial Mechanical Tensile Strain OD (Early Life) | X10: Max. Axial Mechanical Tensile Strain OD (Early Life) | AF10: Max. Axial Mechanical Tensile Strain OD (Early Life)
P11: Max. Axial Total Tensile Strain OD (Early Life) | X11: Max. Axial Total Tensile Strain OD (Early Life) | AF11: Max. Axial Total Tensile Strain OD (Early Life)
P12: Max. Axial Mechanical Tensile Strain ID (Early Life) | X12: Max. Axial Mechanical Tensile Strain ID (Early Life) | AF12: Max. Axial Mechanical Tensile Strain ID (Early Life)
P13: Max. Axial Total Tensile Strain ID (Early Life) | X13: Max. Axial Total Tensile Strain ID (Early Life) | AF13: Max. Axial Total Tensile Strain ID (Early Life)
P14: Max. Axial Mechanical Tensile Strain OD (Late Life) | X14: Max. Axial Mechanical Tensile Strain OD (Late Life) | AF14: Max. Axial Mechanical Tensile Strain OD (Late Life)
P15: Max. Axial Total Tensile Strain OD (Late Life) | X15: Max. Axial Total Tensile Strain OD (Late Life) | AF15: Max. Axial Total Tensile Strain OD (Late Life)
... P17: Max. Axial Total Tensile Strain ID (Late Life) | X17: Max. Axial Total Tensile Strain ID (Late Life) | AF17: Max. Axial Total Tensile Strain ID (Late Life)
P18: Longitudinal Stress Range at MidWall, MPa (FCD) | Q18: Early Life (1 to 9 yr) | R18: 216.2 | S18: =R18*(33/30) -> 237.82 | T18: checked | U18: x | X18: Longitudinal Stress Range at MidWall, MPa (FCD) | Y18: Early Life (1 to 15 yr) | Z18: 81.690166 | AA18: =Z18*(33/30) -> 89.859183 | AB18: checked | AC18: x | AF18: Longitudinal Stress Range at MidWall, MPa (FCD) | AG18: Early Life (1 to 9 yr) | AH18: 67.1 | AI18: =AH18*(33/30) -> 73.81 | AJ18: checked | AK18: x
Q19: Mid Life (10 to 15 yr) | R19: 257.43662 | S19: =R19*(33/30) -> 283.18028 | Y19: Mid Life (10 to 15 yr) | Z19: 80.4867 | AA19: =Z19*(33/30) -> 88.53537 | AG19: Mid Life (10 to 15 yr) | AH19: 52.065058 | AI19: =AH19*(33/30) -> 57.271564
Q20: Late Life (16 to 25 yr) | R20: 257.75939 | S20: =R20*(33/30) -> 283.53533 | T20: checked | U20: x | Y20: Late Life (16 to 25 yr) | Z20: 80.939694 | AA20: =Z20*(33/30) -> 89.033663 | AB20: checked | AC20: x | AG20: Late Life (16 to 25 yr) | AH20: 52.011187 | AI20: =AH20*(33/30) -> 57.212306 | AJ20: checked | AK20: x
P21: Longitudinal Stress Range at MidWall, MPa (PCD) | Q21: Early Life (1 to 9 yr) | R21: 59.9 | S21: =R21*(33/30) -> 65.89 | T21: checked | U21: x | X21: Longitudinal Stress Range at MidWall, MPa (PCD) | Y21: Early Life (1 to 9 yr) | Z21: 46.638424 | AA21: =Z21*(33/30) -> 51.302266 | AB21: checked | AC21: x | AF21: Longitudinal Stress Range at MidWall, MPa (PCD) | AG21: Early Life (1 to 9 yr) | AH21: 25.641148 | AI21: =AH21*(33/30) -> 28.205263 | AJ21: checked | AK21: x
Q22: Mid Life (10 to 15 yr) | R22: 70.898492 | S22: =R22*(33/30) -> 77.988341 | Y22: Mid Life (10 to 15 yr) | Z22: 34.015404 | AA22: =Z22*(33/30) -> 37.416944 | AG22: Mid Life (10 to 15 yr) | AH22: 19.599053 | AI22: =AH22*(33/30) -> 21.558958
Q23: Late Life (16 to 25 yr) | R23: 71.097768 | S23: =R23*(33/30) -> 78.207545 | T23: checked | U23: x | Y23: Late Life (16 to 25 yr) | Z23: 36.35367 | AA23: =Z23*(33/30) -> 39.989037 | AB23: checked | AC23: x | AG23: Late Life (16 to 25 yr) | AH23: 22.550618 | AI23: =AH23*(33/30) -> 24.80568 | AJ23: checked | AK23: x
P24: Longitudinal Stress Range at MidWall, MPa (Between Hot Oiling) | Q24: Early Life (1 to 9 yr) | R24: 228.3 | S24: =R24*(33/30) -> 251.13 | T24: checked | U24: x | X24: Longitudinal Stress Range at MidWall, MPa (Between Hot Oiling) | Y24: Early Life (1 to 9 yr) | Z24: 50.283734 | AA24: =Z24*(33/30) -> 55.312107 | AB24: checked | AC24: x | AF24: Longitudinal Stress Range at MidWall, MPa (Between Hot Oiling) | AG24: Early Life (1 to 9 yr) | AH24: 34.799299 | AI24: =AH24*(33/30) -> 38.279229 | AJ24: checked | AK24: x
Q25: Mid Life (10 to 15 yr) | R25: 184.48921 | S25: =R25*(33/30) -> 202.93813 | Y25: Mid Life (10 to 15 yr) | Z25: 50.820504 | AA25: =Z25*(33/30) -> 55.902554 | AG25: Mid Life (10 to 15 yr) | AH25: 29.879916 | AI25: =AH25*(33/30) -> 32.867908 | AJ25: checked
Q26: Late Life (16 to 25 yr) | R26: 184.47419 | S26: =R26*(33/30) -> 202.9216 | T26: checked | U26: x | Y26: Late Life (16 to 25 yr) | Z26: 52.672068 | AA26: =Z26*(33/30) -> 57.939275 | AB26: checked | AC26: x | AG26: Late Life (16 to 25 yr) | AH26: 31.69288 | AI26: =AH26*(33/30) -> 34.862167 | AJ26: checked | AK26: x
P27: Longitudinal Stress Range at Midwall (Hydrotest), MPa | R27: 257.69429 | S27: =R27*(33/33) -> 257.69429 | T27: checked | U27: x | X27: Longitudinal Stress Range at Midwall (Hydrotest), MPa | Z27: 163.51738 | AA27: =Z27*(33/33) -> 163.51738 | AB27: checked | AC27: x | AF27: Longitudinal Stress Range at Midwall (Hydrotest), MPa | AH27: 142.3 | AI27: =AH27 -> 142.3 | AJ27: checked | AK27: x
P28: Longitudinal Stress Range at Cap, MPa (FCD) | Q28: Early Life (1 to 9 yr) | R28: 245.4 | S28: =R28*(33/30) -> 269.94 | T28: checked | U28: x | X28: Longitudinal Stress Range at Cap, MPa (FCD) | Y28: Early Life (1 to 9 yr) | Z28: 86.45202 | AA28: =Z28*(33/30) -> 95.097222 | AB28: checked | AC28: x | AF28: Longitudinal Stress Range at Cap, MPa (FCD) | AG28: Early Life (1 to 9 yr) | AH28: 67.8 | AI28: =AH28*(33/30) -> 74.58 | AJ28: checked | AK28: x
Q29: Mid Life (10 to 15 yr) | R29: 289.98902 | S29: =R29*(33/30) -> 318.98793 | Y29: Mid Life (10 to 15 yr) | Z29: 85.794078 | AA29: =Z29*(33/30) -> 94.373486 | AG29: Mid Life (10 to 15 yr) | AH29: 52.198681 | AI29: =AH29*(33/30) -> 57.418549
Q30: Late Life (16 to 25 yr) | R30: 290.70482 | S30: =R30*(33/30) -> 319.7753 | T30: checked | U30: x | Y30: Late Life (16 to 25 yr) | Z30: 86.289618 | AA30: =Z30*(33/30) -> 94.91858 | AB30: checked | AC30: x | AG30: Late Life (16 to 25 yr) | AH30: 52.14745 | AI30: =AH30*(33/30) -> 57.362195 | AJ30: checked | AK30: x
P31: Longitudinal Stress Range at Cap, MPa (PCD) | Q31: Early Life (1 to 9 yr) | R31: 66.9 | S31: =R31*(33/30) -> 73.59 | T31: checked | U31: x | X31: Longitudinal Stress Range at Cap, MPa (PCD) | Y31: Early Life (1 to 9 yr) | Z31: 43.454136 | AA31: =Z31*(33/30) -> 47.79955 | AB31: checked | AC31: x | AF31: Longitudinal Stress Range at Cap, MPa (PCD) | AG31: Early Life (1 to 9 yr) | AH31: 26.02629 | AI31: =AH31*(33/30) -> 28.628919 | AJ31: checked | AK31: x
Q32: Mid Life (10 to 15 yr) | R32: 79.988408 | S32: =R32*(33/30) -> 87.987249 | Y32: Mid Life (10 to 15 yr) | Z32: 36.454376 | AA32: =Z32*(33/30) -> 40.099814 | AG32: Mid Life (10 to 15 yr) | AH32: 19.991138 | AI32: =AH32*(33/30) -> 21.990252
Q33: Late Life (16 to 25 yr) | R33: 80.254896 | S33: =R33*(33/30) -> 88.280386 | T33: checked | U33: x | Y33: Late Life (16 to 25 yr) | Z33: 40.341032 | AA33: =Z33*(33/30) -> 44.375135 | AB33: checked | AC33: x | AG33: Late Life (16 to 25 yr) | AH33: 23.142534 | AI33: =AH33*(33/30) -> 25.456787 | AJ33: checked | AK33: x
P34: Longitudinal Stress Range at Cap, MPa (Between Hot Oiling) | Q34: Early Life (1 to 9 yr) | R34: 254.8 | S34: =R34*(33/30) -> 280.28 | T34: checked | U34: x | X34: Longitudinal Stress Range at Cap, MPa (Between Hot Oiling) | Y34: Early Life (1 to 9 yr) | Z34: 59.24906 | AA34: =Z34*(33/30) -> 65.173966 | AB34: checked | AC34: x | AF34: Longitudinal Stress Range at Cap, MPa (Between Hot Oiling) | AG34: Early Life (1 to 9 yr) | AH34: 34.769156 | AI34: =AH34*(33/30) -> 38.246072 | AJ34: checked | AK34: x
Q35: Mid Life (10 to 15 yr) | R35: 205.84825 | S35: =R35*(33/30) -> 226.43308 | Y35: Mid Life (10 to 15 yr) | Z35: 55.394804 | AA35: =Z35*(33/30) -> 60.934284 | AG35: Mid Life (10 to 15 yr) | AH35: 30.125788 | AI35: =AH35*(33/30) -> 33.138366
Q36: Late Life (16 to 25 yr) | R36: 205.86737 | S36: =R36*(33/30) -> 226.45411 | T36: checked | U36: x | Y36: Late Life (16 to 25 yr) | Z36: 57.28958 | AA36: =Z36*(33/30) -> 63.018538 | AB36: checked | AC36: x | AG36: Late Life (16 to 25 yr) | AH36: 31.94841 | AI36: =AH36*(33/30) -> 35.14325 | AJ36: checked | AK36: x
P37: Longitudinal Stress Range at CAP (Hydrotest), MPa | R37: 277.22238 | S37: =R37*(33/33) -> 277.22238 | T37: checked | U37: x | X37: Longitudinal Stress Range at CAP (Hydrotest), MPa | Z37: 172.1276 | AA37: =Z37*(33/33) -> 172.1276 | AB37: checked | AC37: x | AF37: Longitudinal Stress Range at CAP (Hydrotest), MPa | AH37: 146.1 | AI37: =AH37*(33/33) -> 146.1 | AJ37: checked | AK37: x
P40: Strain and Stress Ranges | R40: HE-BE | T40: BE-BE | U40: HE-BE | V40: Input for ECA | X40: Strain and Stress Ranges | Z40: HE-BE | AB40: BE-BE | AC40: HE-BE | AD40: Input for ECA | AF40: Strain and Stress Ranges | AH40: HE-BE | AJ40: BE-BE | AK40: HE-BE | AL40: Input for ECA
O41: 12in | P41: Max. Axial Mechanical Tensile Strain OD (Hydrotest) | W41: 12in | X41: Max. Axial Mechanical Tensile Strain OD (Hydrotest) | AE41: 12in | AF41: Max. Axial Mechanical Tensile Strain OD (Hydrotest)
O42: Sleeper | P42: Max. Axial Total Tensile Strain OD (Hydrotest) | W42: Structure | X42: Max. Axial Total Tensile Strain OD (Hydrotest) | AE42: Other | AF42: Max. Axial Total Tensile Strain OD (Hydrotest)
P43: Max. Axial Mechanical Tensile Strain ID (Hydrotest) | X43: Max. Axial Mechanical Tensile Strain ID (Hydrotest) | AF43: Max. Axial Mechanical Tensile Strain ID (Hydrotest)
P44: Max. Axial Total Tensile Strain ID (Hydrotest) | X44: Max. Axial Total Tensile Strain ID (Hydrotest) | AF44: Max. Axial Total Tensile Strain ID (Hydrotest)
P45: Max. Axial Mechanical Tensile Strain OD (Design) | X45: Max. Axial Mechanical Tensile Strain OD (Design) | AF45: Max. Axial Mechanical Tensile Strain OD (Design)
P46: Max. Axial Total Tensile Strain OD (Design) | X46: Max. Axial Total Tensile Strain OD (Design) | AF46: Max. Axial Total Tensile Strain OD (Design)
P47: Max. Axial Mechanical Tensile Strain ID (Design) | X47: Max. Axial Mechanical Tensile Strain ID (Design) | AF47: Max. Axial Mechanical Tensile Strain ID (Design)
P48: Max. Axial Total Tensile Strain ID (Design) | X48: Max. Axial Total Tensile Strain ID (Design) | AF48: Max. Axial Total Tensile Strain ID (Design)
P49: Max. Axial Mechanical Tensile Strain OD (Early Life) | X49: Max. Axial Mechanical Tensile Strain OD (Early Life) | AF49: Max. Axial Mechanical Tensile Strain OD (Early Life)
P50: Max. Axial Total Tensile Strain OD (Early Life) | X50: Max. Axial Total Tensile Strain OD (Early Life) | AF50: Max. Axial Total Tensile Strain OD (Early Life)
P51: Max. Axial Mechanical Tensile Strain ID (Early Life) | X51: Max. Axial Mechanical Tensile Strain ID (Early Life) | AF51: Max. Axial Mechanical Tensile Strain ID (Early Life)
P52: Max. Axial Total Tensile Strain ID (Early Life) | X52: Max. Axial Total Tensile Strain ID (Early Life) | AF52: Max. Axial Total Tensile Strain ID (Early Life)
P53: Max. Axial Mechanical Tensile Strain OD (Late Life) | X53: Max. Axial Mechanical Tensile Strain OD (Late Life) | AF53: Max. Axial Mechanical Tensile Strain OD (Late Life)
P54: Max. Axial Total Tensile Strain OD (Late Life) | X54: Max. Axial Total Tensile Strain OD (Late Life) | AF54: Max. Axial Total Tensile Strain OD (Late Life)
... P56: Max. Axial Total Tensile Strain ID (Late Life) | X56: Max. Axial Total Tensile Strain ID (Late Life) | AF56: Max. Axial Total Tensile Strain ID (Late Life)
P57: Longitudinal Stress Range at MidWall, MPa (FCD) | Q57: Early Life (1 to 9 yr) | R57: 288.35798 | S57: =R57*(36/33) -> 314.57235 | T57: checked | U57: x | X57: Longitudinal Stress Range at MidWall, MPa (FCD) | Y57: Early Life (1 to 9 yr) | Z57: 59.200968 | AA57: =Z57*(36/33) -> 64.582874 | AB57: checked | AC57: x | AF57: Longitudinal Stress Range at MidWall, MPa (FCD) | AG57: Early Life (1 to 9 yr) | AH57: 51.900745 | AI57: =AH57*(36/33) -> 56.618995 | AJ57: checked | AK57: x
Q58: Mid Life (10 to 15 yr) | R58: 256.57845 | S58: =R58*(36/33) -> 279.90376 | Y58: Mid Life (10 to 15 yr) | Z58: 60.086616 | AA58: =Z58*(33/30) -> 66.095278 | AG58: Mid Life (10 to 15 yr) | AH58: 50.552838 | AI58: =AH58*(33/30) -> 55.608122
Q59: Late Life (16 to 25 yr) | R59: 261.72264 | S59: =R59*(36/33) -> 285.5156 | T59: checked | U59: x | Y59: Late Life (16 to 25 yr) | Z59: 60.456288 | AA59: =Z59*(36/33) -> 65.952314 | AB59: checked | AC59: x | AG59: Late Life (16 to 25 yr) | AH59: 51.965753 | AI59: =AH59*(36/33) -> 56.689912 | AJ59: checked | AK59: x
P60: Longitudinal Stress Range at MidWall, MPa (PCD) | Q60: Early Life (1 to 9 yr) | R60: 82.188 | S60: =R60*(36/33) -> 89.659636 | T60: checked | U60: x | X60: Longitudinal Stress Range at MidWall, MPa (PCD) | Y60: Early Life (1 to 9 yr) | Z60: 40.454052 | AA60: =Z60*(36/33) -> 44.131693 | AB60: checked | AC60: x | AF60: Longitudinal Stress Range at MidWall, MPa (PCD) | AG60: Early Life (1 to 9 yr) | AH60: 26.972586 | AI60: =AH60*(36/33) -> 29.424639 | AJ60: checked | AK60: x
Q61: Mid Life (10 to 15 yr) | R61: 49.99664 | S61: =R61*(36/33) -> 54.541789 | Y61: Mid Life (10 to 15 yr) | Z61: 38.779376 | AA61: =Z61*(33/30) -> 42.657314 | AG61: Mid Life (10 to 15 yr) | AH61: 27.21458 | AI61: =AH61*(33/30) -> 29.936038
Q62: Late Life (16 to 25 yr) | R62: 51.350128 | S62: =R62*(36/33) -> 56.018321 | T62: checked | U62: x | Y62: Late Life (16 to 25 yr) | Z62: 38.897608 | AA62: =Z62*(36/33) -> 42.433754 | AB62: checked | AC62: x | AG62: Late Life (16 to 25 yr) | AH62: 26.533468 | AI62: =AH62*(36/33) -> 28.945601 | AJ62: checked | AK62: x
P63: Longitudinal Stress Range at MidWall, MPa (Between Hot Oiling) | Q63: Early Life (1 to 9 yr) | R63: 212.38643 | S63: =R63*(36/33) -> 231.69429 | T63: checked | U63: x | X63: Longitudinal Stress Range at MidWall, MPa (Between Hot Oiling) | Y63: Early Life (1 to 9 yr) | Z63: 42.3392 | AA63: =Z63*(36/33) -> 46.188218 | AB63: checked | AC63: x | AF63: Longitudinal Stress Range at MidWall, MPa (Between Hot Oiling) | AG63: Early Life (1 to 9 yr) | AH63: 36.642259 | AI63: =AH63*(36/33) -> 39.973373 | AJ63: checked | AK63: x
Q64: Mid Life (10 to 15 yr) | R64: 214.47534 | S64: =R64*(36/33) -> 233.9731 | Y64: Mid Life (10 to 15 yr) | Z64: 45.432936 | AA64: =Z64*(33/30) -> 49.97623 | AG64: Mid Life (10 to 15 yr) | AH64: 35.802582 | AI64: =AH64*(33/30) -> 39.38284
Q65: Late Life (16 to 25 yr) | R65: 219.54097 | S65: =R65*(36/33) -> 239.49924 | T65: checked | U65: x | Y65: Late Life (16 to 25 yr) | Z65: 44.866036 | AA65: =Z65*(36/33) -> 48.944767 | AB65: checked | AC65: x | AG65: Late Life (16 to 25 yr) | AH65: 39.893006 | AI65: =AH65*(36/33) -> 43.519642 | AJ65: checked | AK65: x
P66: Longitudinal Stress Range at Midwall (Hydrotest), MPa | R66: 295.08974 | S66: =R66*(36/36) -> 295.08974 | T66: checked | U66: x | X66: Longitudinal Stress Range at Midwall (Hydrotest), MPa | Z66: 189.05129 | AA66: =Z66*(36/36) -> 189.05129 | AB66: checked | AC66: x | AF66: Longitudinal Stress Range at Midwall (Hydrotest), MPa | AH66: 139.4 | AI66: =AH66*(36/36) -> 139.4 | AJ66: checked | AK66: x
P67: Longitudinal Stress Range at Cap, MPa (FCD) | Q67: Early Life (1 to 9 yr) | R67: 323.25398 | S67: =R67*(36/33) -> 352.6407 | T67: checked | U67: x | X67: Longitudinal Stress Range at Cap, MPa (FCD) | Y67: Early Life (1 to 9 yr) | Z67: 61.687144 | AA67: =Z67*(36/33) -> 67.295066 | AB67: checked | AC67: x | AF67: Longitudinal Stress Range at Cap, MPa (FCD) | AG67: Early Life (1 to 9 yr) | AH67: 52.150188 | AI67: =AH67*(36/33) -> 56.891114 | AJ67: checked | AK67: x
Q68: Mid Life (10 to 15 yr) | R68: 287.88623 | S68: =R68*(36/33) -> 314.05771 | Y68: Mid Life (10 to 15 yr) | Z68: 62.589856 | AA68: =Z68*(33/30) -> 68.848842 | AG68: Mid Life (10 to 15 yr) | AH68: 50.798015 | AI68: =AH68*(33/30) -> 55.877816
Q69: Late Life (16 to 25 yr) | R69: 293.3384 | S69: =R69*(36/33) -> 320.00553 | T69: checked | U69: x | Y69: Late Life (16 to 25 yr) | Z69: 62.990632 | AA69: =Z69*(36/33) -> 68.717053 | AB69: checked | AC69: x | AG69: Late Life (16 to 25 yr) | AH69: 52.218535 | AI69: =AH69*(36/33) -> 56.965675 | AJ69: checked | AK69: x
P70: Longitudinal Stress Range at Cap, MPa (PCD) | Q70: Early Life (1 to 9 yr) | R70: 92.367904 | S70: =R70*(36/33) -> 100.76499 | T70: checked | U70: x | X70: Longitudinal Stress Range at Cap, MPa (PCD) | Y70: Early Life (1 to 9 yr) | Z70: 37.953764 | AA70: =Z70*(36/33) -> 41.404106 | AB70: checked | AC70: x | AF70: Longitudinal Stress Range at Cap, MPa (PCD) | AG70: Early Life (1 to 9 yr) | AH70: 26.337492 | AI70: =AH70*(36/33) -> 28.731809 | AJ70: checked | AK70: x
Q71: Mid Life (10 to 15 yr) | R71: 55.78632 | S71: =R71*(36/33) -> 60.857804 | Y71: Mid Life (10 to 15 yr) | Z71: 41.249908 | AA71: =Z71*(33/30) -> 45.374899 | AG71: Mid Life (10 to 15 yr) | AH71: 28.110828 | AI71: =AH71*(33/30) -> 30.921911
Q72: Late Life (16 to 25 yr) | R72: 57.256328 | S72: =R72*(36/33) -> 62.461449 | T72: checked | U72: x | Y72: Late Life (16 to 25 yr) | Z72: 41.405488 | AA72: =Z72*(36/33) -> 45.169623 | AB72: checked | AC72: x | AG72: Late Life (16 to 25 yr) | AH72: 27.449956 | AI72: =AH72*(36/33) -> 29.945407 | AJ72: checked | AK72: x
P73: Longitudinal Stress Range at Cap, MPa (Between Hot Oiling) | Q73: Early Life (1 to 9 yr) | R73: 237.90602 | S73: =R73*(36/33) -> 259.53384 | T73: checked | U73: x | X73: Longitudinal Stress Range at Cap, MPa (Between Hot Oiling) | Y73: Early Life (1 to 9 yr) | Z73: 38.940152 | AA73: =Z73*(36/33) -> 42.480166 | AB73: checked | AC73: x | AF73: Longitudinal Stress Range at Cap, MPa (Between Hot Oiling) | AG73: Early Life (1 to 9 yr) | AH73: 36.793351 | AI73: =AH73*(36/33) -> 40.138201 | AJ73: checked | AK73: x
Q74: Mid Life (10 to 15 yr) | R74: 240.57435 | S74: =R74*(36/33) -> 262.44475 | Y74: Mid Life (10 to 15 yr) | Z74: 48.844028 | AA74: =Z74*(33/30) -> 53.728431 | AG74: Mid Life (10 to 15 yr) | AH74: 35.894967 | AI74: =AH74*(33/30) -> 39.484464
Q75: Late Life (16 to 25 yr) | R75: 246.13828 | S75: =R75*(36/33) -> 268.51449 | T75: checked | U75: x | Y75: Late Life (16 to 25 yr) | Z75: 48.323404 | AA75: =Z75*(36/33) -> 52.716441 | AB75: checked | AC75: x | AG75: Late Life (16 to 25 yr) | AH75: 40.05673 | AI75: =AH75*(36/33) -> 43.69825 | AJ75: checked | AK75: x
P76: Longitudinal Stress Range at CAP (Hydrotest), MPa | R76: 315.70314 | S76: =R76*(36/36) -> 315.70314 | T76: checked | U76: x | X76: Longitudinal Stress Range at CAP (Hydrotest), MPa | Z76: 198.49409 | AA76: =Z76*(36/36) -> 198.49409 | AB76: checked | AC76: x | AF76: Longitudinal Stress Range at CAP (Hydrotest), MPa | AH76: 140.8 | AI76: =AH76*(36/36) -> 140.8 | AJ76: checked | AK76: x

Sheet LEBE_P2toP1
P1: Strain and Stress Ranges | R1: HE-BE | X1: Strain and Stress Ranges | Z1: HE-BE | AF1: Strain and Stress Ranges | AH1: HE-BE
O2: 10in | P2: Max. Axial Mechanical Tensile Strain OD (Hydrotest) | W2: 10in | X2: Max. Axial Mechanical Tensile Strain OD (Hydrotest) | AE2: 10in | AF2: Max. Axial Mechanical Tensile Strain OD (Hydrotest)
O3: Sleeper | P3: Max. Axial Total Tensile Strain OD (Hydrotest) | W3: Structure | X3: Max. Axial Total Tensile Strain OD (Hydrotest) | AE3: Other | AF3: Max. Axial Total Tensile Strain OD (Hydrotest)
P4: Max. Axial Mechanical Tensile Strain ID (Hydrotest) | X4: Max. Axial Mechanical Tensile Strain ID (Hydrotest) | AF4: Max. Axial Mechanical Tensile Strain ID (Hydrotest)
P5: Max. Axial Total Tensile Strain ID (Hydrotest) | X5: Max. Axial Total Tensile Strain ID (Hydrotest) | AF5: Max. Axial Total Tensile Strain ID (Hydrotest)
P6: Max. Axial Mechanical Tensile Strain OD (Design) | X6: Max. Axial Mechanical Tensile Strain OD (Design) | AF6: Max. Axial Mechanical Tensile Strain OD (Design)
P7: Max. Axial Total Tensile Strain OD (Design) | X7: Max. Axial Total Tensile Strain OD (Design) | AF7: Max. Axial Total Tensile Strain OD (Design)
P8: Max. Axial Mechanical Tensile Strain ID (Design) | X8: Max. Axial Mechanical Tensile Strain ID (Design) | AF8: Max. Axial Mechanical Tensile Strain ID (Design)
P9: Max. Axial Total Tensile Strain ID (Design) | X9: Max. Axial Total Tensile Strain ID (Design) | AF9: Max. Axial Total Tensile Strain ID (Design)
P10: Max. Axial Mechanical Tensile Strain OD (Early Life) | X10: Max. Axial Mechanical Tensile Strain OD (Early Life) | AF10: Max. Axial Mechanical Tensile Strain OD (Early Life)
P11: Max. Axial Total Tensile Strain OD (Early Life) | X11: Max. Axial Total Tensile Strain OD (Early Life) | AF11: Max. Axial Total Tensile Strain OD (Early Life)
P12: Max. Axial Mechanical Tensile Strain ID (Early Life) | X12: Max. Axial Mechanical Tensile Strain ID (Early Life) | AF12: Max. Axial Mechanical Tensile Strain ID (Early Life)
P13: Max. Axial Total Tensile Strain ID (Early Life) | X13: Max. Axial Total Tensile Strain ID (Early Life) | AF13: Max. Axial Total Tensile Strain ID (Early Life)
P14: Max. Axial Mechanical Tensile Strain OD (Late Life) | X14: Max. Axial Mechanical Tensile Strain OD (Late Life) | AF14: Max. Axial Mechanical Tensile Strain OD (Late Life)
P15: Max. Axial Total Tensile Strain OD (Late Life) | X15: Max. Axial Total Tensile Strain OD (Late Life) | AF15: Max. Axial Total Tensile Strain OD (Late Life)
... P17: Max. Axial Total Tensile Strain ID (Late Life) | X17: Max. Axial Total Tensile Strain ID (Late Life) | AF17: Max. Axial Total Tensile Strain ID (Late Life)
P18: Longitudinal Stress Range at MidWall, MPa (FCD) | Q18: Early Life (1 to 9 yr) | R18: 216.2 | S18: =R18*(33/30) -> 237.82 | T18: checked | U18: x | X18: Longitudinal Stress Range at MidWall, MPa (FCD) | Y18: Early Life (1 to 15 yr) | Z18: 81.690166 | AA18: =Z18*(33/30) -> 89.859183 | AB18: checked | AC18: x | AF18: Longitudinal Stress Range at MidWall, MPa (FCD) | AG18: Early Life (1 to 9 yr) | AH18: 67.1 | AI18: =AH18*(33/30) -> 73.81 | AJ18: checked | AK18: x
Q19: Mid Life (10 to 15 yr) | R19: 257.43662 | S19: =R19*(33/30) -> 283.18028 | Y19: Mid Life (10 to 15 yr) | Z19: 80.4867 | AA19: =Z19*(33/30) -> 88.53537 | AG19: Mid Life (10 to 15 yr) | AH19: 52.065058 | AI19: =AH19*(33/30) -> 57.271564
Q20: Late Life (16 to 25 yr) | R20: 257.75939 | S20: =R20*(33/30) -> 283.53533 | T20: checked | U20: x | Y20: Late Life (16 to 25 yr) | Z20: 80.939694 | AA20: =Z20*(33/30) -> 89.033663 | AB20: checked | AC20: x | AG20: Late Life (16 to 25 yr) | AH20: 52.011187 | AI20: =AH20*(33/30) -> 57.212306 | AJ20: checked | AK20: x
P21: Longitudinal Stress Range at MidWall, MPa (PCD) | Q21: Early Life (1 to 9 yr) | R21: 59.9 | S21: =R21*(33/30) -> 65.89 | T21: checked | U21: x | X21: Longitudinal Stress Range at MidWall, MPa (PCD) | Y21: Early Life (1 to 9 yr) | Z21: 46.638424 | AA21: =Z21*(33/30) -> 51.302266 | AB21: checked | AC21: x | AF21: Longitudinal Stress Range at MidWall, MPa (PCD) | AG21: Early Life (1 to 9 yr) | AH21: 25.641148 | AI21: =AH21*(33/30) -> 28.205263 | AJ21: checked | AK21: x
Q22: Mid Life (10 to 15 yr) | R22: 70.898492 | S22: =R22*(33/30) -> 77.988341 | Y22: Mid Life (10 to 15 yr) | Z22: 34.015404 | AA22: =Z22*(33/30) -> 37.416944 | AG22: Mid Life (10 to 15 yr) | AH22: 19.599053 | AI22: =AH22*(33/30) -> 21.558958
Q23: Late Life (16 to 25 yr) | R23: 71.097768 | S23: =R23*(33/30) -> 78.207545 | T23: checked | U23: x | Y23: Late Life (16 to 25 yr) | Z23: 36.35367 | AA23: =Z23*(33/30) -> 39.989037 | AB23: checked | AC23: x | AG23: Late Life (16 to 25 yr) | AH23: 22.550618 | AI23: =AH23*(33/30) -> 24.80568 | AJ23: checked | AK23: x
P24: Longitudinal Stress Range at MidWall, MPa (Between Hot Oiling) | Q24: Early Life (1 to 9 yr) | R24: 228.3 | S24: =R24*(33/30) -> 251.13 | T24: checked | U24: x | X24: Longitudinal Stress Range at MidWall, MPa (Between Hot Oiling) | Y24: Early Life (1 to 9 yr) | Z24: 50.283734 | AA24: =Z24*(33/30) -> 55.312107 | AB24: checked | AC24: x | AF24: Longitudinal Stress Range at MidWall, MPa (Between Hot Oiling) | AG24: Early Life (1 to 9 yr) | AH24: 34.799299 | AI24: =AH24*(33/30) -> 38.279229 | AJ24: checked | AK24: x
Q25: Mid Life (10 to 15 yr) | R25: 184.48921 | S25: =R25*(33/30) -> 202.93813 | Y25: Mid Life (10 to 15 yr) | Z25: 50.820504 | AA25: =Z25*(33/30) -> 55.902554 | AG25: Mid Life (10 to 15 yr) | AH25: 29.879916 | AI25: =AH25*(33/30) -> 32.867908 | AJ25: checked
Q26: Late Life (16 to 25 yr) | R26: 184.47419 | S26: =R26*(33/30) -> 202.9216 | T26: checked | U26: x | Y26: Late Life (16 to 25 yr) | Z26: 52.672068 | AA26: =Z26*(33/30) -> 57.939275 | AB26: checked | AC26: x | AG26: Late Life (16 to 25 yr) | AH26: 31.69288 | AI26: =AH26*(33/30) -> 34.862167 | AJ26: checked | AK26: x
P27: Longitudinal Stress Range at Midwall (Hydrotest), MPa | R27: 257.69429 | S27: =R27*(33/33) -> 257.69429 | T27: checked | U27: x | X27: Longitudinal Stress Range at Midwall (Hydrotest), MPa | Z27: 163.51738 | AA27: =Z27*(33/33) -> 163.51738 | AB27: checked | AC27: x | AF27: Longitudinal Stress Range at Midwall (Hydrotest), MPa | AH27: 142.3 | AI27: =AH27 -> 142.3 | AJ27: checked | AK27: x
P28: Longitudinal Stress Range at Cap, MPa (FCD) | Q28: Early Life (1 to 9 yr) | R28: 245.4 | S28: =R28*(33/30) -> 269.94 | T28: checked | U28: x | X28: Longitudinal Stress Range at Cap, MPa (FCD) | Y28: Early Life (1 to 9 yr) | Z28: 86.45202 | AA28: =Z28*(33/30) -> 95.097222 | AB28: checked | AC28: x | AF28: Longitudinal Stress Range at Cap, MPa (FCD) | AG28: Early Life (1 to 9 yr) | AH28: 67.8 | AI28: =AH28*(33/30) -> 74.58 | AJ28: checked | AK28: x
Q29: Mid Life (10 to 15 yr) | R29: 289.98902 | S29: =R29*(33/30) -> 318.98793 | Y29: Mid Life (10 to 15 yr) | Z29: 85.794078 | AA29: =Z29*(33/30) -> 94.373486 | AG29: Mid Life (10 to 15 yr) | AH29: 52.198681 | AI29: =AH29*(33/30) -> 57.418549
Q30: Late Life (16 to 25 yr) | R30: 290.70482 | S30: =R30*(33/30) -> 319.7753 | T30: checked | U30: x | Y30: Late Life (16 to 25 yr) | Z30: 86.289618 | AA30: =Z30*(33/30) -> 94.91858 | AB30: checked | AC30: x | AG30: Late Life (16 to 25 yr) | AH30: 52.14745 | AI30: =AH30*(33/30) -> 57.362195 | AJ30: checked | AK30: x
P31: Longitudinal Stress Range at Cap, MPa (PCD) | Q31: Early Life (1 to 9 yr) | R31: 66.9 | S31: =R31*(33/30) -> 73.59 | T31: checked | U31: x | X31: Longitudinal Stress Range at Cap, MPa (PCD) | Y31: Early Life (1 to 9 yr) | Z31: 43.454136 | AA31: =Z31*(33/30) -> 47.79955 | AB31: checked | AC31: x | AF31: Longitudinal Stress Range at Cap, MPa (PCD) | AG31: Early Life (1 to 9 yr) | AH31: 26.02629 | AI31: =AH31*(33/30) -> 28.628919 | AJ31: checked | AK31: x
Q32: Mid Life (10 to 15 yr) | R32: 79.988408 | S32: =R32*(33/30) -> 87.987249 | Y32: Mid Life (10 to 15 yr) | Z32: 36.454376 | AA32: =Z32*(33/30) -> 40.099814 | AG32: Mid Life (10 to 15 yr) | AH32: 19.991138 | AI32: =AH32*(33/30) -> 21.990252
Q33: Late Life (16 to 25 yr) | R33: 80.254896 | S33: =R33*(33/30) -> 88.280386 | T33: checked | U33: x | Y33: Late Life (16 to 25 yr) | Z33: 40.341032 | AA33: =Z33*(33/30) -> 44.375135 | AB33: checked | AC33: x | AG33: Late Life (16 to 25 yr) | AH33: 23.142534 | AI33: =AH33*(33/30) -> 25.456787 | AJ33: checked | AK33: x
P34: Longitudinal Stress Range at Cap, MPa (Between Hot Oiling) | Q34: Early Life (1 to 9 yr) | R34: 254.8 | S34: =R34*(33/30) -> 280.28 | T34: checked | U34: x | X34: Longitudinal Stress Range at Cap, MPa (Between Hot Oiling) | Y34: Early Life (1 to 9 yr) | Z34: 59.24906 | AA34: =Z34*(33/30) -> 65.173966 | AB34: checked | AC34: x | AF34: Longitudinal Stress Range at Cap, MPa (Between Hot Oiling) | AG34: Early Life (1 to 9 yr) | AH34: 34.769156 | AI34: =AH34*(33/30) -> 38.246072 | AJ34: checked | AK34: x
Q35: Mid Life (10 to 15 yr) | R35: 205.84825 | S35: =R35*(33/30) -> 226.43308 | Y35: Mid Life (10 to 15 yr) | Z35: 55.394804 | AA35: =Z35*(33/30) -> 60.934284 | AG35: Mid Life (10 to 15 yr) | AH35: 30.125788 | AI35: =AH35*(33/30) -> 33.138366
Q36: Late Life (16 to 25 yr) | R36: 205.86737 | S36: =R36*(33/30) -> 226.45411 | T36: checked | U36: x | Y36: Late Life (16 to 25 yr) | Z36: 57.28958 | AA36: =Z36*(33/30) -> 63.018538 | AB36: checked | AC36: x | AG36: Late Life (16 to 25 yr) | AH36: 31.94841 | AI36: =AH36*(33/30) -> 35.14325 | AJ36: checked | AK36: x
P37: Longitudinal Stress Range at CAP (Hydrotest), MPa | R37: 277.22238 | S37: =R37*(33/33) -> 277.22238 | T37: checked | U37: x | X37: Longitudinal Stress Range at CAP (Hydrotest), MPa | Z37: 172.1276 | AA37: =Z37*(33/33) -> 172.1276 | AB37: checked | AC37: x | AF37: Longitudinal Stress Range at CAP (Hydrotest), MPa | AH37: 146.1 | AI37: =AH37*(33/33) -> 146.1 | AJ37: checked | AK37: x
P40: Strain and Stress Ranges | R40: HE-BE | T40: BE-BE | U40: HE-BE | V40: Input for ECA | X40: Strain and Stress Ranges | Z40: HE-BE | AB40: BE-BE | AC40: HE-BE | AD40: Input for ECA | AF40: Strain and Stress Ranges | AH40: HE-BE | AJ40: BE-BE | AK40: HE-BE | AL40: Input for ECA
O41: 12in | P41: Max. Axial Mechanical Tensile Strain OD (Hydrotest) | W41: 12in | X41: Max. Axial Mechanical Tensile Strain OD (Hydrotest) | AE41: 12in | AF41: Max. Axial Mechanical Tensile Strain OD (Hydrotest)
O42: Sleeper | P42: Max. Axial Total Tensile Strain OD (Hydrotest) | W42: Structure | X42: Max. Axial Total Tensile Strain OD (Hydrotest) | AE42: Other | AF42: Max. Axial Total Tensile Strain OD (Hydrotest)
P43: Max. Axial Mechanical Tensile Strain ID (Hydrotest) | X43: Max. Axial Mechanical Tensile Strain ID (Hydrotest) | AF43: Max. Axial Mechanical Tensile Strain ID (Hydrotest)
P44: Max. Axial Total Tensile Strain ID (Hydrotest) | X44: Max. Axial Total Tensile Strain ID (Hydrotest) | AF44: Max. Axial Total Tensile Strain ID (Hydrotest)
P45: Max. Axial Mechanical Tensile Strain OD (Design) | X45: Max. Axial Mechanical Tensile Strain OD (Design) | AF45: Max. Axial Mechanical Tensile Strain OD (Design)
P46: Max. Axial Total Tensile Strain OD (Design) | X46: Max. Axial Total Tensile Strain OD (Design) | AF46: Max. Axial Total Tensile Strain OD (Design)
P47: Max. Axial Mechanical Tensile Strain ID (Design) | X47: Max. Axial Mechanical Tensile Strain ID (Design) | AF47: Max. Axial Mechanical Tensile Strain ID (Design)
P48: Max. Axial Total Tensile Strain ID (Design) | X48: Max. Axial Total Tensile Strain ID (Design) | AF48: Max. Axial Total Tensile Strain ID (Design)
P49: Max. Axial Mechanical Tensile Strain OD (Early Life) | X49: Max. Axial Mechanical Tensile Strain OD (Early Life) | AF49: Max. Axial Mechanical Tensile Strain OD (Early Life)
P50: Max. Axial Total Tensile Strain OD (Early Life) | X50: Max. Axial Total Tensile Strain OD (Early Life) | AF50: Max. Axial Total Tensile Strain OD (Early Life)
P51: Max. Axial Mechanical Tensile Strain ID (Early Life) | X51: Max. Axial Mechanical Tensile Strain ID (Early Life) | AF51: Max. Axial Mechanical Tensile Strain ID (Early Life)
P52: Max. Axial Total Tensile Strain ID (Early Life) | X52: Max. Axial Total Tensile Strain ID (Early Life) | AF52: Max. Axial Total Tensile Strain ID (Early Life)
P53: Max. Axial Mechanical Tensile Strain OD (Late Life) | X53: Max. Axial Mechanical Tensile Strain OD (Late Life) | AF53: Max. Axial Mechanical Tensile Strain OD (Late Life)
P54: Max. Axial Total Tensile Strain OD (Late Life) | X54: Max. Axial Total Tensile Strain OD (Late Life) | AF54: Max. Axial Total Tensile Strain OD (Late Life)
... P56: Max. Axial Total Tensile Strain ID (Late Life) | X56: Max. Axial Total Tensile Strain ID (Late Life) | AF56: Max. Axial Total Tensile Strain ID (Late Life)
P57: Longitudinal Stress Range at MidWall, MPa (FCD) | Q57: Early Life (1 to 9 yr) | R57: 288.35798 | S57: =R57*(36/33) -> 314.57235 | T57: checked | U57: x | X57: Longitudinal Stress Range at MidWall, MPa (FCD) | Y57: Early Life (1 to 9 yr) | Z57: 59.200968 | AA57: =Z57*(36/33) -> 64.582874 | AB57: checked | AC57: x | AF57: Longitudinal Stress Range at MidWall, MPa (FCD) | AG57: Early Life (1 to 9 yr) | AH57: 51.900745 | AI57: =AH57*(36/33) -> 56.618995 | AJ57: checked | AK57: x
Q58: Mid Life (10 to 15 yr) | R58: 256.57845 | S58: =R58*(36/33) -> 279.90376 | Y58: Mid Life (10 to 15 yr) | Z58: 60.086616 | AA58: =Z58*(33/30) -> 66.095278 | AG58: Mid Life (10 to 15 yr) | AH58: 50.552838 | AI58: =AH58*(33/30) -> 55.608122
Q59: Late Life (16 to 25 yr) | R59: 261.72264 | S59: =R59*(36/33) -> 285.5156 | T59: checked | U59: x | Y59: Late Life (16 to 25 yr) | Z59: 60.456288 | AA59: =Z59*(36/33) -> 65.952314 | AB59: checked | AC59: x | AG59: Late Life (16 to 25 yr) | AH59: 51.965753 | AI59: =AH59*(36/33) -> 56.689912 | AJ59: checked | AK59: x
P60: Longitudinal Stress Range at MidWall, MPa (PCD) | Q60: Early Life (1 to 9 yr) | R60: 82.188 | S60: =R60*(36/33) -> 89.659636 | T60: checked | U60: x | X60: Longitudinal Stress Range at MidWall, MPa (PCD) | Y60: Early Life (1 to 9 yr) | Z60: 40.454052 | AA60: =Z60*(36/33) -> 44.131693 | AB60: checked | AC60: x | AF60: Longitudinal Stress Range at MidWall, MPa (PCD) | AG60: Early Life (1 to 9 yr) | AH60: 26.972586 | AI60: =AH60*(36/33) -> 29.424639 | AJ60: checked | AK60: x
Q61: Mid Life (10 to 15 yr) | R61: 49.99664 | S61: =R61*(36/33) -> 54.541789 | Y61: Mid Life (10 to 15 yr) | Z61: 38.779376 | AA61: =Z61*(33/30) -> 42.657314 | AG61: Mid Life (10 to 15 yr) | AH61: 27.21458 | AI61: =AH61*(33/30) -> 29.936038
Q62: Late Life (16 to 25 yr) | R62: 51.350128 | S62: =R62*(36/33) -> 56.018321 | T62: checked | U62: x | Y62: Late Life (16 to 25 yr) | Z62: 38.897608 | AA62: =Z62*(36/33) -> 42.433754 | AB62: checked | AC62: x | AG62: Late Life (16 to 25 yr) | AH62: 26.533468 | AI62: =AH62*(36/33) -> 28.945601 | AJ62: checked | AK62: x
P63: Longitudinal Stress Range at MidWall, MPa (Between Hot Oiling) | Q63: Early Life (1 to 9 yr) | R63: 212.38643 | S63: =R63*(36/33) -> 231.69429 | T63: checked | U63: x | X63: Longitudinal Stress Range at MidWall, MPa (Between Hot Oiling) | Y63: Early Life (1 to 9 yr) | Z63: 42.3392 | AA63: =Z63*(36/33) -> 46.188218 | AB63: checked | AC63: x | AF63: Longitudinal Stress Range at MidWall, MPa (Between Hot Oiling) | AG63: Early Life (1 to 9 yr) | AH63: 36.642259 | AI63: =AH63*(36/33) -> 39.973373 | AJ63: checked | AK63: x
Q64: Mid Life (10 to 15 yr) | R64: 214.47534 | S64: =R64*(36/33) -> 233.9731 | Y64: Mid Life (10 to 15 yr) | Z64: 45.432936 | AA64: =Z64*(33/30) -> 49.97623 | AG64: Mid Life (10 to 15 yr) | AH64: 35.802582 | AI64: =AH64*(33/30) -> 39.38284
Q65: Late Life (16 to 25 yr) | R65: 219.54097 | S65: =R65*(36/33) -> 239.49924 | T65: checked | U65: x | Y65: Late Life (16 to 25 yr) | Z65: 44.866036 | AA65: =Z65*(36/33) -> 48.944767 | AB65: checked | AC65: x | AG65: Late Life (16 to 25 yr) | AH65: 39.893006 | AI65: =AH65*(36/33) -> 43.519642 | AJ65: checked | AK65: x
P66: Longitudinal Stress Range at Midwall (Hydrotest), MPa | R66: 295.08974 | S66: =R66*(36/36) -> 295.08974 | T66: checked | U66: x | X66: Longitudinal Stress Range at Midwall (Hydrotest), MPa | Z66: 189.05129 | AA66: =Z66*(36/36) -> 189.05129 | AB66: checked | AC66: x | AF66: Longitudinal Stress Range at Midwall (Hydrotest), MPa | AH66: 139.4 | AI66: =AH66*(36/36) -> 139.4 | AJ66: checked | AK66: x
P67: Longitudinal Stress Range at Cap, MPa (FCD) | Q67: Early Life (1 to 9 yr) | R67: 323.25398 | S67: =R67*(36/33) -> 352.6407 | T67: checked | U67: x | X67: Longitudinal Stress Range at Cap, MPa (FCD) | Y67: Early Life (1 to 9 yr) | Z67: 61.687144 | AA67: =Z67*(36/33) -> 67.295066 | AB67: checked | AC67: x | AF67: Longitudinal Stress Range at Cap, MPa (FCD) | AG67: Early Life (1 to 9 yr) | AH67: 52.150188 | AI67: =AH67*(36/33) -> 56.891114 | AJ67: checked | AK67: x
Q68: Mid Life (10 to 15 yr) | R68: 287.88623 | S68: =R68*(36/33) -> 314.05771 | Y68: Mid Life (10 to 15 yr) | Z68: 62.589856 | AA68: =Z68*(33/30) -> 68.848842 | AG68: Mid Life (10 to 15 yr) | AH68: 50.798015 | AI68: =AH68*(33/30) -> 55.877816
Q69: Late Life (16 to 25 yr) | R69: 293.3384 | S69: =R69*(36/33) -> 320.00553 | T69: checked | U69: x | Y69: Late Life (16 to 25 yr) | Z69: 62.990632 | AA69: =Z69*(36/33) -> 68.717053 | AB69: checked | AC69: x | AG69: Late Life (16 to 25 yr) | AH69: 52.218535 | AI69: =AH69*(36/33) -> 56.965675 | AJ69: checked | AK69: x
P70: Longitudinal Stress Range at Cap, MPa (PCD) | Q70: Early Life (1 to 9 yr) | R70: 92.367904 | S70: =R70*(36/33) -> 100.76499 | T70: checked | U70: x | X70: Longitudinal Stress Range at Cap, MPa (PCD) | Y70: Early Life (1 to 9 yr) | Z70: 37.953764 | AA70: =Z70*(36/33) -> 41.404106 | AB70: checked | AC70: x | AF70: Longitudinal Stress Range at Cap, MPa (PCD) | AG70: Early Life (1 to 9 yr) | AH70: 26.337492 | AI70: =AH70*(36/33) -> 28.731809 | AJ70: checked | AK70: x
Q71: Mid Life (10 to 15 yr) | R71: 55.78632 | S71: =R71*(36/33) -> 60.857804 | Y71: Mid Life (10 to 15 yr) | Z71: 41.249908 | AA71: =Z71*(33/30) -> 45.374899 | AG71: Mid Life (10 to 15 yr) | AH71: 28.110828 | AI71: =AH71*(33/30) -> 30.921911
Q72: Late Life (16 to 25 yr) | R72: 57.256328 | S72: =R72*(36/33) -> 62.461449 | T72: checked | U72: x | Y72: Late Life (16 to 25 yr) | Z72: 41.405488 | AA72: =Z72*(36/33) -> 45.169623 | AB72: checked | AC72: x | AG72: Late Life (16 to 25 yr) | AH72: 27.449956 | AI72: =AH72*(36/33) -> 29.945407 | AJ72: checked | AK72: x
P73: Longitudinal Stress Range at Cap, MPa (Between Hot Oiling) | Q73: Early Life (1 to 9 yr) | R73: 237.90602 | S73: =R73*(36/33) -> 259.53384 | T73: checked | U73: x | X73: Longitudinal Stress Range at Cap, MPa (Between Hot Oiling) | Y73: Early Life (1 to 9 yr) | Z73: 38.940152 | AA73: =Z73*(36/33) -> 42.480166 | AB73: checked | AC73: x | AF73: Longitudinal Stress Range at Cap, MPa (Between Hot Oiling) | AG73: Early Life (1 to 9 yr) | AH73: 36.793351 | AI73: =AH73*(36/33) -> 40.138201 | AJ73: checked | AK73: x
Q74: Mid Life (10 to 15 yr) | R74: 240.57435 | S74: =R74*(36/33) -> 262.44475 | Y74: Mid Life (10 to 15 yr) | Z74: 48.844028 | AA74: =Z74*(33/30) -> 53.728431 | AG74: Mid Life (10 to 15 yr) | AH74: 35.894967 | AI74: =AH74*(33/30) -> 39.484464
Q75: Late Life (16 to 25 yr) | R75: 246.13828 | S75: =R75*(36/33) -> 268.51449 | T75: checked | U75: x | Y75: Late Life (16 to 25 yr) | Z75: 48.323404 | AA75: =Z75*(36/33) -> 52.716441 | AB75: checked | AC75: x | AG75: Late Life (16 to 25 yr) | AH75: 40.05673 | AI75: =AH75*(36/33) -> 43.69825 | AJ75: checked | AK75: x
P76: Longitudinal Stress Range at CAP (Hydrotest), MPa | R76: 315.70314 | S76: =R76*(36/36) -> 315.70314 | T76: checked | U76: x | X76: Longitudinal Stress Range at CAP (Hydrotest), MPa | Z76: 198.49409 | AA76: =Z76*(36/36) -> 198.49409 | AB76: checked | AC76: x | AF76: Longitudinal Stress Range at CAP (Hydrotest), MPa | AH76: 140.8 | AI76: =AH76*(36/36) -> 140.8 | AJ76: checked | AK76: x

Sheet Summary
B1: Strain and Stress Ranges | D1: BE-HE | E1: LE-BE | F1: BE-BE | G1: HE-BE | H1: HE-BEWalking | I1: Input for ECA | K1: Strain and Stress Ranges | M1: BE-HE | N1: LE-BE | O1: BE-BE | P1: HE-BE | Q1: HE-BEWalking | R1: Input for ECA | T1: Strain and Stress Ranges | V1: BE-HE | W1: LE-BE | X1: BE-BE | Y1: HE-BE | Z1: HE-BEWalking | AA1: Input for ECA
A2: 10in | B2: Max. Axial Mechanical Tensile Strain OD (Hydrotest) | J2: 10in | K2: Max. Axial Mechanical Tensile Strain OD (Hydrotest) | S2: 10in | T2: Max. Axial Mechanical Tensile Strain OD (Hydrotest)
A3: Sleeper | B3: Max. Axial Total Tensile Strain OD (Hydrotest) | J3: Structure | K3: Max. Axial Total Tensile Strain OD (Hydrotest) | S3: Other | T3: Max. Axial Total Tensile Strain OD (Hydrotest)
B4: Max. Axial Mechanical Tensile Strain ID (Hydrotest) | K4: Max. Axial Mechanical Tensile Strain ID (Hydrotest) | T4: Max. Axial Mechanical Tensile Strain ID (Hydrotest)
B5: Max. Axial Total Tensile Strain ID (Hydrotest) | K5: Max. Axial Total Tensile Strain ID (Hydrotest) | T5: Max. Axial Total Tensile Strain ID (Hydrotest)
B6: Max. Axial Mechanical Tensile Strain OD (Design) | K6: Max. Axial Mechanical Tensile Strain OD (Design) | T6: Max. Axial Mechanical Tensile Strain OD (Design)
B7: Max. Axial Total Tensile Strain OD (Design) | K7: Max. Axial Total Tensile Strain OD (Design) | T7: Max. Axial Total Tensile Strain OD (Design)
B8: Max. Axial Mechanical Tensile Strain ID (Design) | K8: Max. Axial Mechanical Tensile Strain ID (Design) | T8: Max. Axial Mechanical Tensile Strain ID (Design)
B9: Max. Axial Total Tensile Strain ID (Design) | K9: Max. Axial Total Tensile Strain ID (Design) | T9: Max. Axial Total Tensile Strain ID (Design)
B10: Max. Axial Mechanical Tensile Strain OD (Early Life) | K10: Max. Axial Mechanical Tensile Strain OD (Early Life) | T10: Max. Axial Mechanical Tensile Strain OD (Early Life)
B11: Max. Axial Total Tensile Strain OD (Early Life) | K11: Max. Axial Total Tensile Strain OD (Early Life) | T11: Max. Axial Total Tensile Strain OD (Early Life)
B12: Max. Axial Mechanical Tensile Strain ID (Early Life) | K12: Max. Axial Mechanical Tensile Strain ID (Early Life) | T12: Max. Axial Mechanical Tensile Strain ID (Early Life)
B13: Max. Axial Total Tensile Strain ID (Early Life) | K13: Max. Axial Total Tensile Strain ID (Early Life) | T13: Max. Axial Total Tensile Strain ID (Early Life)
B14: Max. Axial Mechanical Tensile Strain OD (Late Life) | K14: Max. Axial Mechanical Tensile Strain OD (Late Life) | T14: Max. Axial Mechanical Tensile Strain OD (Late Life)
B15: Max. Axial Total Tensile Strain OD (Late Life) | K15: Max. Axial Total Tensile Strain OD (Late Life) | T15: Max. Axial Total Tensile Strain OD (Late Life)
... B17: Max. Axial Total Tensile Strain ID (Late Life) | K17: Max. Axial Total Tensile Strain ID (Late Life) | T17: Max. Axial Total Tensile Strain ID (Late Life)
B18: Longitudinal Stress Range at MidWall, MPa (FCD) | C18: Early Life (1 to 15 yr) | D18: ='BE-HE_P1toP2'!S18 -> 299.77035 | E18: =#REF! -> #REF! | F18: ='BE-BE_P1toP2'!S18 -> 261.71655 | G18: =#REF! -> #REF! | H18: ='HE-BEWalking'!S18 -> 0 | I18: =MAX(D18:H18) -> #REF! | K18: Longitudinal Stress Range at MidWall, MPa (FCD) | L18: Early Life (1 to 15 yr) | M18: ='BE-HE_P1toP2'!AA18 -> 89.859183 | N18: =#REF! -> #REF! | O18: ='BE-BE_P1toP2'!AA18 -> 88.914742 | P18: =#REF! -> #REF! | Q18: ='HE-BEWalking'!AA18 -> 0 | R18: =MAX(M18:Q18) -> #REF! | T18: Longitudinal Stress Range at MidWall, MPa (FCD) | U18: Early Life (1 to 15 yr) | V18: ='BE-HE_P1toP2'!AJ18 -> checked | W18: =#REF! -> #REF! | X18: ='BE-BE_P1toP2'!AJ18 -> checked | Y18: =#REF! -> #REF! | Z18: ='HE-BEWalking'!AJ18 -> 0 | AA18: =MAX(V18:Z18) -> #REF!
C19: Late Life (16 to 25 yr) | D19: ='BE-HE_P1toP2'!S20 -> 283.53533 | E19: =#REF! -> #REF! | F19: ='BE-BE_P1toP2'!S20 -> 254.15587 | G19: =#REF! -> #REF! | H19: ='HE-BEWalking'!S19 -> 0 | I19: =MAX(D19:H19) -> #REF! | L19: Late Life (16 to 25 yr) | M19: ='BE-HE_P1toP2'!AA20 -> 89.033663 | N19: =#REF! -> #REF! | O19: ='BE-BE_P1toP2'!AA20 -> 91.986299 | P19: =#REF! -> #REF! | Q19: ='HE-BEWalking'!AA19 -> 0 | R19: =MAX(M19:Q19) -> #REF! | U19: Late Life (16 to 25 yr) | V19: ='BE-HE_P1toP2'!AJ20 -> checked | W19: =#REF! -> #REF! | X19: ='BE-BE_P1toP2'!AJ20 -> checked | Y19: =#REF! -> #REF! | Z19: ='HE-BEWalking'!AJ19 -> 0 | AA19: =MAX(V19:Z19) -> #REF!
B20: Longitudinal Stress Range at MidWall, MPa (PCD) | C20: Early Life (1 to 15 yr) | D20: ='BE-HE_P1toP2'!S21 -> 105.2953 | E20: =#REF! -> #REF! | F20: ='BE-BE_P1toP2'!S21 -> 97.378145 | G20: =#REF! -> #REF! | H20: ='HE-BEWalking'!S20 -> 0 | I20: =MAX(D20:H20) -> #REF! | K20: Longitudinal Stress Range at MidWall, MPa (PCD) | L20: Early Life (1 to 15 yr) | M20: ='BE-HE_P1toP2'!AA21 -> 51.302266 | N20: =#REF! -> #REF! | O20: ='BE-BE_P1toP2'!AA21 -> 51.302266 | P20: =#REF! -> #REF! | Q20: ='HE-BEWalking'!AA20 -> 0 | R20: =MAX(M20:Q20) -> #REF! | T20: Longitudinal Stress Range at MidWall, MPa (PCD) | U20: Early Life (1 to 15 yr) | V20: ='BE-HE_P1toP2'!AJ21 -> checked | W20: =#REF! -> #REF! | X20: ='BE-BE_P1toP2'!AJ21 -> checked | Y20: =#REF! -> #REF! | Z20: ='HE-BEWalking'!AJ20 -> 0 | AA20: =MAX(V20:Z20) -> #REF!
C21: Late Life (16 to 25 yr) | D21: ='BE-HE_P1toP2'!S23 -> 78.207545 | E21: =#REF! -> #REF! | F21: ='BE-BE_P1toP2'!S23 -> 73.294377 | G21: =#REF! -> #REF! | H21: ='HE-BEWalking'!S21 -> 0 | I21: =MAX(D21:H21) -> #REF! | L21: Late Life (16 to 25 yr) | M21: ='BE-HE_P1toP2'!AA23 -> 39.989037 | N21: =#REF! -> #REF! | O21: ='BE-BE_P1toP2'!AA23 -> 37.475799 | P21: =#REF! -> #REF! | Q21: ='HE-BEWalking'!AA21 -> 0 | R21: =MAX(M21:Q21) -> #REF! | U21: Late Life (16 to 25 yr) | V21: ='BE-HE_P1toP2'!AJ23 -> checked | W21: =#REF! -> #REF! | X21: ='BE-BE_P1toP2'!AJ23 -> checked | Y21: =#REF! -> #REF! | Z21: ='HE-BEWalking'!AJ21 -> 0 | AA21: =MAX(V21:Z21) -> #REF!
B22: Longitudinal Stress Range at MidWall, MPa (Between Hot Oiling) | C22: Early Life (1 to 15 yr) | D22: ='BE-HE_P1toP2'!S24 -> 289.22982 | E22: =#REF! -> #REF! | F22: ='BE-BE_P1toP2'!S24 -> 258.67033 | G22: =#REF! -> #REF! | H22: ='HE-BEWalking'!S22 -> 0 | I22: =MAX(D22:H22) -> #REF! | K22: Longitudinal Stress Range at MidWall, MPa (Between Hot Oiling) | L22: Early Life (1 to 15 yr) | M22: ='BE-HE_P1toP2'!AA24 -> 55.312107 | N22: =#REF! -> #REF! | O22: ='BE-BE_P1toP2'!AA24 -> 60.24304 | P22: =#REF! -> #REF! | Q22: ='HE-BEWalking'!AA22 -> 0 | R22: =MAX(M22:Q22) -> #REF! | T22: Longitudinal Stress Range at MidWall, MPa (Between Hot Oiling) | U22: Early Life (1 to 15 yr) | V22: ='BE-HE_P1toP2'!AJ24 -> checked | W22: =#REF! -> #REF! | X22: ='BE-BE_P1toP2'!AJ24 -> checked | Y22: =#REF! -> #REF! | Z22: ='HE-BEWalking'!AJ22 -> 0 | AA22: =MAX(V22:Z22) -> #REF!
C23: Late Life (16 to 25 yr) | D23: ='BE-HE_P1toP2'!S26 -> 202.9216 | E23: =#REF! -> #REF! | F23: ='BE-BE_P1toP2'!S26 -> 183.16094 | G23: =#REF! -> #REF! | H23: ='HE-BEWalking'!S23 -> 0 | I23: =MAX(D23:H23) -> #REF! | L23: Late Life (16 to 25 yr) | M23: ='BE-HE_P1toP2'!AA26 -> 57.939275 | N23: =#REF! -> #REF! | O23: ='BE-BE_P1toP2'!AA26 -> 58.073277 | P23: =#REF! -> #REF! | Q23: ='HE-BEWalking'!AA23 -> 0 | R23: =MAX(M23:Q23) -> #REF! | U23: Late Life (16 to 25 yr) | V23: ='BE-HE_P1toP2'!AJ26 -> checked | W23: =#REF! -> #REF! | X23: ='BE-BE_P1toP2'!AJ26 -> checked | Y23: =#REF! -> #REF! | Z23: ='HE-BEWalking'!AJ23 -> 0 | AA23: =MAX(V23:Z23) -> #REF!
B24: Longitudinal Stress Range at Midwall (Hydrotest), MPa | D24: ='BE-HE_P1toP2'!S27 -> 257.69429 | E24: =#REF! -> #REF! | F24: ='BE-BE_P1toP2'!S27 -> 276.39056 | G24: =#REF! -> #REF! | H24: ='HE-BEWalking'!S24 -> 0 | I24: =MAX(D24:H24) -> #REF! | K24: Longitudinal Stress Range at Midwall (Hydrotest), MPa | M24: ='BE-HE_P1toP2'!AA27 -> 163.51738 | N24: =#REF! -> #REF! | O24: ='BE-BE_P1toP2'!AA27 -> 178.26163 | P24: =#REF! -> #REF! | Q24: ='HE-BEWalking'!AA24 -> 0 | R24: =MAX(M24:Q24) -> #REF! | T24: Longitudinal Stress Range at Midwall (Hydrotest), MPa | V24: ='BE-HE_P1toP2'!AJ27 -> checked | W24: =#REF! -> #REF! | X24: ='BE-BE_P1toP2'!AJ27 -> checked | Y24: =#REF! -> #REF! | Z24: ='HE-BEWalking'!AJ24 -> 0 | AA24: =MAX(V24:Z24) -> #REF!
B25: Longitudinal Stress Range at Cap, MPa (FCD) | C25: Early Life (1 to 15 yr) | D25: ='BE-HE_P1toP2'!S28 -> 340.02336 | E25: =#REF! -> #REF! | F25: ='BE-BE_P1toP2'!S28 -> 296.52793 | G25: =#REF! -> #REF! | H25: ='HE-BEWalking'!S25 -> 0 | I25: =MAX(D25:H25) -> #REF! | K25: Longitudinal Stress Range at Cap, MPa (FCD) | L25: Early Life (1 to 15 yr) | M25: ='BE-HE_P1toP2'!AA28 -> 95.097222 | N25: =#REF! -> #REF! | O25: ='BE-BE_P1toP2'!AA28 -> 94.772788 | P25: =#REF! -> #REF! | Q25: ='HE-BEWalking'!AA25 -> 0 | R25: =MAX(M25:Q25) -> #REF! | T25: Longitudinal Stress Range at Cap, MPa (FCD) | U25: Early Life (1 to 15 yr) | V25: ='BE-HE_P1toP2'!AJ28 -> checked | W25: =#REF! -> #REF! | X25: ='BE-BE_P1toP2'!AJ28 -> checked | Y25: =#REF! -> #REF! | Z25: ='HE-BEWalking'!AJ25 -> 0 | AA25: =MAX(V25:Z25) -> #REF!
C26: Late Life (16 to 25 yr) | D26: ='BE-HE_P1toP2'!S30 -> 319.7753 | E26: =#REF! -> #REF! | F26: ='BE-BE_P1toP2'!S30 -> 286.159 | G26: =#REF! -> #REF! | H26: ='HE-BEWalking'!S26 -> 0 | I26: =MAX(D26:H26) -> #REF! | L26: Late Life (16 to 25 yr) | M26: ='BE-HE_P1toP2'!AA30 -> 94.91858 | N26: =#REF! -> #REF! | O26: ='BE-BE_P1toP2'!AA30 -> 97.978837 | P26: =#REF! -> #REF! | Q26: ='HE-BEWalking'!AA26 -> 0 | R26: =MAX(M26:Q26) -> #REF! | U26: Late Life (16 to 25 yr) | V26: ='BE-HE_P1toP2'!AJ30 -> checked | W26: =#REF! -> #REF! | X26: ='BE-BE_P1toP2'!AJ30 -> checked | Y26: =#REF! -> #REF! | Z26: ='HE-BEWalking'!AJ26 -> 0 | AA26: =MAX(V26:Z26) -> #REF!
B27: Longitudinal Stress Range at Cap, MPa (PCD) | C27: Early Life (1 to 15 yr) | D27: ='BE-HE_P1toP2'!S31 -> 119.14016 | E27: =#REF! -> #REF! | F27: ='BE-BE_P1toP2'!S31 -> 110.47703 | G27: =#REF! -> #REF! | H27: ='HE-BEWalking'!S27 -> 0 | I27: =MAX(D27:H27) -> #REF! | K27: Longitudinal Stress Range at Cap, MPa (PCD) | L27: Early Life (1 to 15 yr) | M27: ='BE-HE_P1toP2'!AA31 -> 47.79955 | N27: =#REF! -> #REF! | O27: ='BE-BE_P1toP2'!AA31 -> 54.804983 | P27: =#REF! -> #REF! | Q27: ='HE-BEWalking'!AA27 -> 0 | R27: =MAX(M27:Q27) -> #REF! | T27: Longitudinal Stress Range at Cap, MPa (PCD) | U27: Early Life (1 to 15 yr) | V27: ='BE-HE_P1toP2'!AJ31 -> checked | W27: =#REF! -> #REF! | X27: ='BE-BE_P1toP2'!AJ31 -> checked | Y27: =#REF! -> #REF! | Z27: ='HE-BEWalking'!AJ27 -> 0 | AA27: =MAX(V27:Z27) -> #REF!
C28: Late Life (16 to 25 yr) | D28: ='BE-HE_P1toP2'!S33 -> 88.280386 | E28: =#REF! -> #REF! | F28: ='BE-BE_P1toP2'!S33 -> 82.733174 | G28: =#REF! -> #REF! | H28: ='HE-BEWalking'!S28 -> 0 | I28: =MAX(D28:H28) -> #REF! | L28: Late Life (16 to 25 yr) | M28: ='BE-HE_P1toP2'!AA33 -> 44.375135 | N28: =#REF! -> #REF! | O28: ='BE-BE_P1toP2'!AA33 -> 40.12554 | P28: =#REF! -> #REF! | Q28: ='HE-BEWalking'!AA28 -> 0 | R28: =MAX(M28:Q28) -> #REF! | U28: Late Life (16 to 25 yr) | V28: ='BE-HE_P1toP2'!AJ33 -> checked | W28: =#REF! -> #REF! | X28: ='BE-BE_P1toP2'!AJ33 -> checked | Y28: =#REF! -> #REF! | Z28: ='HE-BEWalking'!AJ28 -> 0 | AA28: =MAX(V28:Z28) -> #REF!
B29: Longitudinal Stress Range at Cap, MPa (Between Hot Oiling) | C29: Early Life (1 to 15 yr) | D29: ='BE-HE_P1toP2'!S34 -> 323.63665 | E29: =#REF! -> #REF! | F29: ='BE-BE_P1toP2'!S34 -> 288.88319 | G29: =#REF! -> #REF! | H29: ='HE-BEWalking'!S29 -> 0 | I29: =MAX(D29:H29) -> #REF! | K29: Longitudinal Stress Range at Cap, MPa (Between Hot Oiling) | L29: Early Life (1 to 15 yr) | M29: ='BE-HE_P1toP2'!AA34 -> 65.173966 | N29: =#REF! -> #REF! | O29: ='BE-BE_P1toP2'!AA34 -> 65.173966 | P29: =#REF! -> #REF! | Q29: ='HE-BEWalking'!AA29 -> 0 | R29: =MAX(M29:Q29) -> #REF! | T29: Longitudinal Stress Range at Cap, MPa (Between Hot Oiling) | U29: Early Life (1 to 15 yr) | V29: ='BE-HE_P1toP2'!AJ34 -> checked | W29: =#REF! -> #REF! | X29: ='BE-BE_P1toP2'!AJ34 -> checked | Y29: =#REF! -> #REF! | Z29: ='HE-BEWalking'!AJ29 -> 0 | AA29: =MAX(V29:Z29) -> #REF!
C30: Late Life (16 to 25 yr) | D30: ='BE-HE_P1toP2'!S36 -> 226.45411 | E30: =#REF! -> #REF! | F30: ='BE-BE_P1toP2'!S36 -> 204.00387 | G30: =#REF! -> #REF! | H30: ='HE-BEWalking'!S30 -> 0 | I30: =MAX(D30:H30) -> #REF! | L30: Late Life (16 to 25 yr) | M30: ='BE-HE_P1toP2'!AA36 -> 63.018538 | N30: =#REF! -> #REF! | O30: ='BE-BE_P1toP2'!AA36 -> 63.119157 | P30: =#REF! -> #REF! | Q30: ='HE-BEWalking'!AA30 -> 0 | R30: =MAX(M30:Q30) -> #REF! | U30: Late Life (16 to 25 yr) | V30: ='BE-HE_P1toP2'!AJ36 -> checked | W30: =#REF! -> #REF! | X30: ='BE-BE_P1toP2'!AJ36 -> checked | Y30: =#REF! -> #REF! | Z30: ='HE-BEWalking'!AJ30 -> 0 | AA30: =MAX(V30:Z30) -> #REF!
B31: Longitudinal Stress Range at CAP (Hydrotest), MPa | D31: ='BE-HE_P1toP2'!S37 -> 277.22238 | E31: =#REF! -> #REF! | F31: ='BE-BE_P1toP2'!S37 -> 296.29962 | G31: =#REF! -> #REF! | H31: ='HE-BEWalking'!S31 -> 0 | I31: =MAX(D31:H31) -> #REF! | K31: Longitudinal Stress Range at CAP (Hydrotest), MPa | M31: ='BE-HE_P1toP2'!AA37 -> 172.1276 | N31: =#REF! -> #REF! | O31: ='BE-BE_P1toP2'!AA37 -> 186.89988 | P31: =#REF! -> #REF! | Q31: ='HE-BEWalking'!AA31 -> 0 | R31: =MAX(M31:Q31) -> #REF! | T31: Longitudinal Stress Range at CAP (Hydrotest), MPa | V31: ='BE-HE_P1toP2'!AJ37 -> checked | W31: =#REF! -> #REF! | X31: ='BE-BE_P1toP2'!AJ37 -> checked | Y31: =#REF! -> #REF! | Z31: ='HE-BEWalking'!AJ31 -> 0 | AA31: =MAX(V31:Z31) -> #REF!
B34: Strain and Stress Ranges | D34: BE-HE | E34: LE-BE | F34: BE-BE | G34: HE-BE | H34: HE-BEWalking | I34: Input for ECA | K34: Strain and Stress Ranges | M34: BE-HE | N34: LE-BE | O34: BE-BE | P34: HE-BE | Q34: HE-BEWalking | R34: Input for ECA | T34: Strain and Stress Ranges | V34: BE-HE | W34: LE-BE | X34: BE-BE | Y34: HE-BE | Z34: HE-BEWalking | AA34: Input for ECA
A35: 12in | B35: Max. Axial Mechanical Tensile Strain OD (Hydrotest) | J35: 12in | K35: Max. Axial Mechanical Tensile Strain OD (Hydrotest) | S35: 12in | T35: Max. Axial Mechanical Tensile Strain OD (Hydrotest)
A36: Sleeper | B36: Max. Axial Total Tensile Strain OD (Hydrotest) | J36: Structure | K36: Max. Axial Total Tensile Strain OD (Hydrotest) | S36: Other | T36: Max. Axial Total Tensile Strain OD (Hydrotest)
B37: Max. Axial Mechanical Tensile Strain ID (Hydrotest) | K37: Max. Axial Mechanical Tensile Strain ID (Hydrotest) | T37: Max. Axial Mechanical Tensile Strain ID (Hydrotest)
B38: Max. Axial Total Tensile Strain ID (Hydrotest) | K38: Max. Axial Total Tensile Strain ID (Hydrotest) | T38: Max. Axial Total Tensile Strain ID (Hydrotest)
B39: Max. Axial Mechanical Tensile Strain OD (Design) | K39: Max. Axial Mechanical Tensile Strain OD (Design) | T39: Max. Axial Mechanical Tensile Strain OD (Design)
B40: Max. Axial Total Tensile Strain OD (Design) | K40: Max. Axial Total Tensile Strain OD (Design) | T40: Max. Axial Total Tensile Strain OD (Design)
B41: Max. Axial Mechanical Tensile Strain ID (Design) | K41: Max. Axial Mechanical Tensile Strain ID (Design) | T41: Max. Axial Mechanical Tensile Strain ID (Design)
B42: Max. Axial Total Tensile Strain ID (Design) | K42: Max. Axial Total Tensile Strain ID (Design) | T42: Max. Axial Total Tensile Strain ID (Design)
B43: Max. Axial Mechanical Tensile Strain OD (Early Life) | K43: Max. Axial Mechanical Tensile Strain OD (Early Life) | T43: Max. Axial Mechanical Tensile Strain OD (Early Life)
B44: Max. Axial Total Tensile Strain OD (Early Life) | K44: Max. Axial Total Tensile Strain OD (Early Life) | T44: Max. Axial Total Tensile Strain OD (Early Life)
B45: Max. Axial Mechanical Tensile Strain ID (Early Life) | K45: Max. Axial Mechanical Tensile Strain ID (Early Life) | T45: Max. Axial Mechanical Tensile Strain ID (Early Life)
B46: Max. Axial Total Tensile Strain ID (Early Life) | K46: Max. Axial Total Tensile Strain ID (Early Life) | T46: Max. Axial Total Tensile Strain ID (Early Life)
B47: Max. Axial Mechanical Tensile Strain OD (Late Life) | K47: Max. Axial Mechanical Tensile Strain OD (Late Life) | T47: Max. Axial Mechanical Tensile Strain OD (Late Life)
B48: Max. Axial Total Tensile Strain OD (Late Life) | K48: Max. Axial Total Tensile Strain OD (Late Life) | T48: Max. Axial Total Tensile Strain OD (Late Life)
... B50: Max. Axial Total Tensile Strain ID (Late Life) | K50: Max. Axial Total Tensile Strain ID (Late Life) | T50: Max. Axial Total Tensile Strain ID (Late Life)
B51: Longitudinal Stress Range at MidWall, MPa (FCD) | C51: Early Life (1 to 15 yr) | D51: ='BE-HE_P1toP2'!S57 -> 314.57235 | E51: =#REF! -> #REF! | F51: ='BE-BE_P1toP2'!S57 -> 271.87664 | G51: =#REF! -> #REF! | H51: ='HE-BEWalking'!S51 -> 0 | I51: =MAX(D51:H51) -> #REF! | K51: Longitudinal Stress Range at MidWall, MPa (FCD) | L51: Early Life (1 to 15 yr) | M51: ='BE-HE_P1toP2'!AA57 -> 64.582874 | N51: =#REF! -> #REF! | O51: ='BE-BE_P1toP2'!AA57 -> 65.88089 | P51: =#REF! -> #REF! | Q51: ='HE-BEWalking'!AA51 -> 0 | R51: =MAX(M51:Q51) -> #REF! | T51: Longitudinal Stress Range at MidWall, MPa (FCD) | U51: Early Life (1 to 15 yr) | V51: ='BE-HE_P1toP2'!AJ57 -> checked | W51: =#REF! -> #REF! | X51: ='BE-BE_P1toP2'!AJ57 -> checked | Y51: =#REF! -> #REF! | Z51: ='HE-BEWalking'!AJ51 -> 0 | AA51: =MAX(V51:Z51) -> #REF!
C52: Late Life (16 to 25 yr) | D52: ='BE-HE_P1toP2'!S59 -> 285.5156 | E52: =#REF! -> #REF! | F52: ='BE-BE_P1toP2'!S59 -> 254.02346 | G52: =#REF! -> #REF! | H52: ='HE-BEWalking'!S52 -> 0 | I52: =MAX(D52:H52) -> #REF! | L52: Late Life (16 to 25 yr) | M52: ='BE-HE_P1toP2'!AA59 -> 65.952314 | N52: =#REF! -> #REF! | O52: ='BE-BE_P1toP2'!AA59 -> 68.667107 | P52: =#REF! -> #REF! | Q52: ='HE-BEWalking'!AA52 -> 0 | R52: =MAX(M52:Q52) -> #REF! | U52: Late Life (16 to 25 yr) | V52: ='BE-HE_P1toP2'!AJ59 -> checked | W52: =#REF! -> #REF! | X52: ='BE-BE_P1toP2'!AJ59 -> checked | Y52: =#REF! -> #REF! | Z52: ='HE-BEWalking'!AJ52 -> 0 | AA52: =MAX(V52:Z52) -> #REF!
B53: Longitudinal Stress Range at MidWall, MPa (PCD) | C53: Early Life (1 to 15 yr) | D53: ='BE-HE_P1toP2'!S60 -> 89.659636 | E53: =#REF! -> #REF! | F53: ='BE-BE_P1toP2'!S60 -> 58.223895 | G53: =#REF! -> #REF! | H53: ='HE-BEWalking'!S53 -> 0 | I53: =MAX(D53:H53) -> #REF! | K53: Longitudinal Stress Range at MidWall, MPa (PCD) | L53: Early Life (1 to 15 yr) | M53: ='BE-HE_P1toP2'!AA60 -> 44.131693 | N53: =#REF! -> #REF! | O53: ='BE-BE_P1toP2'!AA60 -> 44.131693 | P53: =#REF! -> #REF! | Q53: ='HE-BEWalking'!AA53 -> 0 | R53: =MAX(M53:Q53) -> #REF! | T53: Longitudinal Stress Range at MidWall, MPa (PCD) | U53: Early Life (1 to 15 yr) | V53: ='BE-HE_P1toP2'!AJ60 -> checked | W53: =#REF! -> #REF! | X53: ='BE-BE_P1toP2'!AJ60 -> checked | Y53: =#REF! -> #REF! | Z53: ='HE-BEWalking'!AJ53 -> 0 | AA53: =MAX(V53:Z53) -> #REF!
C54: Late Life (16 to 25 yr) | D54: ='BE-HE_P1toP2'!S62 -> 56.018321 | E54: =#REF! -> #REF! | F54: ='BE-BE_P1toP2'!S62 -> 55.157904 | G54: =#REF! -> #REF! | H54: ='HE-BEWalking'!S54 -> 0 | I54: =MAX(D54:H54) -> #REF! | L54: Late Life (16 to 25 yr) | M54: ='BE-HE_P1toP2'!AA62 -> 42.433754 | N54: =#REF! -> #REF! | O54: ='BE-BE_P1toP2'!AA62 -> 42.433754 | P54: =#REF! -> #REF! | Q54: ='HE-BEWalking'!AA54 -> 0 | R54: =MAX(M54:Q54) -> #REF! | U54: Late Life (16 to 25 yr) | V54: ='BE-HE_P1toP2'!AJ62 -> checked | W54: =#REF! -> #REF! | X54: ='BE-BE_P1toP2'!AJ62 -> checked | Y54: =#REF! -> #REF! | Z54: ='HE-BEWalking'!AJ54 -> 0 | AA54: =MAX(V54:Z54) -> #REF!
B55: Longitudinal Stress Range at MidWall, MPa (Between Hot Oiling) | C55: Early Life (1 to 15 yr) | D55: ='BE-HE_P1toP2'!S63 -> 231.69429 | E55: =#REF! -> #REF! | F55: ='BE-BE_P1toP2'!S63 -> 211.88928 | G55: =#REF! -> #REF! | H55: ='HE-BEWalking'!S55 -> 0 | I55: =MAX(D55:H55) -> #REF! | K55: Longitudinal Stress Range at MidWall, MPa (Between Hot Oiling) | L55: Early Life (1 to 15 yr) | M55: ='BE-HE_P1toP2'!AA63 -> 46.188218 | N55: =#REF! -> #REF! | O55: ='BE-BE_P1toP2'!AA63 -> 46.188218 | P55: =#REF! -> #REF! | Q55: ='HE-BEWalking'!AA55 -> 0 | R55: =MAX(M55:Q55) -> #REF! | T55: Longitudinal Stress Range at MidWall, MPa (Between Hot Oiling) | U55: Early Life (1 to 15 yr) | V55: ='BE-HE_P1toP2'!AJ63 -> checked | W55: =#REF! -> #REF! | X55: ='BE-BE_P1toP2'!AJ63 -> checked | Y55: =#REF! -> #REF! | Z55: ='HE-BEWalking'!AJ55 -> 0 | AA55: =MAX(V55:Z55) -> #REF!
C56: Late Life (16 to 25 yr) | D56: ='BE-HE_P1toP2'!S65 -> 239.49924 | E56: =#REF! -> #REF! | F56: ='BE-BE_P1toP2'!S65 -> 219.00961 | G56: =#REF! -> #REF! | H56: ='HE-BEWalking'!S56 -> 0 | I56: =MAX(D56:H56) -> #REF! | L56: Late Life (16 to 25 yr) | M56: ='BE-HE_P1toP2'!AA65 -> 48.944767 | N56: =#REF! -> #REF! | O56: ='BE-BE_P1toP2'!AA65 -> 48.944767 | P56: =#REF! -> #REF! | Q56: ='HE-BEWalking'!AA56 -> 0 | R56: =MAX(M56:Q56) -> #REF! | U56: Late Life (16 to 25 yr) | V56: ='BE-HE_P1toP2'!AJ65 -> checked | W56: =#REF! -> #REF! | X56: ='BE-BE_P1toP2'!AJ65 -> checked | Y56: =#REF! -> #REF! | Z56: ='HE-BEWalking'!AJ56 -> 0 | AA56: =MAX(V56:Z56) -> #REF!
B57: Longitudinal Stress Range at Midwall (Hydrotest), MPa | D57: ='BE-HE_P1toP2'!S66 -> 295.08974 | E57: =#REF! -> #REF! | F57: ='BE-BE_P1toP2'!S66 -> 315.79849 | G57: =#REF! -> #REF! | H57: ='HE-BEWalking'!S57 -> 0 | I57: =MAX(D57:H57) -> #REF! | K57: Longitudinal Stress Range at Midwall (Hydrotest), MPa | M57: ='BE-HE_P1toP2'!AA66 -> 189.05129 | N57: =#REF! -> #REF! | O57: ='BE-BE_P1toP2'!AA66 -> 205.16565 | P57: =#REF! -> #REF! | Q57: ='HE-BEWalking'!AA57 -> 0 | R57: =MAX(M57:Q57) -> #REF! | T57: Longitudinal Stress Range at Midwall (Hydrotest), MPa | V57: ='BE-HE_P1toP2'!AJ66 -> checked | W57: =#REF! -> #REF! | X57: ='BE-BE_P1toP2'!AJ66 -> checked | Y57: =#REF! -> #REF! | Z57: ='HE-BEWalking'!AJ57 -> 0 | AA57: =MAX(V57:Z57) -> #REF!
B58: Longitudinal Stress Range at Cap, MPa (FCD) | C58: Early Life (1 to 15 yr) | D58: ='BE-HE_P1toP2'!S67 -> 352.6407 | E58: =#REF! -> #REF! | F58: ='BE-BE_P1toP2'!S67 -> 305.09145 | G58: =#REF! -> #REF! | H58: ='HE-BEWalking'!S58 -> 0 | I58: =MAX(D58:H58) -> #REF! | K58: Longitudinal Stress Range at Cap, MPa (FCD) | L58: Early Life (1 to 15 yr) | M58: ='BE-HE_P1toP2'!AA67 -> 67.295066 | N58: =#REF! -> #REF! | O58: ='BE-BE_P1toP2'!AA67 -> 68.625295 | P58: =#REF! -> #REF! | Q58: ='HE-BEWalking'!AA58 -> 0 | R58: =MAX(M58:Q58) -> #REF! | T58: Longitudinal Stress Range at Cap, MPa (FCD) | U58: Early Life (1 to 15 yr) | V58: ='BE-HE_P1toP2'!AJ67 -> checked | W58: =#REF! -> #REF! | X58: ='BE-BE_P1toP2'!AJ67 -> checked | Y58: =#REF! -> #REF! | Z58: ='HE-BEWalking'!AJ58 -> 0 | AA58: =MAX(V58:Z58) -> #REF!
C59: Late Life (16 to 25 yr) | D59: ='BE-HE_P1toP2'!S69 -> 320.00553 | E59: =#REF! -> #REF! | F59: ='BE-BE_P1toP2'!S69 -> 284.74447 | G59: =#REF! -> #REF! | H59: ='HE-BEWalking'!S59 -> 0 | I59: =MAX(D59:H59) -> #REF! | L59: Late Life (16 to 25 yr) | M59: ='BE-HE_P1toP2'!AA69 -> 68.717053 | N59: =#REF! -> #REF! | O59: ='BE-BE_P1toP2'!AA69 -> 71.509204 | P59: =#REF! -> #REF! | Q59: ='HE-BEWalking'!AA59 -> 0 | R59: =MAX(M59:Q59) -> #REF! | U59: Late Life (16 to 25 yr) | V59: ='BE-HE_P1toP2'!AJ69 -> checked | W59: =#REF! -> #REF! | X59: ='BE-BE_P1toP2'!AJ69 -> checked | Y59: =#REF! -> #REF! | Z59: ='HE-BEWalking'!AJ59 -> 0 | AA59: =MAX(V59:Z59) -> #REF!
B60: Longitudinal Stress Range at Cap, MPa (PCD) | C60: Early Life (1 to 15 yr) | D60: ='BE-HE_P1toP2'!S70 -> 100.76499 | E60: =#REF! -> #REF! | F60: ='BE-BE_P1toP2'!S70 -> 65.385111 | G60: =#REF! -> #REF! | H60: ='HE-BEWalking'!S60 -> 0 | I60: =MAX(D60:H60) -> #REF! | K60: Longitudinal Stress Range at Cap, MPa (PCD) | L60: Early Life (1 to 15 yr) | M60: ='BE-HE_P1toP2'!AA70 -> 41.404106 | N60: =#REF! -> #REF! | O60: ='BE-BE_P1toP2'!AA70 -> 46.859267 | P60: =#REF! -> #REF! | Q60: ='HE-BEWalking'!AA60 -> 0 | R60: =MAX(M60:Q60) -> #REF! | T60: Longitudinal Stress Range at Cap, MPa (PCD) | U60: Early Life (1 to 15 yr) | V60: ='BE-HE_P1toP2'!AJ70 -> checked | W60: =#REF! -> #REF! | X60: ='BE-BE_P1toP2'!AJ70 -> checked | Y60: =#REF! -> #REF! | Z60: ='HE-BEWalking'!AJ60 -> 0 | AA60: =MAX(V60:Z60) -> #REF!
C61: Late Life (16 to 25 yr) | D61: ='BE-HE_P1toP2'!S72 -> 62.461449 | E61: =#REF! -> #REF! | F61: ='BE-BE_P1toP2'!S72 -> 61.534246 | G61: =#REF! -> #REF! | H61: ='HE-BEWalking'!S61 -> 0 | I61: =MAX(D61:H61) -> #REF! | L61: Late Life (16 to 25 yr) | M61: ='BE-HE_P1toP2'!AA72 -> 45.169623 | N61: =#REF! -> #REF! | O61: ='BE-BE_P1toP2'!AA72 -> 45.169623 | P61: =#REF! -> #REF! | Q61: ='HE-BEWalking'!AA61 -> 0 | R61: =MAX(M61:Q61) -> #REF! | U61: Late Life (16 to 25 yr) | V61: ='BE-HE_P1toP2'!AJ72 -> checked | W61: =#REF! -> #REF! | X61: ='BE-BE_P1toP2'!AJ72 -> checked | Y61: =#REF! -> #REF! | Z61: ='HE-BEWalking'!AJ61 -> 0 | AA61: =MAX(V61:Z61) -> #REF!
B62: Longitudinal Stress Range at Cap, MPa (Between Hot Oiling) | C62: Early Life (1 to 15 yr) | D62: ='BE-HE_P1toP2'!S73 -> 259.53384 | E62: =#REF! -> #REF! | F62: ='BE-BE_P1toP2'!S73 -> 237.38952 | G62: =#REF! -> #REF! | H62: ='HE-BEWalking'!S62 -> 0 | I62: =MAX(D62:H62) -> #REF! | K62: Longitudinal Stress Range at Cap, MPa (Between Hot Oiling) | L62: Early Life (1 to 15 yr) | M62: ='BE-HE_P1toP2'!AA73 -> 42.480166 | N62: =#REF! -> #REF! | O62: ='BE-BE_P1toP2'!AA73 -> 49.896266 | P62: =#REF! -> #REF! | Q62: ='HE-BEWalking'!AA62 -> 0 | R62: =MAX(M62:Q62) -> #REF! | T62: Longitudinal Stress Range at Cap, MPa (Between Hot Oiling) | U62: Early Life (1 to 15 yr) | V62: ='BE-HE_P1toP2'!AJ73 -> checked | W62: =#REF! -> #REF! | X62: ='BE-BE_P1toP2'!AJ73 -> checked | Y62: =#REF! -> #REF! | Z62: ='HE-BEWalking'!AJ62 -> 0 | AA62: =MAX(V62:Z62) -> #REF!
C63: Late Life (16 to 25 yr) | D63: ='BE-HE_P1toP2'!S75 -> 268.51449 | E63: =#REF! -> #REF! | F63: ='BE-BE_P1toP2'!S75 -> 245.64448 | G63: =#REF! -> #REF! | H63: ='HE-BEWalking'!S63 -> 0 | I63: =MAX(D63:H63) -> #REF! | L63: Late Life (16 to 25 yr) | M63: ='BE-HE_P1toP2'!AA75 -> 52.716441 | N63: =#REF! -> #REF! | O63: ='BE-BE_P1toP2'!AA75 -> 52.716441 | P63: =#REF! -> #REF! | Q63: ='HE-BEWalking'!AA63 -> 0 | R63: =MAX(M63:Q63) -> #REF! | U63: Late Life (16 to 25 yr) | V63: ='BE-HE_P1toP2'!AJ75 -> checked | W63: =#REF! -> #REF! | X63: ='BE-BE_P1toP2'!AJ75 -> checked | Y63: =#REF! -> #REF! | Z63: ='HE-BEWalking'!AJ63 -> 0 | AA63: =MAX(V63:Z63) -> #REF!
B64: Longitudinal Stress Range at CAP (Hydrotest), MPa | D64: ='BE-HE_P1toP2'!S76 -> 315.70314 | E64: =#REF! -> #REF! | F64: ='BE-BE_P1toP2'!S76 -> 336.80647 | G64: =#REF! -> #REF! | H64: ='HE-BEWalking'!S64 -> 0 | I64: =MAX(D64:H64) -> #REF! | K64: Longitudinal Stress Range at CAP (Hydrotest), MPa | M64: ='BE-HE_P1toP2'!AA76 -> 198.49409 | N64: =#REF! -> #REF! | O64: ='BE-BE_P1toP2'!AA76 -> 214.39874 | P64: =#REF! -> #REF! | Q64: ='HE-BEWalking'!AA64 -> 0 | R64: =MAX(M64:Q64) -> #REF! | T64: Longitudinal Stress Range at CAP (Hydrotest), MPa | V64: ='BE-HE_P1toP2'!AJ76 -> checked | W64: =#REF! -> #REF! | X64: ='BE-BE_P1toP2'!AJ76 -> checked | Y64: =#REF! -> #REF! | Z64: ='HE-BEWalking'!AJ64 -> 0 | AA64: =MAX(V64:Z64) -> #REF!
